-- phpMyAdmin SQL Dump
-- version 4.7.4
-- https://www.phpmyadmin.net/
--
-- 主機: localhost
-- 產生時間： 2018 年 04 月 18 日 14:18
-- 伺服器版本: 10.0.34-MariaDB-0ubuntu0.16.04.1
-- PHP 版本： 7.0.28-0ubuntu0.16.04.1

SET SQL_MODE = "NO_AUTO_VALUE_ON_ZERO";
SET AUTOCOMMIT = 0;
START TRANSACTION;
SET time_zone = "+00:00";


/*!40101 SET @OLD_CHARACTER_SET_CLIENT=@@CHARACTER_SET_CLIENT */;
/*!40101 SET @OLD_CHARACTER_SET_RESULTS=@@CHARACTER_SET_RESULTS */;
/*!40101 SET @OLD_COLLATION_CONNECTION=@@COLLATION_CONNECTION */;
/*!40101 SET NAMES utf8mb4 */;

--
-- 資料庫： `national_education_radio`
--

-- --------------------------------------------------------

--
-- 資料表結構 `audio`
--

CREATE TABLE `audio` (
  `audio_id` int(11) NOT NULL,
  `audio_name` varchar(64) DEFAULT NULL,
  `audio_channel` int(11) DEFAULT NULL,
  `audio_file` varchar(255) DEFAULT NULL,
  `audio_question` text,
  `keyword` text CHARACTER SET utf8 COLLATE utf8_unicode_ci,
  `raw_keyword` text,
  `similar_audio` text
) ENGINE=InnoDB DEFAULT CHARSET=utf8;

--
-- 資料表的匯出資料 `audio`
--

INSERT INTO `audio` (`audio_id`, `audio_name`, `audio_channel`, `audio_file`, `audio_question`, `keyword`, `raw_keyword`, `similar_audio`) VALUES
(5, '音檔一', 12, '2If_I_Had_a_Chicken.mp3', '[{\"type\": \"single\", \"options\": [{\"id\": 1, \"label\": \"\\u76f8\\u601d\\u6a39\"}, {\"id\": 2, \"label\": \"\\u68d5\\u6ada\\u6a39\"}, {\"id\": 3, \"label\": \"\\u6a61\\u81a0\\u6a39\"}, {\"id\": 4, \"label\": \"\\u6930\\u5b50\\u6a39\"}], \"id\": 1, \"start\": \"0\", \"end\": \"5\", \"answer\": [2], \"content\": \"\\u6771\\u5357\\u4e9e\\u570b\\u5bb6\\u5e38\\u898b\\u780d\\u4f10\\u68ee\\u6797\\u6216\\u711a\\u6797\\uff0c\\u4e3b\\u8981\\u662f\\u70ba\\u4e86\\u7a2e\\u690d\\u54ea\\u4e00\\u7a2e\\u7d93\\u6fdf\\u4f5c\\u7269\\uff1f\"}, {\"type\": \"single\", \"options\": [{\"id\": 5, \"label\": \"\\u89c0\\u8cde\\u661f\\u7a7a\"}, {\"id\": 6, \"label\": \"\\u96ea\\u5730\\u98a8\\u60c5\"}, {\"id\": 7, \"label\": \"\\u770b\\u5357\\u6975\\u7279\\u6709\\u52d5\\u7269\"}, {\"id\": 8, \"label\": \"\\u6975\\u5149\\u7f8e\\u666f\"}], \"id\": 2, \"start\": \"6\", \"end\": \"9\", \"answer\": [8], \"content\": \"\\u674e\\u5947\\u82f1\\u6559\\u6388\\u8ac7\\u5230\\u5357\\u6975\\u7814\\u7a76\\u6700\\u5927\\u7684\\u6536\\u7a6b\\u9664\\u4e86\\u505a\\u7814\\u7a76\\u5916\\uff0c\\u6700\\u68d2\\u7684\\u4e8b\\u60c5\\u662f\\uff1f\"}, {\"type\": \"single\", \"options\": [{\"id\": 9, \"label\": \"\\u53f0\\u7063\\u9ed1\\u718a\"}, {\"id\": 10, \"label\": \"\\u9ad8\\u5c71\\u767d\\u8179\\u9f20\"}, {\"id\": 11, \"label\": \"\\u9ec3\\u5589\\u8c82\"}, {\"id\": 12, \"label\": \"\\u68d5\\u80cc\\u4f2f\\u52de\"}], \"id\": 3, \"start\": \"10\", \"end\": \"20\", \"answer\": [11], \"content\": \"\\u672c\\u96c6\\u300c\\u53f0\\u7063 special\\u300d\\u4ecb\\u7d39\\u7684\\u53f0\\u7063\\u7279\\u6709\\u7a2e\\u52d5\\u7269\\u662f\\u4ec0\\u9ebc\\uff1f\"}]', 'a,a', 'a,a', '[{\"6\": 0}, {\"7\": 0}, {\"9\": 0}, {\"10\": 0}, {\"12\": 2}, {\"13\": 0}, {\"15\": 0}, {\"16\": 0}, {\"17\": 0}, {\"18\": 0}, {\"19\": 0}, {\"20\": 0}]'),
(6, '音檔二', 12, 'MIf_I_Had_a_Chicken.mp3', '[{\"end\": \"5\", \"answer\": [2], \"id\": 1, \"start\": \"0\", \"type\": \"single\", \"options\": [{\"label\": \"2\", \"id\": 1}, {\"label\": \"3\", \"id\": 2}, {\"label\": \"4\", \"id\": 3}, {\"label\": \"5\", \"id\": 4}], \"content\": \"1+2=?\"}, {\"end\": \"9\", \"answer\": [7], \"id\": 2, \"start\": \"6\", \"type\": \"single\", \"options\": [{\"label\": \"2\", \"id\": 5}, {\"label\": \"3\", \"id\": 6}, {\"label\": \"4\", \"id\": 7}, {\"label\": \"5\", \"id\": 8}], \"content\": \"1+3=?\"}, {\"end\": \"20\", \"answer\": [12], \"id\": 3, \"start\": \"10\", \"type\": \"single\", \"options\": [{\"label\": \"2\", \"id\": 9}, {\"label\": \"3\", \"id\": 10}, {\"label\": \"4\", \"id\": 11}, {\"label\": \"5\", \"id\": 12}], \"content\": \"1+4=?\"}]', 'b,b', 'b,b', '[{\"5\": 0}, {\"7\": 0}, {\"9\": 0}, {\"10\": 0}, {\"12\": 0}, {\"13\": 0}, {\"15\": 0}, {\"16\": 0}, {\"17\": 0}, {\"18\": 0}, {\"19\": 0}, {\"20\": 0}]'),
(7, '音檔三', 12, 'SIf_I_Had_a_Chicken.mp3', '[{\"content\": \"1+2=?\", \"type\": \"single\", \"answer\": [2], \"options\": [{\"id\": 1, \"label\": \"2\"}, {\"id\": 2, \"label\": \"3\"}, {\"id\": 3, \"label\": \"4\"}, {\"id\": 4, \"label\": \"5\"}], \"id\": 1, \"start\": \"0\", \"end\": \"5\"}, {\"content\": \"1+3=?\", \"type\": \"single\", \"answer\": [7], \"options\": [{\"id\": 5, \"label\": \"2\"}, {\"id\": 6, \"label\": \"3\"}, {\"id\": 7, \"label\": \"4\"}, {\"id\": 8, \"label\": \"5\"}], \"id\": 2, \"start\": \"6\", \"end\": \"9\"}, {\"content\": \"1+4=?\", \"type\": \"single\", \"answer\": [12], \"options\": [{\"id\": 9, \"label\": \"2\"}, {\"id\": 10, \"label\": \"3\"}, {\"id\": 11, \"label\": \"4\"}, {\"id\": 12, \"label\": \"5\"}], \"id\": 3, \"start\": \"10\", \"end\": \"20\"}]', 'c,c', 'c,c', '[{\"5\": 0}, {\"6\": 0}, {\"9\": 0}, {\"10\": 0}, {\"12\": 0}, {\"13\": 0}, {\"15\": 0}, {\"16\": 0}, {\"17\": 0}, {\"18\": 0}, {\"19\": 0}, {\"20\": 0}]'),
(9, '105_0314', 17, 'Gwav', '[{\"end\": \"5\", \"type\": \"single\", \"options\": [{\"id\": 1, \"label\": \"\\u76f8\\u601d\\u6a39\"}, {\"id\": 2, \"label\": \"\\u68d5\\u6ada\\u6a39\"}, {\"id\": 3, \"label\": \"\\u6a61\\u81a0\\u6a39\"}, {\"id\": 4, \"label\": \"\\u6930\\u5b50\\u6a39\"}], \"start\": \"0\", \"content\": \"\\u6771\\u5357\\u4e9e\\u570b\\u5bb6\\u5e38\\u898b\\u780d\\u4f10\\u68ee\\u6797\\u6216\\u711a\\u6797\\uff0c\\u4e3b\\u8981\\u662f\\u70ba\\u4e86\\u7a2e\\u690d\\u54ea\\u4e00\\u7a2e\\u7d93\\u6fdf\\u4f5c\\u7269\\uff1f\", \"id\": 1, \"answer\": [2]}, {\"end\": \"9\", \"type\": \"single\", \"options\": [{\"id\": 5, \"label\": \"\\u89c0\\u8cde\\u661f\\u7a7a\"}, {\"id\": 6, \"label\": \"\\u96ea\\u5730\\u98a8\\u60c5\"}, {\"id\": 7, \"label\": \"\\u770b\\u5357\\u6975\\u7279\\u6709\\u52d5\\u7269\"}, {\"id\": 8, \"label\": \"\\u6975\\u5149\\u7f8e\\u666f\"}], \"start\": \"6\", \"content\": \"\\u674e\\u5947\\u82f1\\u6559\\u6388\\u8ac7\\u5230\\u5357\\u6975\\u7814\\u7a76\\u6700\\u5927\\u7684\\u6536\\u7a6b\\u9664\\u4e86\\u505a\\u7814\\u7a76\\u5916\\uff0c\\u6700\\u68d2\\u7684\\u4e8b\\u60c5\\u662f\\uff1f\", \"id\": 2, \"answer\": [8]}, {\"end\": \"20\", \"type\": \"single\", \"options\": [{\"id\": 9, \"label\": \"\\u53f0\\u7063\\u9ed1\\u718a\"}, {\"id\": 10, \"label\": \"\\u9ad8\\u5c71\\u767d\\u8179\\u9f20\"}, {\"id\": 11, \"label\": \"\\u9ec3\\u5589\\u8c82\"}, {\"id\": 12, \"label\": \"\\u68d5\\u80cc\\u4f2f\\u52de\"}], \"start\": \"10\", \"content\": \"\\u672c\\u96c6\\u300c\\u53f0\\u7063 special\\u300d\\u4ecb\\u7d39\\u7684\\u53f0\\u7063\\u7279\\u6709\\u7a2e\\u52d5\\u7269\\u662f\\u4ec0\\u9ebc\\uff1f\", \"id\": 3, \"answer\": [11]}]', 'd,d', 'd,d', '[{\"5\": 0}, {\"6\": 0}, {\"7\": 0}, {\"10\": 0}, {\"12\": 0}, {\"13\": 0}, {\"15\": 0}, {\"16\": 0}, {\"17\": 0}, {\"18\": 0}, {\"19\": 0}, {\"20\": 0}]'),
(10, 'tester', 17, 'g1050405_.wav', '[{\"end\": \"743\", \"answer\": [2], \"id\": 1, \"content\": \"\\u6771\\u5357\\u4e9e\\u570b\\u5bb6\\u5e38\\u898b\\u780d\\u4f10\\u68ee\\u6797\\u6216\\u711a\\u6797\\uff0c\\u4e3b\\u8981\\u662f\\u70ba\\u4e86\\u7a2e\\u690d\\u54ea\\u4e00\\u7a2e\\u7d93\\u6fdf\\u4f5c\\u7269\\uff1f\", \"type\": \"single\", \"options\": [{\"label\": \"\\u76f8\\u601d\\u6a39\", \"id\": 1}, {\"label\": \"\\u68d5\\u6ada\\u6a39\", \"id\": 2}, {\"label\": \"\\u6a61\\u81a0\\u6a39\", \"id\": 3}, {\"label\": \"\\u6930\\u5b50\\u6a39\", \"id\": 4}], \"start\": \"733\"}, {\"end\": \"1017\", \"answer\": [7], \"id\": 2, \"content\": \"\\u672c\\u96c6\\u300c\\u53f0\\u7063 special\\u300d\\u4ecb\\u7d39\\u7684\\u53f0\\u7063\\u7279\\u6709\\u7a2e\\u52d5\\u7269\\u662f\\u4ec0\\u9ebc\\uff1f\", \"type\": \"single\", \"options\": [{\"label\": \"\\u53f0\\u7063\\u9ed1\\u718a\", \"id\": 5}, {\"label\": \"\\u9ad8\\u5c71\\u767d\\u8179\\u9f20\", \"id\": 6}, {\"label\": \"\\u9ec3\\u5589\\u8c82\", \"id\": 7}, {\"label\": \"\\u68d5\\u80cc\\u4f2f\\u52de\", \"id\": 8}], \"start\": \"1007\"}, {\"end\": \"1470\", \"answer\": [9], \"id\": 3, \"content\": \"\\u674e\\u5947\\u82f1\\u6559\\u6388\\u53d7\\u6cd5\\u570b\\u6975\\u5730\\u7814\\u7a76\\u6240\\u9080\\u8acb\\u524d\\u5f80\\u5357\\u6975\\u9032\\u884c\\u7814\\u7a76\\uff0c\\u4ed6\\u662f\\u53f0\\u7063\\u7b2c\\u4e00\\u500b\\u5230\\u5357\\u6975\\u5f9e\\u4e8b\\u54ea\\u4e00\\u500b\\u9818\\u57df\\u7814\\u7a76\\u7684\\u5b78\\u8005\\uff1f\", \"type\": \"single\", \"options\": [{\"label\": \"\\u751f\\u7269\", \"id\": 9}, {\"label\": \"\\u51b0\\u5ddd\", \"id\": 10}, {\"label\": \"\\u5730\\u8cea\", \"id\": 11}, {\"label\": \"\\u5927\\u6c23\\u7269\\u7406\", \"id\": 12}], \"start\": \"1460\"}, {\"end\": \"2140\", \"answer\": [16], \"id\": 4, \"content\": \"\\u674e\\u5947\\u82f1\\u6559\\u6388\\u8ac7\\u5230\\u5357\\u6975\\u7814\\u7a76\\u6700\\u5927\\u7684\\u6536\\u7a6b\\u9664\\u4e86\\u505a\\u7814\\u7a76\\u5916\\uff0c\\u6700\\u68d2\\u7684\\u4e8b\\u60c5\\u662f\\uff1f\", \"type\": \"single\", \"options\": [{\"label\": \"\\u89c0\\u8cde\\u661f\\u7a7a\", \"id\": 13}, {\"label\": \"\\u96ea\\u5730\\u98a8\\u60c5\", \"id\": 14}, {\"label\": \"\\u770b\\u5357\\u6975\\u7279\\u6709\\u52d5\\u7269\", \"id\": 15}, {\"label\": \"\\u6975\\u5149\\u7f8e\\u666f\", \"id\": 16}], \"start\": \"2130\"}, {\"end\": \"2950\", \"answer\": [17], \"id\": 5, \"content\": \"\\u674e\\u5947\\u82f1\\u6559\\u6388\\u5f9e\\u9019\\u6b21\\u7684\\u5357\\u6975\\u7814\\u7a76\\u7d93\\u9a57\\uff0c\\u5c0d\\u5e74\\u9752\\u4eba\\u7684\\u52c9\\u52f5\\u662f\\u4ec0\\u9ebc\\uff1f\", \"type\": \"single\", \"options\": [{\"label\": \"\\u52c7\\u65bc\\u5192\\u96aa\\u72af\\u96e3\\u3001\\u52c7\\u95d6\\u5929\\u6daf\", \"id\": 17}, {\"label\": \"\\u8981\\u6709\\u6046\\u5fc3\\u8207\\u6bc5\\u529b\", \"id\": 18}, {\"label\": \"\\u5b78\\u7fd2\\u8207\\u81ea\\u5df1\\u76f8\\u8655\", \"id\": 19}, {\"label\": \"\\u505a\\u7814\\u7a76\\u9700\\u7d30\\u5fc3\\u8b39\\u614e\", \"id\": 20}], \"start\": \"2940\"}]', 'f,f', 'f,f', '[{\"5\": 0}, {\"6\": 0}, {\"7\": 0}, {\"9\": 0}, {\"12\": 0}, {\"13\": 0}, {\"15\": 0}, {\"16\": 0}, {\"17\": 0}, {\"18\": 0}, {\"19\": 0}, {\"20\": 0}]'),
(12, 'test', 17, 'pPayday.mp3', '[{\"options\": [{\"label\": \"\\u76f8\\u601d\\u6a39\", \"id\": 1}, {\"label\": \"\\u68d5\\u6ada\\u6a39\", \"id\": 2}, {\"label\": \"\\u6a61\\u81a0\\u6a39\", \"id\": 3}, {\"label\": \"\\u6930\\u5b50\\u6a39\", \"id\": 4}], \"end\": \"5\", \"content\": \"\\u6771\\u5357\\u4e9e\\u570b\\u5bb6\\u5e38\\u898b\\u780d\\u4f10\\u68ee\\u6797\\u6216\\u711a\\u6797\\uff0c\\u4e3b\\u8981\\u662f\\u70ba\\u4e86\\u7a2e\\u690d\\u54ea\\u4e00\\u7a2e\\u7d93\\u6fdf\\u4f5c\\u7269\\uff1f\", \"id\": 1, \"type\": \"single\", \"start\": \"0\", \"answer\": [2]}, {\"options\": [{\"label\": \"\\u89c0\\u8cde\\u661f\\u7a7a\", \"id\": 5}, {\"label\": \"\\u96ea\\u5730\\u98a8\\u60c5\", \"id\": 6}, {\"label\": \"\\u770b\\u5357\\u6975\\u7279\\u6709\\u52d5\\u7269\", \"id\": 7}, {\"label\": \"\\u6975\\u5149\\u7f8e\\u666f\", \"id\": 8}], \"end\": \"9\", \"content\": \"\\u674e\\u5947\\u82f1\\u6559\\u6388\\u8ac7\\u5230\\u5357\\u6975\\u7814\\u7a76\\u6700\\u5927\\u7684\\u6536\\u7a6b\\u9664\\u4e86\\u505a\\u7814\\u7a76\\u5916\\uff0c\\u6700\\u68d2\\u7684\\u4e8b\\u60c5\\u662f\\uff1f\", \"id\": 2, \"type\": \"single\", \"start\": \"6\", \"answer\": [8]}, {\"options\": [{\"label\": \"\\u53f0\\u7063\\u9ed1\\u718a\", \"id\": 9}, {\"label\": \"\\u9ad8\\u5c71\\u767d\\u8179\\u9f20\", \"id\": 10}, {\"label\": \"\\u9ec3\\u5589\\u8c82\", \"id\": 11}, {\"label\": \"\\u68d5\\u80cc\\u4f2f\\u52de\", \"id\": 12}], \"end\": \"20\", \"content\": \"\\u672c\\u96c6\\u300c\\u53f0\\u7063 special\\u300d\\u4ecb\\u7d39\\u7684\\u53f0\\u7063\\u7279\\u6709\\u7a2e\\u52d5\\u7269\\u662f\\u4ec0\\u9ebc\\uff1f\", \"id\": 3, \"type\": \"single\", \"start\": \"10\", \"answer\": [11]}]', 'a,a', 'a,a', '[{\"5\": 2}, {\"6\": 0}, {\"7\": 0}, {\"9\": 0}, {\"10\": 0}, {\"13\": 0}, {\"15\": 0}, {\"16\": 0}, {\"17\": 0}, {\"18\": 0}, {\"19\": 0}, {\"20\": 0}]'),
(13, 'aaaa', 17, 'oSound_Off.mp3', '[{\"options\": [{\"label\": \"\\u6c23\\u5019\\u6696\\u5316\", \"id\": 1}, {\"label\": \"\\u6c59\\u6c34\\u6392\\u653e\", \"id\": 2}, {\"label\": \"\\u4e0a\\u6e38\\u958b\\u59cb\\u4e0b\\u5927\\u96e8\", \"id\": 3}, {\"label\": \"\\u7a7a\\u6c61\\u56b4\\u91cd\", \"id\": 4}], \"end\": \"428\", \"content\": \"1.\\u590f\\u65e5\\u6236\\u5916\\u6eaf\\u6eaa\\u73a9\\u6c34\\uff0c\\u5982\\u679c\\u767c\\u73fe\\u6cb3\\u6c34\\u984f\\u8272\\u8b8a\\u9ec3\\u6df7\\u6fc1\\uff0c\\u6b64\\u70ba\\u4f55\\u7a2e\\u73fe\\u8c61\\u7684\\u524d\\u5146\\uff0c\\u61c9\\u7acb\\u5373\\u64a4\\u96e2\\uff0c\\u4ee5\\u7b56\\u5b89\\u5168?\", \"id\": 1, \"type\": \"single\", \"start\": \"376\", \"answer\": [3]}, {\"options\": [{\"label\": \"\\u6d77\\u8c5a\", \"id\": 5}, {\"label\": \"\\u6d77\\u725b\", \"id\": 6}, {\"label\": \"\\u6d77\\u8c61\", \"id\": 7}, {\"label\": \"\\u6d77\\u72d7\", \"id\": 8}], \"end\": \"707\", \"content\": \"2.\\u5730\\u7403\\u6696\\u5316\\uff0c\\u6c23\\u5019\\u8b8a\\u9077\\uff0c\\u9020\\u6210\\u5317\\u6975\\u718a\\u958b\\u59cb\\u6355\\u98df\\u4f55\\u7a2e\\u751f\\u7269?\", \"id\": 2, \"type\": \"single\", \"start\": \"656\", \"answer\": [5]}, {\"options\": [{\"label\": \"\\u82b1\\u6591\\u528d\\u5c3e\\u9b5a\", \"id\": 9}, {\"label\": \"\\u53f0\\u7063\\u526f\\u7d30\\u9bfd\", \"id\": 10}, {\"label\": \"\\u6c34\\u6ef4\\u9b5a\", \"id\": 11}, {\"label\": \"\\u767d\\u6591\\u72d7\\u9b5a\", \"id\": 12}], \"end\": \"900\", \"content\": \"3.\\u7a00\\u6709\\u4fdd\\u80b2\\u985e\\u7684\\u73cd\\u8cb4\\u9b5a\\u7a2e\\uff0c\\u4fd7\\u7a31\\u53f0\\u7063\\u767d\\u9b5a\\u7684\\u6b63\\u5f0f\\u540d\\u7a31\\u70ba\\u4f55?\", \"id\": 3, \"type\": \"single\", \"start\": \"873\", \"answer\": [10]}, {\"options\": [{\"label\": \"\\u81ea\\u7d66\\u81ea\\u8db3\", \"id\": 13}, {\"label\": \"\\u7bc0\\u7d04\\u7528\\u6c34\", \"id\": 14}, {\"label\": \"\\u751f\\u7522\\u9ad8\\u6548\", \"id\": 15}, {\"label\": \"\\u4ee5\\u4e0a\\u7686\\u662f\", \"id\": 16}], \"end\": \"1216\", \"content\": \"4.\\u9b5a\\u83dc\\u5171\\u751f\\u7684\\u6700\\u5927\\u76ca\\u8655?\", \"id\": 4, \"type\": \"single\", \"start\": \"1181\", \"answer\": [16]}, {\"options\": [{\"label\": \"\\u9c3b\\u9b5a\", \"id\": 17}, {\"label\": \"\\u5433\\u90ed\\u9b5a\", \"id\": 18}, {\"label\": \"\\u9c78\\u9b5a\", \"id\": 19}, {\"label\": \"\\u9326\\u9bc9\", \"id\": 20}], \"end\": \"2105\", \"content\": \"5.\\u9b5a\\u83dc\\u5171\\u751f\\u4e0b\\uff0c\\u4e0b\\u5217\\u4f55\\u7a2e\\u9b5a\\u7a2e\\u8f03\\u4e0d\\u9069\\u5408\\u5728\\u5317\\u90e8\\u990a\\u6b96?\", \"id\": 5, \"type\": \"single\", \"start\": \"2087\", \"answer\": [18]}]', 'e,y', 'e,y', '[{\"5\": 0}, {\"6\": 0}, {\"7\": 0}, {\"9\": 0}, {\"10\": 0}, {\"12\": 0}, {\"15\": 0}, {\"16\": 0}, {\"17\": 0}, {\"18\": 0}, {\"19\": 0}, {\"20\": 0}]'),
(15, '魚菜共生', 19, '6-3.mp3', '[{\"options\": [{\"label\": \"\\u6c23\\u5019\\u6696\\u5316\", \"id\": 1}, {\"label\": \"\\u6c59\\u6c34\\u6392\\u653e\", \"id\": 2}, {\"label\": \"\\u4e0a\\u6e38\\u958b\\u59cb\\u4e0b\\u5927\\u96e8\", \"id\": 3}, {\"label\": \"\\u7a7a\\u6c61\\u56b4\\u91cd\", \"id\": 4}], \"answer\": [3], \"start\": \"376\", \"type\": \"single\", \"content\": \"1.\\u590f\\u65e5\\u6236\\u5916\\u6eaf\\u6eaa\\u73a9\\u6c34\\uff0c\\u5982\\u679c\\u767c\\u73fe\\u6cb3\\u6c34\\u984f\\u8272\\u8b8a\\u9ec3\\u6df7\\u6fc1\\uff0c\\u6b64\\u70ba\\u4f55\\u7a2e\\u73fe\\u8c61\\u7684\\u524d\\u5146\\uff0c\\u61c9\\u7acb\\u5373\\u64a4\\u96e2\\uff0c\\u4ee5\\u7b56\\u5b89\\u5168?\", \"end\": \"428\", \"id\": 1}, {\"options\": [{\"label\": \"\\u6d77\\u8c5a\", \"id\": 5}, {\"label\": \"\\u6d77\\u725b\", \"id\": 6}, {\"label\": \"\\u6d77\\u8c61\", \"id\": 7}, {\"label\": \"\\u6d77\\u72d7\", \"id\": 8}], \"answer\": [5], \"start\": \"656\", \"type\": \"single\", \"content\": \"2.\\u5730\\u7403\\u6696\\u5316\\uff0c\\u6c23\\u5019\\u8b8a\\u9077\\uff0c\\u9020\\u6210\\u5317\\u6975\\u718a\\u958b\\u59cb\\u6355\\u98df\\u4f55\\u7a2e\\u751f\\u7269?\", \"end\": \"707\", \"id\": 2}, {\"options\": [{\"label\": \"\\u82b1\\u6591\\u528d\\u5c3e\\u9b5a\", \"id\": 9}, {\"label\": \"\\u53f0\\u7063\\u526f\\u7d30\\u9bfd\", \"id\": 10}, {\"label\": \"\\u6c34\\u6ef4\\u9b5a\", \"id\": 11}, {\"label\": \"\\u767d\\u6591\\u72d7\\u9b5a\", \"id\": 12}], \"answer\": [10], \"start\": \"873\", \"type\": \"single\", \"content\": \"3.\\u7a00\\u6709\\u4fdd\\u80b2\\u985e\\u7684\\u73cd\\u8cb4\\u9b5a\\u7a2e\\uff0c\\u4fd7\\u7a31\\u53f0\\u7063\\u767d\\u9b5a\\u7684\\u6b63\\u5f0f\\u540d\\u7a31\\u70ba\\u4f55?\", \"end\": \"900\", \"id\": 3}, {\"options\": [{\"label\": \"\\u81ea\\u7d66\\u81ea\\u8db3\", \"id\": 13}, {\"label\": \"\\u7bc0\\u7d04\\u7528\\u6c34\", \"id\": 14}, {\"label\": \"\\u751f\\u7522\\u9ad8\\u6548\", \"id\": 15}, {\"label\": \"\\u4ee5\\u4e0a\\u7686\\u662f\", \"id\": 16}], \"answer\": [16], \"start\": \"1181\", \"type\": \"single\", \"content\": \"4.\\u9b5a\\u83dc\\u5171\\u751f\\u7684\\u6700\\u5927\\u76ca\\u8655?\", \"end\": \"1216\", \"id\": 4}, {\"options\": [{\"label\": \"\\u9c3b\\u9b5a\", \"id\": 17}, {\"label\": \"\\u5433\\u90ed\\u9b5a\", \"id\": 18}, {\"label\": \"\\u9c78\\u9b5a\", \"id\": 19}, {\"label\": \"\\u9326\\u9bc9\", \"id\": 20}], \"answer\": [18], \"start\": \"2087\", \"type\": \"single\", \"content\": \"5.\\u9b5a\\u83dc\\u5171\\u751f\\u4e0b\\uff0c\\u4e0b\\u5217\\u4f55\\u7a2e\\u9b5a\\u7a2e\\u8f03\\u4e0d\\u9069\\u5408\\u5728\\u5317\\u90e8\\u990a\\u6b96?\", \"end\": \"2105\", \"id\": 5}]', '青年,服务,体验,英文,教育,课程,', '青年,服务,体验,英文,教育,课程,小朋友,朋友,', '[{\"5\": 0}, {\"6\": 0}, {\"7\": 0}, {\"9\": 0}, {\"10\": 0}, {\"12\": 0}, {\"13\": 0}, {\"16\": 2}, {\"17\": 6}, {\"18\": 4}, {\"19\": 3}, {\"20\": 5}]'),
(16, '蜜蜂衰竭', 19, 'J-7.mp3', '[{\"options\": [{\"label\": \"\\u5916\\u52de\\u4e0d\\u9858\\u5403\\u82e6\", \"id\": 1}, {\"label\": \"\\u64d4\\u6182\\u6280\\u8853\\u5916\\u6d41\", \"id\": 2}, {\"label\": \"\\u8a9e\\u8a00\\u969c\\u7919\", \"id\": 3}, {\"label\": \"\\u5f85\\u9047\\u5dee\", \"id\": 4}], \"answer\": [2], \"start\": \"376\", \"type\": \"single\", \"content\": \"1.\\u53f0\\u7063\\u8fb2\\u7522\\u696d\\u4e0a\\uff0c\\u70ba\\u4f55\\u8f03\\u4e0d\\u9069\\u5408\\u5f15\\u9032\\u5916\\u52de\\u5354\\u52a9?\", \"end\": \"386\", \"id\": 1}, {\"options\": [{\"label\": \"\\u936c\\u5f62\\u87f2\", \"id\": 5}, {\"label\": \"\\u5996\\u8c54\\u5409\\u4e01\\u87f2\", \"id\": 6}, {\"label\": \"\\u6b65\\u884c\\u87f2\", \"id\": 7}, {\"label\": \"\\u864e\\u7532\\u87f2\", \"id\": 8}], \"answer\": [7], \"start\": \"798\", \"type\": \"single\", \"content\": \"2.\\u4e0b\\u5217\\u6606\\u87f2\\uff0c\\u4f55\\u70ba\\u53f0\\u7063\\u7279\\u6709\\u7a2e?\", \"end\": \"870\", \"id\": 2}, {\"options\": [{\"label\": \"\\u8702\\u821e\", \"id\": 9}, {\"label\": \"\\u5c0f\\u4fbf\\u7559\\u8a18\\u865f\", \"id\": 10}, {\"label\": \"\\u767c\\u51fa\\u4e0d\\u540c\\u8072\\u97f3\", \"id\": 11}, {\"label\": \"\\u5206\\u6ccc\\u5316\\u5b78\\u7269\\u8cea\", \"id\": 12}], \"answer\": [9], \"start\": \"1364\", \"type\": \"single\", \"content\": \"3.\\u871c\\u8702\\u5982\\u4f55\\u8207\\u540c\\u4f34\\u50b3\\u9054\\u8a0a\\u606f?\", \"end\": \"1396\", \"id\": 3}, {\"options\": [{\"label\": \"\\u5674\\u6f06\", \"id\": 13}, {\"label\": \"\\u7d81\\u6a19\\u7c64\", \"id\": 14}, {\"label\": \"\\u96f7\\u5c04\\u96d5\\u523b\", \"id\": 15}, {\"label\": \"\\u8cbc\\u8cbc\\u7d19\", \"id\": 16}], \"answer\": [15], \"start\": \"1825\", \"type\": \"single\", \"content\": \"4.\\u694a\\u6069\\u8aa0\\u6559\\u6388\\u4f7f\\u7528\\u4f55\\u7a2e\\u65b9\\u5f0f\\u6210\\u529f\\u8fa8\\u8b58\\u76e3\\u6e2c\\u871c\\u8702\\u8eab\\u5206?\", \"end\": \"1883\", \"id\": 4}, {\"options\": [{\"label\": \"\\u55c5\\u89ba\\u8b8a\\u9072\\u920d\", \"id\": 17}, {\"label\": \"\\u611f\\u77e5\\u80fd\\u529b\\u8b8a\\u5dee\", \"id\": 18}, {\"label\": \"\\u5b78\\u7fd2\\u8a18\\u61b6\\u529b\\u964d\\u4f4e\", \"id\": 19}, {\"label\": \"\\u4ee5\\u4e0a\\u7686\\u662f\", \"id\": 20}], \"answer\": [20], \"start\": \"2185\", \"type\": \"single\", \"content\": \"5.1ppb\\u8fb2\\u85e5\\u76ca\\u9054\\u80fa\\u5c31\\u6703\\u5c0d\\u5bb3\\u871c\\u8702\\u9020\\u6210\\u4f55\\u7a2e\\u5f71\\u97ff\\uff0c\\u5371\\u5bb3\\u4e0b\\u4e00\\u4ee3?\", \"end\": \"2224\", \"id\": 5}]', '用户,数学,国防,教育,', '用户,数学,国防,教育,朋友,', '[{\"5\": 0}, {\"6\": 0}, {\"7\": 0}, {\"9\": 0}, {\"10\": 0}, {\"12\": 0}, {\"13\": 0}, {\"15\": 2}, {\"17\": 2}, {\"18\": 3}, {\"19\": 2}, {\"20\": 3}]'),
(17, '食用昆蟲', 19, 'K-9.mp3', '[{\"options\": [{\"label\": \"1\\u5ea6\", \"id\": 1}, {\"label\": \"10\\u5ea6\", \"id\": 2}, {\"label\": \"6\\u5ea6\", \"id\": 3}, {\"label\": \"3\\u5ea6\", \"id\": 4}], \"answer\": [3], \"start\": \"103\", \"type\": \"single\", \"content\": \"1.\\u722c\\u5c71\\u6642\\uff0c\\u6bcf\\u4e0a\\u5347\\u4e00\\u5343\\u516c\\u5c3a\\uff0c\\u6c23\\u6eab\\u5c31\\u964d\\u5e7e\\u5ea6\\u5462\\uff1f\", \"end\": \"123\", \"id\": 1}, {\"options\": [{\"label\": \"\\u6c34\\u707d\", \"id\": 5}, {\"label\": \"\\u65f1\\u707d\", \"id\": 6}, {\"label\": \"\\u9f8d\\u6372\\u98a8\", \"id\": 7}, {\"label\": \"\\u4ee5\\u4e0a\\u7686\\u662f\", \"id\": 8}], \"answer\": [8], \"start\": \"330\", \"type\": \"single\", \"content\": \"2.\\u6975\\u7aef\\u6c23\\u5019\\u4e0b\\u6240\\u7522\\u751f\\u7684\\u5f71\\u97ff?\", \"end\": \"349\", \"id\": 2}, {\"options\": [{\"label\": \"\\u7c92\\u80a9\\u5929\\u725b\", \"id\": 9}, {\"label\": \"\\u9727\\u793e\\u8840\\u6591\\u5929\\u725b\", \"id\": 10}, {\"label\": \"\\u99ac\\u5229\\u7b4b\\u5929\\u725b\", \"id\": 11}, {\"label\": \"\\u661f\\u5929\\u725b\", \"id\": 12}], \"answer\": [10], \"start\": \"712\", \"type\": \"single\", \"content\": \"3.\\u5c71\\u6afb\\u82b1\\u7684\\u5929\\u6575\\u70ba?\", \"end\": \"754\", \"id\": 3}, {\"options\": [{\"label\": \"\\u8f03\\u6613\\u98fc\\u990a\", \"id\": 13}, {\"label\": \"\\u71df\\u990a\\u50f9\\u503c\\u9ad8\", \"id\": 14}, {\"label\": \"\\u89e3\\u6c7a\\u7ce7\\u98df\\u5371\\u6a5f\", \"id\": 15}, {\"label\": \"\\u4ee5\\u4e0a\\u7686\\u662f\", \"id\": 16}], \"answer\": [16], \"start\": \"1169\", \"type\": \"single\", \"content\": \"4.\\u98df\\u7528\\u6606\\u87f2\\u7684\\u6982\\u5ff5\\u70ba?\", \"end\": \"1198\", \"id\": 4}, {\"options\": [{\"label\": \"\\u9ad8\\u9435\\u9ad8\\u9223\", \"id\": 17}, {\"label\": \"\\u4f4e\\u8102\\u80aa\\u4f4e\\u81bd\\u56fa\\u9187\", \"id\": 18}, {\"label\": \"\\u9ad8\\u86cb\\u767d\\u8cea\", \"id\": 19}, {\"label\": \"\\u4ee5\\u4e0a\\u7686\\u662f\", \"id\": 20}], \"answer\": [20], \"start\": \"1888\", \"type\": \"single\", \"content\": \"5.\\u98df\\u7528\\u6606\\u87f2\\u6548\\u76ca\\u9ad8?\", \"end\": \"1922\", \"id\": 5}]', '运动,乐器,华语,青年,服务,登革热,长辈,体验,检测,教育,测试,课程,', '运动,乐器,华语,青年,服务,登革热,长辈,体验,检测,教育,测试,课程,', '[{\"5\": 0}, {\"6\": 0}, {\"7\": 0}, {\"9\": 0}, {\"10\": 0}, {\"12\": 0}, {\"13\": 0}, {\"15\": 6}, {\"16\": 2}, {\"18\": 5}, {\"19\": 3}, {\"20\": 4}]'),
(18, '食物森林', 19, 'a-13.mp3', '[{\"options\": [{\"label\": \"\\u6c99\\u4e18\\u9db4\", \"id\": 1}, {\"label\": \"\\u897f\\u4f2f\\u5229\\u4e9e\\u9db4\", \"id\": 2}, {\"label\": \"\\u7070\\u9db4\", \"id\": 3}, {\"label\": \"\\u4e39\\u9802\\u9db4\", \"id\": 4}], \"answer\": [2], \"start\": \"306\", \"type\": \"single\", \"content\": \"1.\\u98db\\u5230\\u91d1\\u5c71\\u7684\\u5c0f\\u767d\\u9db4\\u662f\\u4e0b\\u5217\\u4f55\\u54c1\\u7a2e?\", \"end\": \"327\", \"id\": 1}, {\"options\": [{\"label\": \"\\u5782\\u67f3\", \"id\": 5}, {\"label\": \"\\u694a\\u67f3\", \"id\": 6}, {\"label\": \"\\u6c34\\u793e\\u67f3\", \"id\": 7}, {\"label\": \"\\u6c34\\u67f3\", \"id\": 8}], \"answer\": [7], \"start\": \"881\", \"type\": \"single\", \"content\": \"2.\\u53f0\\u7063special\\u55ae\\u5143\\u4e2d\\uff0c\\u4ecb\\u7d39\\u4e86\\u6fd5\\u5730\\u7279\\u6709\\u7269\\u7a2e\\u70ba?\", \"end\": \"904\", \"id\": 2}, {\"options\": [{\"label\": \"\\u6a21\\u4eff\\u539f\\u59cb\\u68ee\\u6797\", \"id\": 9}, {\"label\": \"\\u591a\\u5c64\\u6b21\\u591a\\u5143\", \"id\": 10}, {\"label\": \"\\u6c38\\u7e8c\", \"id\": 11}, {\"label\": \"\\u4ee5\\u4e0a\\u7686\\u662f\", \"id\": 12}], \"answer\": [12], \"start\": \"1350\", \"type\": \"single\", \"content\": \"3.\\u98df\\u7269\\u68ee\\u6797\\u7684\\u6982\\u5ff5\\u70ba?\", \"end\": \"1376\", \"id\": 3}, {\"options\": [{\"label\": \"\\u897f\\u96c5\\u5716\", \"id\": 13}, {\"label\": \"\\u7d10\\u7d04\\u5e02\", \"id\": 14}, {\"label\": \"\\u8cbb\\u57ce\", \"id\": 15}, {\"label\": \"\\u6ce2\\u58eb\\u9813\", \"id\": 16}], \"answer\": [13], \"start\": \"1961\", \"type\": \"single\", \"content\": \"4.\\u57f7\\u884c\\u9577\\u6731\\u6167\\u82b3\\u53c3\\u8a2a\\u7f8e\\u570b\\u54ea\\u500b\\u57ce\\u5e02\\uff0c\\u671f\\u76fc\\u8907\\u88fd\\u5176\\u98df\\u7269\\u68ee\\u6797\\u7684\\u6210\\u529f\\u7d93\\u9a57\\u5728\\u53f0\\u7063?\", \"end\": \"1978\", \"id\": 4}, {\"options\": [{\"label\": \"\\u4f01\\u696d\", \"id\": 17}, {\"label\": \"\\u653f\\u5e9c\", \"id\": 18}, {\"label\": \"\\u6c11\\u773e\", \"id\": 19}, {\"label\": \"\\u4ee5\\u4e0a\\u7686\\u662f\", \"id\": 20}], \"answer\": [20], \"start\": \"2916\", \"type\": \"single\", \"content\": \"5.\\u98df\\u7269\\u68ee\\u6797\\u7684\\u63a8\\u52d5\\u9700\\u8981\\u9760\\u8ab0\\u7684\\u52aa\\u529b?\", \"end\": \"2937\", \"id\": 5}]', '阅读,数学,登革热,数位,体验,书馆,图书馆,图书,教育,课程,', '阅读,数学,登革热,数位,体验,书馆,图书馆,图书,教育,课程,产品,', '[{\"5\": 0}, {\"6\": 0}, {\"7\": 0}, {\"9\": 0}, {\"10\": 0}, {\"12\": 0}, {\"13\": 0}, {\"15\": 4}, {\"16\": 3}, {\"17\": 5}, {\"19\": 2}, {\"20\": 4}]'),
(19, '南極研究甘苦談', 19, 'B-16.mp3', '[{\"start\": \"733\", \"content\": \"\\u6771\\u5357\\u4e9e\\u570b\\u5bb6\\u5e38\\u898b\\u780d\\u4f10\\u68ee\\u6797\\u6216\\u711a\\u6797\\uff0c\\u4e3b\\u8981\\u662f\\u70ba\\u4e86\\u7a2e\\u690d\\u54ea\\u4e00\\u7a2e\\u7d93\\u6fdf\\u4f5c\\u7269\\uff1f\", \"answer\": [2], \"options\": [{\"label\": \"\\u76f8\\u601d\\u6a39\", \"id\": 1}, {\"label\": \"\\u68d5\\u6ada\\u6a39\", \"id\": 2}, {\"label\": \"\\u6a61\\u81a0\\u6a39\", \"id\": 3}, {\"label\": \"\\u6930\\u5b50\\u6a39\", \"id\": 4}], \"type\": \"single\", \"end\": \"743\", \"id\": 1}, {\"start\": \"1007\", \"content\": \"\\u672c\\u96c6\\u300c\\u53f0\\u7063 special\\u300d\\u4ecb\\u7d39\\u7684\\u53f0\\u7063\\u7279\\u6709\\u7a2e\\u52d5\\u7269\\u662f\\u4ec0\\u9ebc\\uff1f\", \"answer\": [7], \"options\": [{\"label\": \"\\u53f0\\u7063\\u9ed1\\u718a\", \"id\": 5}, {\"label\": \"\\u9ad8\\u5c71\\u767d\\u8179\\u9f20\", \"id\": 6}, {\"label\": \"\\u9ec3\\u5589\\u8c82\", \"id\": 7}, {\"label\": \"\\u68d5\\u80cc\\u4f2f\\u52de\", \"id\": 8}], \"type\": \"single\", \"end\": \"1017\", \"id\": 2}, {\"start\": \"1460\", \"content\": \"\\u674e\\u5947\\u82f1\\u6559\\u6388\\u53d7\\u6cd5\\u570b\\u6975\\u5730\\u7814\\u7a76\\u6240\\u9080\\u8acb\\u524d\\u5f80\\u5357\\u6975\\u9032\\u884c\\u7814\\u7a76\\uff0c\\u4ed6\\u662f\\u53f0\\u7063\\u7b2c\\u4e00\\u500b\\u5230\\u5357\\u6975\\u5f9e\\u4e8b\\u54ea\\u4e00\\u500b\\u9818\\u57df\\u7814\\u7a76\\u7684\\u5b78\\u8005\\uff1f\", \"answer\": [9], \"options\": [{\"label\": \"\\u751f\\u7269\", \"id\": 9}, {\"label\": \"\\u51b0\\u5ddd\", \"id\": 10}, {\"label\": \"\\u5730\\u8cea\", \"id\": 11}, {\"label\": \"\\u5927\\u6c23\\u7269\\u7406\", \"id\": 12}], \"type\": \"single\", \"end\": \"1470\", \"id\": 3}, {\"start\": \"2130\", \"content\": \"\\u674e\\u5947\\u82f1\\u6559\\u6388\\u8ac7\\u5230\\u5357\\u6975\\u7814\\u7a76\\u6700\\u5927\\u7684\\u6536\\u7a6b\\u9664\\u4e86\\u505a\\u7814\\u7a76\\u5916\\uff0c\\u6700\\u68d2\\u7684\\u4e8b\\u60c5\\u662f\\uff1f\", \"answer\": [16], \"options\": [{\"label\": \"\\u89c0\\u8cde\\u661f\\u7a7a\", \"id\": 13}, {\"label\": \"\\u96ea\\u5730\\u98a8\\u60c5\", \"id\": 14}, {\"label\": \"\\u770b\\u5357\\u6975\\u7279\\u6709\\u52d5\\u7269\", \"id\": 15}, {\"label\": \"\\u6975\\u5149\\u7f8e\\u666f\", \"id\": 16}], \"type\": \"single\", \"end\": \"2140\", \"id\": 4}, {\"start\": \"2940\", \"content\": \"\\u674e\\u5947\\u82f1\\u6559\\u6388\\u5f9e\\u9019\\u6b21\\u7684\\u5357\\u6975\\u7814\\u7a76\\u7d93\\u9a57\\uff0c\\u5c0d\\u5e74\\u9752\\u4eba\\u7684\\u52c9\\u52f5\\u662f\\u4ec0\\u9ebc\\uff1f\", \"answer\": [17], \"options\": [{\"label\": \"\\u52c7\\u65bc\\u5192\\u96aa\\u72af\\u96e3\\u3001\\u52c7\\u95d6\\u5929\\u6daf\", \"id\": 17}, {\"label\": \"\\u8981\\u6709\\u6046\\u5fc3\\u8207\\u6bc5\\u529b\", \"id\": 18}, {\"label\": \"\\u5b78\\u7fd2\\u8207\\u81ea\\u5df1\\u76f8\\u8655\", \"id\": 19}, {\"label\": \"\\u505a\\u7814\\u7a76\\u9700\\u7d30\\u5fc3\\u8b39\\u614e\", \"id\": 20}], \"type\": \"single\", \"end\": \"2950\", \"id\": 5}]', '孩子,服务,教育,妈妈,', '孩子,服务,教育,妈妈,小朋友,朋友,偏向,', '[{\"5\": 0}, {\"6\": 0}, {\"7\": 0}, {\"9\": 0}, {\"10\": 0}, {\"12\": 0}, {\"13\": 0}, {\"15\": 3}, {\"16\": 2}, {\"17\": 3}, {\"18\": 2}, {\"20\": 4}]'),
(20, '山林保育', 19, 'q-1.mp3', '[{\"start\": \"316\", \"options\": [{\"label\": \"\\u5224\\u52111\\u5e74\\u4ee5\\u4e0a\\uff0c7\\u5e74\\u4ee5\\u4e0b\", \"id\": 1}, {\"label\": \"\\u76dc\\u63a1\\u8cb4\\u91cd\\u6797\\u6728\\uff0c\\u518d\\u52a0\\u91cd1/2\\uff0c\\u800c\\u4e14\\u8981\\u4f75\\u79d110\\u500d\\u4ee5\\u4e0a\\u300120\\u500d\\u4ee5\\u4e0b\\u7684\\u7f70\\u91d1\", \"id\": 2}, {\"label\": \"\\u5728\\u5075\\u67e5\\u4e2d\\u5982\\u679c\\u4f9b\\u51fa\\u5176\\u4ed6\\u6b63\\u72af\\u6216\\u5171\\u72af\\u7684\\u72af\\u7f6a\\u4e8b\\u8b49\\uff0c\\u53ef\\u6e1b\\u8f15\\u6216\\u514d\\u9664\\u5176\\u5211\", \"id\": 3}, {\"label\": \"\\u4ee5\\u4e0a\\u7686\\u662f\", \"id\": 4}], \"type\": \"single\", \"id\": 1, \"end\": \"326\", \"answer\": [4], \"content\": \"1.\\u7acb\\u9662\\u4e09\\u8b80\\u901a\\u904e\\uff0c\\u5c07\\u52a0\\u91cd\\u76dc\\u63a1\\u6797\\u6728\\u7f70\\u5247\\uff0c\\u4ee5\\u4e0b\\u6558\\u8ff0\\u4f55\\u8005\\u6b63\\u78ba?\"}, {\"start\": \"795\", \"options\": [{\"label\": \"\\u8096\\u6960\", \"id\": 5}, {\"label\": \"\\u9999\\u6749\", \"id\": 6}, {\"label\": \"\\u725b\\u6a1f\", \"id\": 7}, {\"label\": \"\\u6241\\u67cf\", \"id\": 8}], \"type\": \"single\", \"id\": 2, \"end\": \"805\", \"answer\": [7], \"content\": \"2.\\u4e0b\\u5217\\u4f55\\u8005\\u975e\\u53f0\\u7063\\u91dd\\u8449\\u4e94\\u6728?\"}, {\"start\": \"1396\", \"options\": [{\"label\": \"\\u975e\\u4eba\\u70ba\\u780d\\u4f10\", \"id\": 9}, {\"label\": \"\\u6a39\\u76ae\\u5149\\u6ed1\", \"id\": 10}, {\"label\": \"\\u6839\\u90e8\\u7c97\\u58ef\", \"id\": 11}, {\"label\": \"\\u975e\\u5929\\u707d\\u9020\\u6210\", \"id\": 12}], \"type\": \"single\", \"id\": 3, \"end\": \"1406\", \"answer\": [9], \"content\": \"3.\\u4e0b\\u5217\\u4f55\\u70ba\\u6f02\\u6d41\\u6728\\u7684\\u5b9a\\u7fa9?\"}, {\"start\": \"2444\", \"options\": [{\"label\": \"\\u74b0\\u5883\\u6559\\u80b2 \", \"id\": 13}, {\"label\": \"\\u751f\\u614b\\u65c5\\u904a \", \"id\": 14}, {\"label\": \"\\u6c11\\u773e\\u591a\\u6d88\\u8cbb\", \"id\": 15}, {\"label\": \"\\u4ee5\\u4e0a\\u7686\\u662f\", \"id\": 16}], \"type\": \"single\", \"id\": 4, \"end\": \"2454\", \"answer\": [16], \"content\": \"4.\\u793e\\u5340\\u6797\\u696d\\u8207\\u4e0b\\u5217\\u4f55\\u8005\\u76f8\\u95dc?\"}]', '用户,服务,职工,数位,体验,英文,教育,妈妈,', '用户,服务,职工,数位,体验,英文,教育,妈妈,小朋友,朋友,故事,设备,设计师,产品,偏向,', '[{\"5\": 0}, {\"6\": 0}, {\"7\": 0}, {\"9\": 0}, {\"10\": 0}, {\"12\": 0}, {\"13\": 0}, {\"15\": 5}, {\"16\": 3}, {\"17\": 4}, {\"18\": 4}, {\"19\": 4}]');

-- --------------------------------------------------------

--
-- 資料表結構 `category`
--

CREATE TABLE `category` (
  `category_id` int(11) NOT NULL,
  `category_name` varchar(64) DEFAULT NULL
) ENGINE=InnoDB DEFAULT CHARSET=utf8;

--
-- 資料表的匯出資料 `category`
--

INSERT INTO `category` (`category_id`, `category_name`) VALUES
(1, '教育'),
(2, '兒童'),
(3, '藝術'),
(4, '旅遊'),
(5, '生活'),
(6, '自然'),
(7, '音樂');

-- --------------------------------------------------------

--
-- 資料表結構 `channel`
--

CREATE TABLE `channel` (
  `channel_id` int(11) NOT NULL,
  `channel_category` int(11) DEFAULT NULL,
  `channel_name` varchar(64) DEFAULT NULL,
  `channel_memo` text
) ENGINE=InnoDB DEFAULT CHARSET=utf8;

--
-- 資料表的匯出資料 `channel`
--

INSERT INTO `channel` (`channel_id`, `channel_category`, `channel_name`, `channel_memo`) VALUES
(12, 1, '青年故事館', '為鼓勵青年透過自省產生行動力，更希望給予這些實踐者一個展現的舞臺，教育部青年發展署與國立教育廣播電臺合作，透過廣播傳遞青年參與國際交流、志工服務、見習工讀、還有壯遊、創業的故事。本節目希望成為青年築夢過程中的支持者與訊息平臺，同時也期待與其他年齡層聽眾分享臺灣青年陽光般的熱情與生命力。讓「青年故事館」帶領聽眾了解臺灣青年培力的成果，以及年輕生命勇於追夢與實踐理想的精采與感動。'),
(17, 1, '國際教育心動線', '主持人 : 謝若男\r\n在教育全球化、國際化趨勢下，國內對教育議題非常關注，惟討論常缺乏國際視野的觀點，國家教育研究院是我國重要之教育研究發展機構，經常性蒐集教育部駐外單位提供之國際教育資訊，並將資訊彙整於國際教育訊息電子報以及臺灣教育研究資訊網等網站，供各界參考。本院預計每週挑出重要且值得學習的國際教育訊息，輔以當前國際時事，邀訪該領域專家學者深入討論分析，讓國際教育資訊可以藉由國立教育廣播電臺全國網廣播頻道深化價值，也讓教育工作者，可固定瞭解國際教育脈動。節目中同時撥出部分時段介紹教師、家長、學生關心之重要教育議題，以及國家教育研究院製作之優良出版品與建置之網站、資料庫等教育資源。 '),
(18, 3, '藝術好好玩~神話連篇', '本單元以一集五分鐘時間，共計二十集講述世界各地流傳至今的神話，並且透過藝術作品一窺神話中人為展現出的種種面向。講述方法透過「神話故事」與「神話藝術」兩方內容，達成以「神話」為本單元的主軸路徑。\r\n\r\n貫穿早期人類社會歷史與西方藝術中的重要題材，一為宗教，一為神話。各個國家與時代裡人類往往透過神話訴說著世間生活、風俗民情、自然現象、人類情感和潛在慾望。千百年來，人們透過口耳相傳與文字紀錄神話；之後，藝術家透過作品進行的刻畫與描寫，成為人們靠近神話的另一種方法。本單元經由一次五分鐘的講述，深入淺出世界神話與人文，接觸人性情感和人類古老意象，讓知識普及化，點燃聽眾對於神話與人文的吸收熱情與興趣，進而培養主動學習及追求知識的能力。'),
(19, 6, '自然有意思', '大自然是最能啟發人心、最迷人的教室。\r\n本節目將以生態旅遊與自然觀察並行，帶領民眾遠觀山川大澤、細察蟲魚鳥獸，由認識自然、瞭解自然，而生守護自然之心；從生態議題與環境變遷中，省思並傳遞生態保育、永續地球的理念。');

-- --------------------------------------------------------

--
-- 資料表結構 `hot_play`
--

CREATE TABLE `hot_play` (
  `audio_id` int(11) NOT NULL,
  `count` int(11) DEFAULT NULL
) ENGINE=InnoDB DEFAULT CHARSET=utf8;

--
-- 資料表的匯出資料 `hot_play`
--

INSERT INTO `hot_play` (`audio_id`, `count`) VALUES
(5, 158),
(6, 14),
(7, 18),
(9, 18),
(15, 1);

-- --------------------------------------------------------

--
-- 資料表結構 `keywords_table`
--

CREATE TABLE `keywords_table` (
  `keywords_id` int(11) NOT NULL,
  `keyword1` varchar(255) DEFAULT NULL,
  `keyword2` varchar(255) DEFAULT NULL,
  `count` int(11) DEFAULT NULL
) ENGINE=InnoDB DEFAULT CHARSET=utf8;

--
-- 資料表的匯出資料 `keywords_table`
--

INSERT INTO `keywords_table` (`keywords_id`, `keyword1`, `keyword2`, `count`) VALUES
(1, '运动', '螃蟹', 0),
(2, '运动', '乐器', 0),
(3, '运动', '华佗', 0),
(4, '运动', '诺瓦', 0),
(5, '运动', '选择', 1),
(6, '运动', '害羞', 0),
(7, '运动', '张衡', 0),
(8, '运动', '红毛', 0),
(9, '运动', '华语', 0),
(10, '运动', '阅读', 1),
(11, '运动', '恐龙', 0),
(12, '运动', '意识', 1),
(13, '运动', '智库', 0),
(14, '运动', '教科书', 0),
(15, '运动', '宠物', 0),
(16, '运动', '用户', 2),
(17, '运动', '青年', 0),
(18, '运动', '数学', 1),
(19, '运动', '味道', 0),
(20, '运动', '飞利浦', 0),
(21, '运动', '想像力', 0),
(22, '运动', '孩子', 2),
(23, '运动', '五专', 0),
(24, '运动', '服务', 2),
(25, '运动', '职工', 0),
(26, '运动', '教科', 0),
(27, '运动', '节能', 1),
(28, '运动', '海鸥', 0),
(29, '运动', '种子', 0),
(30, '运动', '登革热', 0),
(31, '运动', '素养', 0),
(32, '运动', '拖鞋', 0),
(33, '运动', '数位', 2),
(34, '运动', '猕猴', 0),
(35, '运动', '法制', 0),
(36, '运动', '伤口', 1),
(37, '运动', '长辈', 0),
(38, '运动', '小龙', 0),
(39, '运动', '体验', 2),
(40, '运动', '商品', 1),
(41, '运动', '癌症', 0),
(42, '运动', '说实话', 0),
(43, '运动', '搬家', 0),
(44, '运动', '检测', 0),
(45, '运动', '学生会', 0),
(46, '运动', '啊啊啊', 0),
(47, '运动', '品德', 0),
(48, '运动', '昆虫', 0),
(49, '运动', '书馆', 1),
(50, '运动', '英文', 1),
(51, '运动', '想像', 1),
(52, '运动', '诊病', 0),
(53, '运动', '图书馆', 0),
(54, '运动', '专利', 0),
(55, '运动', '图书', 0),
(56, '运动', '建筑', 2),
(57, '运动', '魔女', 0),
(58, '运动', '达文西', 1),
(59, '运动', '匈牙利', 0),
(60, '运动', '车子', 2),
(61, '运动', '国防', 0),
(62, '运动', '针灸', 0),
(63, '运动', '地球', 0),
(64, '运动', '教育', 2),
(65, '运动', '感恩', 0),
(66, '运动', '妈妈', 2),
(67, '运动', '动画', 0),
(68, '运动', '流感', 0),
(69, '运动', '安东尼', 0),
(70, '运动', '实话', 1),
(71, '运动', '测试', 0),
(72, '运动', '德福', 0),
(73, '运动', '课程', 2),
(74, '运动', '法制教育', 0),
(75, '运动', '土地', 1),
(76, '运动', '寄居蟹', 0),
(77, '运动', '安东尼奥', 0),
(78, '运动', '尼奥', 0),
(79, '运动', '用药', 0),
(80, '运动', '国王', 0),
(81, '运动', '轮子', 0),
(82, '运动', '安东', 0),
(83, '运动', '小朋友', 1),
(84, '运动', '朋友', 2),
(85, '运动', '猴子', 1),
(86, '运动', '能源', 0),
(87, '运动', '故事', 1),
(88, '运动', '防灾', 0),
(89, '运动', '樱花', 0),
(90, '运动', '条文', 0),
(91, '运动', '设备', 1),
(92, '运动', '设计师', 2),
(93, '运动', '父子', 0),
(94, '运动', '产品', 1),
(95, '运动', '口罩', 0),
(96, '运动', '垃圾', 0),
(97, '运动', '药局', 0),
(98, '运动', '手语', 0),
(99, '运动', '偏向', 1),
(100, '螃蟹', '运动', 0),
(101, '螃蟹', '乐器', 0),
(102, '螃蟹', '华佗', 0),
(103, '螃蟹', '诺瓦', 0),
(104, '螃蟹', '选择', 0),
(105, '螃蟹', '害羞', 0),
(106, '螃蟹', '张衡', 0),
(107, '螃蟹', '红毛', 0),
(108, '螃蟹', '华语', 0),
(109, '螃蟹', '阅读', 0),
(110, '螃蟹', '恐龙', 0),
(111, '螃蟹', '意识', 0),
(112, '螃蟹', '智库', 0),
(113, '螃蟹', '教科书', 0),
(114, '螃蟹', '宠物', 0),
(115, '螃蟹', '用户', 0),
(116, '螃蟹', '青年', 2),
(117, '螃蟹', '数学', 0),
(118, '螃蟹', '味道', 1),
(119, '螃蟹', '飞利浦', 0),
(120, '螃蟹', '想像力', 2),
(121, '螃蟹', '孩子', 12),
(122, '螃蟹', '五专', 0),
(123, '螃蟹', '服务', 0),
(124, '螃蟹', '职工', 0),
(125, '螃蟹', '教科', 1),
(126, '螃蟹', '节能', 0),
(127, '螃蟹', '海鸥', 0),
(128, '螃蟹', '种子', 0),
(129, '螃蟹', '登革热', 0),
(130, '螃蟹', '素养', 0),
(131, '螃蟹', '拖鞋', 0),
(132, '螃蟹', '数位', 0),
(133, '螃蟹', '猕猴', 0),
(134, '螃蟹', '法制', 0),
(135, '螃蟹', '伤口', 0),
(136, '螃蟹', '长辈', 0),
(137, '螃蟹', '小龙', 0),
(138, '螃蟹', '体验', 0),
(139, '螃蟹', '商品', 1),
(140, '螃蟹', '癌症', 0),
(141, '螃蟹', '说实话', 0),
(142, '螃蟹', '搬家', 1),
(143, '螃蟹', '检测', 0),
(144, '螃蟹', '学生会', 0),
(145, '螃蟹', '啊啊啊', 3),
(146, '螃蟹', '品德', 0),
(147, '螃蟹', '昆虫', 0),
(148, '螃蟹', '书馆', 0),
(149, '螃蟹', '英文', 1),
(150, '螃蟹', '想像', 5),
(151, '螃蟹', '诊病', 0),
(152, '螃蟹', '图书馆', 0),
(153, '螃蟹', '专利', 0),
(154, '螃蟹', '图书', 0),
(155, '螃蟹', '建筑', 0),
(156, '螃蟹', '魔女', 1),
(157, '螃蟹', '达文西', 0),
(158, '螃蟹', '匈牙利', 0),
(159, '螃蟹', '车子', 0),
(160, '螃蟹', '国防', 0),
(161, '螃蟹', '针灸', 0),
(162, '螃蟹', '地球', 5),
(163, '螃蟹', '教育', 12),
(164, '螃蟹', '感恩', 0),
(165, '螃蟹', '妈妈', 0),
(166, '螃蟹', '动画', 0),
(167, '螃蟹', '流感', 0),
(168, '螃蟹', '安东尼', 0),
(169, '螃蟹', '实话', 0),
(170, '螃蟹', '测试', 0),
(171, '螃蟹', '德福', 0),
(172, '螃蟹', '课程', 0),
(173, '螃蟹', '法制教育', 0),
(174, '螃蟹', '土地', 0),
(175, '螃蟹', '寄居蟹', 1),
(176, '螃蟹', '安东尼奥', 0),
(177, '螃蟹', '尼奥', 0),
(178, '螃蟹', '用药', 0),
(179, '螃蟹', '国王', 0),
(180, '螃蟹', '轮子', 0),
(181, '螃蟹', '安东', 0),
(182, '螃蟹', '小朋友', 12),
(183, '螃蟹', '朋友', 13),
(184, '螃蟹', '猴子', 4),
(185, '螃蟹', '能源', 1),
(186, '螃蟹', '故事', 10),
(187, '螃蟹', '防灾', 0),
(188, '螃蟹', '樱花', 0),
(189, '螃蟹', '条文', 0),
(190, '螃蟹', '设备', 0),
(191, '螃蟹', '设计师', 0),
(192, '螃蟹', '父子', 1),
(193, '螃蟹', '产品', 0),
(194, '螃蟹', '口罩', 1),
(195, '螃蟹', '垃圾', 4),
(196, '螃蟹', '药局', 0),
(197, '螃蟹', '手语', 0),
(198, '螃蟹', '偏向', 2),
(199, '乐器', '运动', 0),
(200, '乐器', '螃蟹', 0),
(201, '乐器', '华佗', 0),
(202, '乐器', '诺瓦', 0),
(203, '乐器', '选择', 0),
(204, '乐器', '害羞', 0),
(205, '乐器', '张衡', 0),
(206, '乐器', '红毛', 0),
(207, '乐器', '华语', 0),
(208, '乐器', '阅读', 0),
(209, '乐器', '恐龙', 0),
(210, '乐器', '意识', 0),
(211, '乐器', '智库', 0),
(212, '乐器', '教科书', 0),
(213, '乐器', '宠物', 0),
(214, '乐器', '用户', 0),
(215, '乐器', '青年', 0),
(216, '乐器', '数学', 0),
(217, '乐器', '味道', 0),
(218, '乐器', '飞利浦', 0),
(219, '乐器', '想像力', 0),
(220, '乐器', '孩子', 0),
(221, '乐器', '五专', 0),
(222, '乐器', '服务', 0),
(223, '乐器', '职工', 0),
(224, '乐器', '教科', 0),
(225, '乐器', '节能', 0),
(226, '乐器', '海鸥', 0),
(227, '乐器', '种子', 0),
(228, '乐器', '登革热', 0),
(229, '乐器', '素养', 0),
(230, '乐器', '拖鞋', 0),
(231, '乐器', '数位', 0),
(232, '乐器', '猕猴', 0),
(233, '乐器', '法制', 0),
(234, '乐器', '伤口', 0),
(235, '乐器', '长辈', 0),
(236, '乐器', '小龙', 0),
(237, '乐器', '体验', 0),
(238, '乐器', '商品', 0),
(239, '乐器', '癌症', 0),
(240, '乐器', '说实话', 0),
(241, '乐器', '搬家', 0),
(242, '乐器', '检测', 0),
(243, '乐器', '学生会', 0),
(244, '乐器', '啊啊啊', 0),
(245, '乐器', '品德', 0),
(246, '乐器', '昆虫', 0),
(247, '乐器', '书馆', 0),
(248, '乐器', '英文', 0),
(249, '乐器', '想像', 0),
(250, '乐器', '诊病', 0),
(251, '乐器', '图书馆', 0),
(252, '乐器', '专利', 0),
(253, '乐器', '图书', 0),
(254, '乐器', '建筑', 0),
(255, '乐器', '魔女', 0),
(256, '乐器', '达文西', 0),
(257, '乐器', '匈牙利', 0),
(258, '乐器', '车子', 0),
(259, '乐器', '国防', 0),
(260, '乐器', '针灸', 0),
(261, '乐器', '地球', 0),
(262, '乐器', '教育', 0),
(263, '乐器', '感恩', 0),
(264, '乐器', '妈妈', 0),
(265, '乐器', '动画', 0),
(266, '乐器', '流感', 0),
(267, '乐器', '安东尼', 0),
(268, '乐器', '实话', 0),
(269, '乐器', '测试', 0),
(270, '乐器', '德福', 0),
(271, '乐器', '课程', 0),
(272, '乐器', '法制教育', 0),
(273, '乐器', '土地', 0),
(274, '乐器', '寄居蟹', 0),
(275, '乐器', '安东尼奥', 0),
(276, '乐器', '尼奥', 0),
(277, '乐器', '用药', 0),
(278, '乐器', '国王', 0),
(279, '乐器', '轮子', 0),
(280, '乐器', '安东', 0),
(281, '乐器', '小朋友', 0),
(282, '乐器', '朋友', 0),
(283, '乐器', '猴子', 0),
(284, '乐器', '能源', 0),
(285, '乐器', '故事', 0),
(286, '乐器', '防灾', 0),
(287, '乐器', '樱花', 0),
(288, '乐器', '条文', 0),
(289, '乐器', '设备', 0),
(290, '乐器', '设计师', 0),
(291, '乐器', '父子', 0),
(292, '乐器', '产品', 0),
(293, '乐器', '口罩', 0),
(294, '乐器', '垃圾', 0),
(295, '乐器', '药局', 0),
(296, '乐器', '手语', 0),
(297, '乐器', '偏向', 0),
(298, '华佗', '运动', 0),
(299, '华佗', '螃蟹', 0),
(300, '华佗', '乐器', 0),
(301, '华佗', '诺瓦', 0),
(302, '华佗', '选择', 0),
(303, '华佗', '害羞', 0),
(304, '华佗', '张衡', 0),
(305, '华佗', '红毛', 0),
(306, '华佗', '华语', 0),
(307, '华佗', '阅读', 0),
(308, '华佗', '恐龙', 0),
(309, '华佗', '意识', 0),
(310, '华佗', '智库', 0),
(311, '华佗', '教科书', 0),
(312, '华佗', '宠物', 0),
(313, '华佗', '用户', 0),
(314, '华佗', '青年', 0),
(315, '华佗', '数学', 0),
(316, '华佗', '味道', 0),
(317, '华佗', '飞利浦', 0),
(318, '华佗', '想像力', 0),
(319, '华佗', '孩子', 0),
(320, '华佗', '五专', 0),
(321, '华佗', '服务', 0),
(322, '华佗', '职工', 0),
(323, '华佗', '教科', 0),
(324, '华佗', '节能', 0),
(325, '华佗', '海鸥', 0),
(326, '华佗', '种子', 0),
(327, '华佗', '登革热', 0),
(328, '华佗', '素养', 0),
(329, '华佗', '拖鞋', 0),
(330, '华佗', '数位', 0),
(331, '华佗', '猕猴', 0),
(332, '华佗', '法制', 0),
(333, '华佗', '伤口', 0),
(334, '华佗', '长辈', 0),
(335, '华佗', '小龙', 0),
(336, '华佗', '体验', 0),
(337, '华佗', '商品', 0),
(338, '华佗', '癌症', 0),
(339, '华佗', '说实话', 0),
(340, '华佗', '搬家', 0),
(341, '华佗', '检测', 0),
(342, '华佗', '学生会', 0),
(343, '华佗', '啊啊啊', 0),
(344, '华佗', '品德', 0),
(345, '华佗', '昆虫', 0),
(346, '华佗', '书馆', 0),
(347, '华佗', '英文', 0),
(348, '华佗', '想像', 0),
(349, '华佗', '诊病', 0),
(350, '华佗', '图书馆', 0),
(351, '华佗', '专利', 0),
(352, '华佗', '图书', 0),
(353, '华佗', '建筑', 0),
(354, '华佗', '魔女', 0),
(355, '华佗', '达文西', 0),
(356, '华佗', '匈牙利', 0),
(357, '华佗', '车子', 0),
(358, '华佗', '国防', 0),
(359, '华佗', '针灸', 0),
(360, '华佗', '地球', 0),
(361, '华佗', '教育', 0),
(362, '华佗', '感恩', 0),
(363, '华佗', '妈妈', 0),
(364, '华佗', '动画', 0),
(365, '华佗', '流感', 0),
(366, '华佗', '安东尼', 0),
(367, '华佗', '实话', 0),
(368, '华佗', '测试', 0),
(369, '华佗', '德福', 0),
(370, '华佗', '课程', 0),
(371, '华佗', '法制教育', 0),
(372, '华佗', '土地', 0),
(373, '华佗', '寄居蟹', 0),
(374, '华佗', '安东尼奥', 0),
(375, '华佗', '尼奥', 0),
(376, '华佗', '用药', 0),
(377, '华佗', '国王', 0),
(378, '华佗', '轮子', 0),
(379, '华佗', '安东', 0),
(380, '华佗', '小朋友', 0),
(381, '华佗', '朋友', 0),
(382, '华佗', '猴子', 0),
(383, '华佗', '能源', 0),
(384, '华佗', '故事', 0),
(385, '华佗', '防灾', 0),
(386, '华佗', '樱花', 0),
(387, '华佗', '条文', 0),
(388, '华佗', '设备', 0),
(389, '华佗', '设计师', 0),
(390, '华佗', '父子', 0),
(391, '华佗', '产品', 0),
(392, '华佗', '口罩', 0),
(393, '华佗', '垃圾', 0),
(394, '华佗', '药局', 0),
(395, '华佗', '手语', 0),
(396, '华佗', '偏向', 0),
(397, '诺瓦', '运动', 0),
(398, '诺瓦', '螃蟹', 0),
(399, '诺瓦', '乐器', 0),
(400, '诺瓦', '华佗', 0),
(401, '诺瓦', '选择', 0),
(402, '诺瓦', '害羞', 0),
(403, '诺瓦', '张衡', 0),
(404, '诺瓦', '红毛', 0),
(405, '诺瓦', '华语', 0),
(406, '诺瓦', '阅读', 0),
(407, '诺瓦', '恐龙', 0),
(408, '诺瓦', '意识', 0),
(409, '诺瓦', '智库', 0),
(410, '诺瓦', '教科书', 0),
(411, '诺瓦', '宠物', 0),
(412, '诺瓦', '用户', 0),
(413, '诺瓦', '青年', 0),
(414, '诺瓦', '数学', 0),
(415, '诺瓦', '味道', 0),
(416, '诺瓦', '飞利浦', 0),
(417, '诺瓦', '想像力', 0),
(418, '诺瓦', '孩子', 0),
(419, '诺瓦', '五专', 0),
(420, '诺瓦', '服务', 0),
(421, '诺瓦', '职工', 0),
(422, '诺瓦', '教科', 0),
(423, '诺瓦', '节能', 0),
(424, '诺瓦', '海鸥', 0),
(425, '诺瓦', '种子', 0),
(426, '诺瓦', '登革热', 0),
(427, '诺瓦', '素养', 0),
(428, '诺瓦', '拖鞋', 0),
(429, '诺瓦', '数位', 0),
(430, '诺瓦', '猕猴', 0),
(431, '诺瓦', '法制', 0),
(432, '诺瓦', '伤口', 0),
(433, '诺瓦', '长辈', 0),
(434, '诺瓦', '小龙', 0),
(435, '诺瓦', '体验', 0),
(436, '诺瓦', '商品', 0),
(437, '诺瓦', '癌症', 0),
(438, '诺瓦', '说实话', 0),
(439, '诺瓦', '搬家', 0),
(440, '诺瓦', '检测', 0),
(441, '诺瓦', '学生会', 0),
(442, '诺瓦', '啊啊啊', 0),
(443, '诺瓦', '品德', 0),
(444, '诺瓦', '昆虫', 0),
(445, '诺瓦', '书馆', 0),
(446, '诺瓦', '英文', 0),
(447, '诺瓦', '想像', 0),
(448, '诺瓦', '诊病', 0),
(449, '诺瓦', '图书馆', 0),
(450, '诺瓦', '专利', 0),
(451, '诺瓦', '图书', 0),
(452, '诺瓦', '建筑', 0),
(453, '诺瓦', '魔女', 0),
(454, '诺瓦', '达文西', 0),
(455, '诺瓦', '匈牙利', 0),
(456, '诺瓦', '车子', 0),
(457, '诺瓦', '国防', 0),
(458, '诺瓦', '针灸', 0),
(459, '诺瓦', '地球', 0),
(460, '诺瓦', '教育', 0),
(461, '诺瓦', '感恩', 0),
(462, '诺瓦', '妈妈', 0),
(463, '诺瓦', '动画', 0),
(464, '诺瓦', '流感', 0),
(465, '诺瓦', '安东尼', 0),
(466, '诺瓦', '实话', 0),
(467, '诺瓦', '测试', 0),
(468, '诺瓦', '德福', 0),
(469, '诺瓦', '课程', 0),
(470, '诺瓦', '法制教育', 0),
(471, '诺瓦', '土地', 0),
(472, '诺瓦', '寄居蟹', 0),
(473, '诺瓦', '安东尼奥', 0),
(474, '诺瓦', '尼奥', 0),
(475, '诺瓦', '用药', 0),
(476, '诺瓦', '国王', 0),
(477, '诺瓦', '轮子', 0),
(478, '诺瓦', '安东', 0),
(479, '诺瓦', '小朋友', 0),
(480, '诺瓦', '朋友', 0),
(481, '诺瓦', '猴子', 0),
(482, '诺瓦', '能源', 0),
(483, '诺瓦', '故事', 0),
(484, '诺瓦', '防灾', 0),
(485, '诺瓦', '樱花', 0),
(486, '诺瓦', '条文', 0),
(487, '诺瓦', '设备', 0),
(488, '诺瓦', '设计师', 0),
(489, '诺瓦', '父子', 0),
(490, '诺瓦', '产品', 0),
(491, '诺瓦', '口罩', 0),
(492, '诺瓦', '垃圾', 0),
(493, '诺瓦', '药局', 0),
(494, '诺瓦', '手语', 0),
(495, '诺瓦', '偏向', 0),
(496, '选择', '运动', 1),
(497, '选择', '螃蟹', 0),
(498, '选择', '乐器', 0),
(499, '选择', '华佗', 0),
(500, '选择', '诺瓦', 0),
(501, '选择', '害羞', 0),
(502, '选择', '张衡', 0),
(503, '选择', '红毛', 0),
(504, '选择', '华语', 0),
(505, '选择', '阅读', 0),
(506, '选择', '恐龙', 0),
(507, '选择', '意识', 1),
(508, '选择', '智库', 0),
(509, '选择', '教科书', 0),
(510, '选择', '宠物', 0),
(511, '选择', '用户', 3),
(512, '选择', '青年', 0),
(513, '选择', '数学', 1),
(514, '选择', '味道', 0),
(515, '选择', '飞利浦', 0),
(516, '选择', '想像力', 0),
(517, '选择', '孩子', 2),
(518, '选择', '五专', 0),
(519, '选择', '服务', 2),
(520, '选择', '职工', 0),
(521, '选择', '教科', 0),
(522, '选择', '节能', 1),
(523, '选择', '海鸥', 0),
(524, '选择', '种子', 0),
(525, '选择', '登革热', 0),
(526, '选择', '素养', 0),
(527, '选择', '拖鞋', 0),
(528, '选择', '数位', 1),
(529, '选择', '猕猴', 0),
(530, '选择', '法制', 0),
(531, '选择', '伤口', 1),
(532, '选择', '长辈', 0),
(533, '选择', '小龙', 0),
(534, '选择', '体验', 3),
(535, '选择', '商品', 1),
(536, '选择', '癌症', 0),
(537, '选择', '说实话', 0),
(538, '选择', '搬家', 0),
(539, '选择', '检测', 0),
(540, '选择', '学生会', 0),
(541, '选择', '啊啊啊', 0),
(542, '选择', '品德', 0),
(543, '选择', '昆虫', 0),
(544, '选择', '书馆', 1),
(545, '选择', '英文', 2),
(546, '选择', '想像', 0),
(547, '选择', '诊病', 0),
(548, '选择', '图书馆', 1),
(549, '选择', '专利', 0),
(550, '选择', '图书', 1),
(551, '选择', '建筑', 1),
(552, '选择', '魔女', 0),
(553, '选择', '达文西', 1),
(554, '选择', '匈牙利', 0),
(555, '选择', '车子', 3),
(556, '选择', '国防', 0),
(557, '选择', '针灸', 0),
(558, '选择', '地球', 0),
(559, '选择', '教育', 3),
(560, '选择', '感恩', 0),
(561, '选择', '妈妈', 1),
(562, '选择', '动画', 0),
(563, '选择', '流感', 0),
(564, '选择', '安东尼', 0),
(565, '选择', '实话', 1),
(566, '选择', '测试', 1),
(567, '选择', '德福', 0),
(568, '选择', '课程', 2),
(569, '选择', '法制教育', 0),
(570, '选择', '土地', 1),
(571, '选择', '寄居蟹', 0),
(572, '选择', '安东尼奥', 0),
(573, '选择', '尼奥', 0),
(574, '选择', '用药', 1),
(575, '选择', '国王', 0),
(576, '选择', '轮子', 1),
(577, '选择', '安东', 0),
(578, '选择', '小朋友', 1),
(579, '选择', '朋友', 3),
(580, '选择', '猴子', 2),
(581, '选择', '能源', 2),
(582, '选择', '故事', 1),
(583, '选择', '防灾', 0),
(584, '选择', '樱花', 0),
(585, '选择', '条文', 0),
(586, '选择', '设备', 2),
(587, '选择', '设计师', 3),
(588, '选择', '父子', 0),
(589, '选择', '产品', 3),
(590, '选择', '口罩', 0),
(591, '选择', '垃圾', 0),
(592, '选择', '药局', 0),
(593, '选择', '手语', 0),
(594, '选择', '偏向', 1),
(595, '害羞', '运动', 0),
(596, '害羞', '螃蟹', 0),
(597, '害羞', '乐器', 0),
(598, '害羞', '华佗', 0),
(599, '害羞', '诺瓦', 0),
(600, '害羞', '选择', 0),
(601, '害羞', '张衡', 0),
(602, '害羞', '红毛', 0),
(603, '害羞', '华语', 0),
(604, '害羞', '阅读', 0),
(605, '害羞', '恐龙', 0),
(606, '害羞', '意识', 0),
(607, '害羞', '智库', 0),
(608, '害羞', '教科书', 0),
(609, '害羞', '宠物', 0),
(610, '害羞', '用户', 0),
(611, '害羞', '青年', 3),
(612, '害羞', '数学', 0),
(613, '害羞', '味道', 0),
(614, '害羞', '飞利浦', 0),
(615, '害羞', '想像力', 1),
(616, '害羞', '孩子', 9),
(617, '害羞', '五专', 0),
(618, '害羞', '服务', 0),
(619, '害羞', '职工', 0),
(620, '害羞', '教科', 1),
(621, '害羞', '节能', 0),
(622, '害羞', '海鸥', 0),
(623, '害羞', '种子', 0),
(624, '害羞', '登革热', 0),
(625, '害羞', '素养', 0),
(626, '害羞', '拖鞋', 0),
(627, '害羞', '数位', 0),
(628, '害羞', '猕猴', 0),
(629, '害羞', '法制', 0),
(630, '害羞', '伤口', 0),
(631, '害羞', '长辈', 0),
(632, '害羞', '小龙', 0),
(633, '害羞', '体验', 0),
(634, '害羞', '商品', 0),
(635, '害羞', '癌症', 0),
(636, '害羞', '说实话', 0),
(637, '害羞', '搬家', 0),
(638, '害羞', '检测', 0),
(639, '害羞', '学生会', 0),
(640, '害羞', '啊啊啊', 1),
(641, '害羞', '品德', 3),
(642, '害羞', '昆虫', 0),
(643, '害羞', '书馆', 0),
(644, '害羞', '英文', 2),
(645, '害羞', '想像', 5),
(646, '害羞', '诊病', 0),
(647, '害羞', '图书馆', 0),
(648, '害羞', '专利', 0),
(649, '害羞', '图书', 0),
(650, '害羞', '建筑', 0),
(651, '害羞', '魔女', 1),
(652, '害羞', '达文西', 0),
(653, '害羞', '匈牙利', 0),
(654, '害羞', '车子', 0),
(655, '害羞', '国防', 0),
(656, '害羞', '针灸', 0),
(657, '害羞', '地球', 1),
(658, '害羞', '教育', 9),
(659, '害羞', '感恩', 0),
(660, '害羞', '妈妈', 0),
(661, '害羞', '动画', 0),
(662, '害羞', '流感', 0),
(663, '害羞', '安东尼', 0),
(664, '害羞', '实话', 0),
(665, '害羞', '测试', 0),
(666, '害羞', '德福', 0),
(667, '害羞', '课程', 0),
(668, '害羞', '法制教育', 0),
(669, '害羞', '土地', 0),
(670, '害羞', '寄居蟹', 0),
(671, '害羞', '安东尼奥', 0),
(672, '害羞', '尼奥', 0),
(673, '害羞', '用药', 0),
(674, '害羞', '国王', 0),
(675, '害羞', '轮子', 0),
(676, '害羞', '安东', 0),
(677, '害羞', '小朋友', 9),
(678, '害羞', '朋友', 10),
(679, '害羞', '猴子', 0),
(680, '害羞', '能源', 1),
(681, '害羞', '故事', 10),
(682, '害羞', '防灾', 0),
(683, '害羞', '樱花', 0),
(684, '害羞', '条文', 0),
(685, '害羞', '设备', 0),
(686, '害羞', '设计师', 0),
(687, '害羞', '父子', 0),
(688, '害羞', '产品', 0),
(689, '害羞', '口罩', 0),
(690, '害羞', '垃圾', 3),
(691, '害羞', '药局', 0),
(692, '害羞', '手语', 0),
(693, '害羞', '偏向', 1),
(694, '张衡', '运动', 0),
(695, '张衡', '螃蟹', 0),
(696, '张衡', '乐器', 0),
(697, '张衡', '华佗', 0),
(698, '张衡', '诺瓦', 0),
(699, '张衡', '选择', 0),
(700, '张衡', '害羞', 0),
(701, '张衡', '红毛', 0),
(702, '张衡', '华语', 0),
(703, '张衡', '阅读', 0),
(704, '张衡', '恐龙', 0),
(705, '张衡', '意识', 0),
(706, '张衡', '智库', 0),
(707, '张衡', '教科书', 0),
(708, '张衡', '宠物', 0),
(709, '张衡', '用户', 0),
(710, '张衡', '青年', 0),
(711, '张衡', '数学', 0),
(712, '张衡', '味道', 0),
(713, '张衡', '飞利浦', 0),
(714, '张衡', '想像力', 0),
(715, '张衡', '孩子', 0),
(716, '张衡', '五专', 0),
(717, '张衡', '服务', 0),
(718, '张衡', '职工', 0),
(719, '张衡', '教科', 0),
(720, '张衡', '节能', 0),
(721, '张衡', '海鸥', 0),
(722, '张衡', '种子', 0),
(723, '张衡', '登革热', 0),
(724, '张衡', '素养', 0),
(725, '张衡', '拖鞋', 0),
(726, '张衡', '数位', 0),
(727, '张衡', '猕猴', 0),
(728, '张衡', '法制', 0),
(729, '张衡', '伤口', 0),
(730, '张衡', '长辈', 0),
(731, '张衡', '小龙', 0),
(732, '张衡', '体验', 0),
(733, '张衡', '商品', 0),
(734, '张衡', '癌症', 0),
(735, '张衡', '说实话', 0),
(736, '张衡', '搬家', 0),
(737, '张衡', '检测', 0),
(738, '张衡', '学生会', 0),
(739, '张衡', '啊啊啊', 0),
(740, '张衡', '品德', 0),
(741, '张衡', '昆虫', 0),
(742, '张衡', '书馆', 0),
(743, '张衡', '英文', 0),
(744, '张衡', '想像', 0),
(745, '张衡', '诊病', 0),
(746, '张衡', '图书馆', 0),
(747, '张衡', '专利', 0),
(748, '张衡', '图书', 0),
(749, '张衡', '建筑', 0),
(750, '张衡', '魔女', 0),
(751, '张衡', '达文西', 0),
(752, '张衡', '匈牙利', 0),
(753, '张衡', '车子', 0),
(754, '张衡', '国防', 0),
(755, '张衡', '针灸', 0),
(756, '张衡', '地球', 0),
(757, '张衡', '教育', 0),
(758, '张衡', '感恩', 0),
(759, '张衡', '妈妈', 0),
(760, '张衡', '动画', 0),
(761, '张衡', '流感', 0),
(762, '张衡', '安东尼', 0),
(763, '张衡', '实话', 0),
(764, '张衡', '测试', 0),
(765, '张衡', '德福', 0),
(766, '张衡', '课程', 0),
(767, '张衡', '法制教育', 0),
(768, '张衡', '土地', 0),
(769, '张衡', '寄居蟹', 0),
(770, '张衡', '安东尼奥', 0),
(771, '张衡', '尼奥', 0),
(772, '张衡', '用药', 0),
(773, '张衡', '国王', 0),
(774, '张衡', '轮子', 0),
(775, '张衡', '安东', 0),
(776, '张衡', '小朋友', 0),
(777, '张衡', '朋友', 0),
(778, '张衡', '猴子', 0),
(779, '张衡', '能源', 0),
(780, '张衡', '故事', 0),
(781, '张衡', '防灾', 0),
(782, '张衡', '樱花', 0),
(783, '张衡', '条文', 0),
(784, '张衡', '设备', 0),
(785, '张衡', '设计师', 0),
(786, '张衡', '父子', 0),
(787, '张衡', '产品', 0),
(788, '张衡', '口罩', 0),
(789, '张衡', '垃圾', 0),
(790, '张衡', '药局', 0),
(791, '张衡', '手语', 0),
(792, '张衡', '偏向', 0),
(793, '红毛', '运动', 0),
(794, '红毛', '螃蟹', 0),
(795, '红毛', '乐器', 0),
(796, '红毛', '华佗', 0),
(797, '红毛', '诺瓦', 0),
(798, '红毛', '选择', 0),
(799, '红毛', '害羞', 0),
(800, '红毛', '张衡', 0),
(801, '红毛', '华语', 0),
(802, '红毛', '阅读', 0),
(803, '红毛', '恐龙', 0),
(804, '红毛', '意识', 0),
(805, '红毛', '智库', 0),
(806, '红毛', '教科书', 0),
(807, '红毛', '宠物', 0),
(808, '红毛', '用户', 0),
(809, '红毛', '青年', 0),
(810, '红毛', '数学', 0),
(811, '红毛', '味道', 0),
(812, '红毛', '飞利浦', 0),
(813, '红毛', '想像力', 0),
(814, '红毛', '孩子', 0),
(815, '红毛', '五专', 0),
(816, '红毛', '服务', 0),
(817, '红毛', '职工', 0),
(818, '红毛', '教科', 0),
(819, '红毛', '节能', 0),
(820, '红毛', '海鸥', 0),
(821, '红毛', '种子', 0),
(822, '红毛', '登革热', 0),
(823, '红毛', '素养', 0),
(824, '红毛', '拖鞋', 0),
(825, '红毛', '数位', 0),
(826, '红毛', '猕猴', 0),
(827, '红毛', '法制', 0),
(828, '红毛', '伤口', 0),
(829, '红毛', '长辈', 0),
(830, '红毛', '小龙', 0),
(831, '红毛', '体验', 0),
(832, '红毛', '商品', 0),
(833, '红毛', '癌症', 0),
(834, '红毛', '说实话', 0),
(835, '红毛', '搬家', 0),
(836, '红毛', '检测', 0),
(837, '红毛', '学生会', 0),
(838, '红毛', '啊啊啊', 0),
(839, '红毛', '品德', 0),
(840, '红毛', '昆虫', 0),
(841, '红毛', '书馆', 0),
(842, '红毛', '英文', 0),
(843, '红毛', '想像', 0),
(844, '红毛', '诊病', 0),
(845, '红毛', '图书馆', 0),
(846, '红毛', '专利', 0),
(847, '红毛', '图书', 0),
(848, '红毛', '建筑', 0),
(849, '红毛', '魔女', 0),
(850, '红毛', '达文西', 0),
(851, '红毛', '匈牙利', 0),
(852, '红毛', '车子', 0),
(853, '红毛', '国防', 0),
(854, '红毛', '针灸', 0),
(855, '红毛', '地球', 0),
(856, '红毛', '教育', 0),
(857, '红毛', '感恩', 0),
(858, '红毛', '妈妈', 0),
(859, '红毛', '动画', 0),
(860, '红毛', '流感', 0),
(861, '红毛', '安东尼', 0),
(862, '红毛', '实话', 0),
(863, '红毛', '测试', 0),
(864, '红毛', '德福', 0),
(865, '红毛', '课程', 0),
(866, '红毛', '法制教育', 0),
(867, '红毛', '土地', 0),
(868, '红毛', '寄居蟹', 0),
(869, '红毛', '安东尼奥', 0),
(870, '红毛', '尼奥', 0),
(871, '红毛', '用药', 0),
(872, '红毛', '国王', 0),
(873, '红毛', '轮子', 0),
(874, '红毛', '安东', 0),
(875, '红毛', '小朋友', 0),
(876, '红毛', '朋友', 0),
(877, '红毛', '猴子', 0),
(878, '红毛', '能源', 0),
(879, '红毛', '故事', 0),
(880, '红毛', '防灾', 0),
(881, '红毛', '樱花', 0),
(882, '红毛', '条文', 0),
(883, '红毛', '设备', 0),
(884, '红毛', '设计师', 0),
(885, '红毛', '父子', 0),
(886, '红毛', '产品', 0),
(887, '红毛', '口罩', 0),
(888, '红毛', '垃圾', 0),
(889, '红毛', '药局', 0),
(890, '红毛', '手语', 0),
(891, '红毛', '偏向', 0),
(892, '华语', '运动', 0),
(893, '华语', '螃蟹', 0),
(894, '华语', '乐器', 0),
(895, '华语', '华佗', 0),
(896, '华语', '诺瓦', 0),
(897, '华语', '选择', 0),
(898, '华语', '害羞', 0),
(899, '华语', '张衡', 0),
(900, '华语', '红毛', 0),
(901, '华语', '阅读', 0),
(902, '华语', '恐龙', 0),
(903, '华语', '意识', 0),
(904, '华语', '智库', 0),
(905, '华语', '教科书', 0),
(906, '华语', '宠物', 0),
(907, '华语', '用户', 0),
(908, '华语', '青年', 0),
(909, '华语', '数学', 0),
(910, '华语', '味道', 0),
(911, '华语', '飞利浦', 0),
(912, '华语', '想像力', 0),
(913, '华语', '孩子', 0),
(914, '华语', '五专', 0),
(915, '华语', '服务', 0),
(916, '华语', '职工', 0),
(917, '华语', '教科', 0),
(918, '华语', '节能', 0),
(919, '华语', '海鸥', 0),
(920, '华语', '种子', 0),
(921, '华语', '登革热', 0),
(922, '华语', '素养', 0),
(923, '华语', '拖鞋', 0),
(924, '华语', '数位', 0),
(925, '华语', '猕猴', 0),
(926, '华语', '法制', 0),
(927, '华语', '伤口', 0),
(928, '华语', '长辈', 0),
(929, '华语', '小龙', 0),
(930, '华语', '体验', 0),
(931, '华语', '商品', 0),
(932, '华语', '癌症', 0),
(933, '华语', '说实话', 0),
(934, '华语', '搬家', 0),
(935, '华语', '检测', 0),
(936, '华语', '学生会', 0),
(937, '华语', '啊啊啊', 0),
(938, '华语', '品德', 0),
(939, '华语', '昆虫', 0),
(940, '华语', '书馆', 0),
(941, '华语', '英文', 0),
(942, '华语', '想像', 0),
(943, '华语', '诊病', 0),
(944, '华语', '图书馆', 0),
(945, '华语', '专利', 0),
(946, '华语', '图书', 0),
(947, '华语', '建筑', 0),
(948, '华语', '魔女', 0),
(949, '华语', '达文西', 0),
(950, '华语', '匈牙利', 0),
(951, '华语', '车子', 0),
(952, '华语', '国防', 0),
(953, '华语', '针灸', 0),
(954, '华语', '地球', 0),
(955, '华语', '教育', 0),
(956, '华语', '感恩', 0),
(957, '华语', '妈妈', 0),
(958, '华语', '动画', 0),
(959, '华语', '流感', 0),
(960, '华语', '安东尼', 0),
(961, '华语', '实话', 0),
(962, '华语', '测试', 0),
(963, '华语', '德福', 0),
(964, '华语', '课程', 0),
(965, '华语', '法制教育', 0),
(966, '华语', '土地', 0),
(967, '华语', '寄居蟹', 0),
(968, '华语', '安东尼奥', 0),
(969, '华语', '尼奥', 0),
(970, '华语', '用药', 0),
(971, '华语', '国王', 0),
(972, '华语', '轮子', 0),
(973, '华语', '安东', 0),
(974, '华语', '小朋友', 0),
(975, '华语', '朋友', 0),
(976, '华语', '猴子', 0),
(977, '华语', '能源', 0),
(978, '华语', '故事', 0),
(979, '华语', '防灾', 0),
(980, '华语', '樱花', 0),
(981, '华语', '条文', 0),
(982, '华语', '设备', 0),
(983, '华语', '设计师', 0),
(984, '华语', '父子', 0),
(985, '华语', '产品', 0),
(986, '华语', '口罩', 0),
(987, '华语', '垃圾', 0),
(988, '华语', '药局', 0),
(989, '华语', '手语', 0),
(990, '华语', '偏向', 0),
(991, '阅读', '运动', 1),
(992, '阅读', '螃蟹', 0),
(993, '阅读', '乐器', 0),
(994, '阅读', '华佗', 0),
(995, '阅读', '诺瓦', 0),
(996, '阅读', '选择', 0),
(997, '阅读', '害羞', 0),
(998, '阅读', '张衡', 0),
(999, '阅读', '红毛', 0),
(1000, '阅读', '华语', 0),
(1001, '阅读', '恐龙', 0),
(1002, '阅读', '意识', 0),
(1003, '阅读', '智库', 0),
(1004, '阅读', '教科书', 0),
(1005, '阅读', '宠物', 0),
(1006, '阅读', '用户', 2),
(1007, '阅读', '青年', 0),
(1008, '阅读', '数学', 0),
(1009, '阅读', '味道', 0),
(1010, '阅读', '飞利浦', 0),
(1011, '阅读', '想像力', 0),
(1012, '阅读', '孩子', 1),
(1013, '阅读', '五专', 0),
(1014, '阅读', '服务', 2),
(1015, '阅读', '职工', 0),
(1016, '阅读', '教科', 0),
(1017, '阅读', '节能', 0),
(1018, '阅读', '海鸥', 0),
(1019, '阅读', '种子', 0),
(1020, '阅读', '登革热', 0),
(1021, '阅读', '素养', 0),
(1022, '阅读', '拖鞋', 0),
(1023, '阅读', '数位', 1),
(1024, '阅读', '猕猴', 0),
(1025, '阅读', '法制', 0),
(1026, '阅读', '伤口', 0),
(1027, '阅读', '长辈', 0),
(1028, '阅读', '小龙', 0),
(1029, '阅读', '体验', 2),
(1030, '阅读', '商品', 0),
(1031, '阅读', '癌症', 0),
(1032, '阅读', '说实话', 0),
(1033, '阅读', '搬家', 0),
(1034, '阅读', '检测', 0),
(1035, '阅读', '学生会', 0),
(1036, '阅读', '啊啊啊', 0),
(1037, '阅读', '品德', 0),
(1038, '阅读', '昆虫', 0),
(1039, '阅读', '书馆', 1),
(1040, '阅读', '英文', 0),
(1041, '阅读', '想像', 1),
(1042, '阅读', '诊病', 0),
(1043, '阅读', '图书馆', 0),
(1044, '阅读', '专利', 0),
(1045, '阅读', '图书', 0),
(1046, '阅读', '建筑', 1),
(1047, '阅读', '魔女', 0),
(1048, '阅读', '达文西', 0),
(1049, '阅读', '匈牙利', 0),
(1050, '阅读', '车子', 2),
(1051, '阅读', '国防', 0),
(1052, '阅读', '针灸', 0),
(1053, '阅读', '地球', 0),
(1054, '阅读', '教育', 2),
(1055, '阅读', '感恩', 0),
(1056, '阅读', '妈妈', 2),
(1057, '阅读', '动画', 0),
(1058, '阅读', '流感', 0),
(1059, '阅读', '安东尼', 0),
(1060, '阅读', '实话', 0),
(1061, '阅读', '测试', 1),
(1062, '阅读', '德福', 0),
(1063, '阅读', '课程', 2),
(1064, '阅读', '法制教育', 0),
(1065, '阅读', '土地', 1),
(1066, '阅读', '寄居蟹', 0),
(1067, '阅读', '安东尼奥', 0),
(1068, '阅读', '尼奥', 0),
(1069, '阅读', '用药', 0),
(1070, '阅读', '国王', 0),
(1071, '阅读', '轮子', 0),
(1072, '阅读', '安东', 0),
(1073, '阅读', '小朋友', 1),
(1074, '阅读', '朋友', 2),
(1075, '阅读', '猴子', 0),
(1076, '阅读', '能源', 1),
(1077, '阅读', '故事', 1),
(1078, '阅读', '防灾', 0),
(1079, '阅读', '樱花', 0),
(1080, '阅读', '条文', 0),
(1081, '阅读', '设备', 1),
(1082, '阅读', '设计师', 2),
(1083, '阅读', '父子', 0),
(1084, '阅读', '产品', 1),
(1085, '阅读', '口罩', 0),
(1086, '阅读', '垃圾', 0),
(1087, '阅读', '药局', 0),
(1088, '阅读', '手语', 0),
(1089, '阅读', '偏向', 0),
(1090, '恐龙', '运动', 0),
(1091, '恐龙', '螃蟹', 0),
(1092, '恐龙', '乐器', 0),
(1093, '恐龙', '华佗', 0),
(1094, '恐龙', '诺瓦', 0),
(1095, '恐龙', '选择', 0),
(1096, '恐龙', '害羞', 0),
(1097, '恐龙', '张衡', 0),
(1098, '恐龙', '红毛', 0),
(1099, '恐龙', '华语', 0),
(1100, '恐龙', '阅读', 0),
(1101, '恐龙', '意识', 0),
(1102, '恐龙', '智库', 0),
(1103, '恐龙', '教科书', 0),
(1104, '恐龙', '宠物', 0),
(1105, '恐龙', '用户', 0),
(1106, '恐龙', '青年', 0),
(1107, '恐龙', '数学', 0),
(1108, '恐龙', '味道', 0),
(1109, '恐龙', '飞利浦', 0),
(1110, '恐龙', '想像力', 0),
(1111, '恐龙', '孩子', 0),
(1112, '恐龙', '五专', 0),
(1113, '恐龙', '服务', 0),
(1114, '恐龙', '职工', 0),
(1115, '恐龙', '教科', 0),
(1116, '恐龙', '节能', 0),
(1117, '恐龙', '海鸥', 0),
(1118, '恐龙', '种子', 0),
(1119, '恐龙', '登革热', 0),
(1120, '恐龙', '素养', 0),
(1121, '恐龙', '拖鞋', 0),
(1122, '恐龙', '数位', 0),
(1123, '恐龙', '猕猴', 0),
(1124, '恐龙', '法制', 0),
(1125, '恐龙', '伤口', 0),
(1126, '恐龙', '长辈', 0),
(1127, '恐龙', '小龙', 0),
(1128, '恐龙', '体验', 0),
(1129, '恐龙', '商品', 0),
(1130, '恐龙', '癌症', 0),
(1131, '恐龙', '说实话', 0),
(1132, '恐龙', '搬家', 0),
(1133, '恐龙', '检测', 0),
(1134, '恐龙', '学生会', 0),
(1135, '恐龙', '啊啊啊', 0),
(1136, '恐龙', '品德', 0),
(1137, '恐龙', '昆虫', 0),
(1138, '恐龙', '书馆', 0),
(1139, '恐龙', '英文', 0),
(1140, '恐龙', '想像', 0),
(1141, '恐龙', '诊病', 0),
(1142, '恐龙', '图书馆', 0),
(1143, '恐龙', '专利', 0),
(1144, '恐龙', '图书', 0),
(1145, '恐龙', '建筑', 0),
(1146, '恐龙', '魔女', 0),
(1147, '恐龙', '达文西', 0),
(1148, '恐龙', '匈牙利', 0),
(1149, '恐龙', '车子', 0),
(1150, '恐龙', '国防', 0),
(1151, '恐龙', '针灸', 0),
(1152, '恐龙', '地球', 0),
(1153, '恐龙', '教育', 0),
(1154, '恐龙', '感恩', 0),
(1155, '恐龙', '妈妈', 0),
(1156, '恐龙', '动画', 0),
(1157, '恐龙', '流感', 0),
(1158, '恐龙', '安东尼', 0),
(1159, '恐龙', '实话', 0),
(1160, '恐龙', '测试', 0),
(1161, '恐龙', '德福', 0),
(1162, '恐龙', '课程', 0),
(1163, '恐龙', '法制教育', 0),
(1164, '恐龙', '土地', 0),
(1165, '恐龙', '寄居蟹', 0),
(1166, '恐龙', '安东尼奥', 0),
(1167, '恐龙', '尼奥', 0),
(1168, '恐龙', '用药', 0),
(1169, '恐龙', '国王', 0),
(1170, '恐龙', '轮子', 0),
(1171, '恐龙', '安东', 0),
(1172, '恐龙', '小朋友', 0),
(1173, '恐龙', '朋友', 0),
(1174, '恐龙', '猴子', 0),
(1175, '恐龙', '能源', 0),
(1176, '恐龙', '故事', 0),
(1177, '恐龙', '防灾', 0),
(1178, '恐龙', '樱花', 0),
(1179, '恐龙', '条文', 0),
(1180, '恐龙', '设备', 0),
(1181, '恐龙', '设计师', 0),
(1182, '恐龙', '父子', 0),
(1183, '恐龙', '产品', 0),
(1184, '恐龙', '口罩', 0),
(1185, '恐龙', '垃圾', 0),
(1186, '恐龙', '药局', 0),
(1187, '恐龙', '手语', 0),
(1188, '恐龙', '偏向', 0),
(1189, '意识', '运动', 1),
(1190, '意识', '螃蟹', 0),
(1191, '意识', '乐器', 0),
(1192, '意识', '华佗', 0),
(1193, '意识', '诺瓦', 0),
(1194, '意识', '选择', 1),
(1195, '意识', '害羞', 0),
(1196, '意识', '张衡', 0),
(1197, '意识', '红毛', 0),
(1198, '意识', '华语', 0),
(1199, '意识', '阅读', 0),
(1200, '意识', '恐龙', 0),
(1201, '意识', '智库', 0),
(1202, '意识', '教科书', 0),
(1203, '意识', '宠物', 0),
(1204, '意识', '用户', 1),
(1205, '意识', '青年', 0),
(1206, '意识', '数学', 1),
(1207, '意识', '味道', 0),
(1208, '意识', '飞利浦', 0),
(1209, '意识', '想像力', 0),
(1210, '意识', '孩子', 1),
(1211, '意识', '五专', 0),
(1212, '意识', '服务', 1),
(1213, '意识', '职工', 0),
(1214, '意识', '教科', 0),
(1215, '意识', '节能', 1),
(1216, '意识', '海鸥', 0),
(1217, '意识', '种子', 0),
(1218, '意识', '登革热', 0),
(1219, '意识', '素养', 0),
(1220, '意识', '拖鞋', 0),
(1221, '意识', '数位', 1),
(1222, '意识', '猕猴', 0),
(1223, '意识', '法制', 0),
(1224, '意识', '伤口', 1),
(1225, '意识', '长辈', 0),
(1226, '意识', '小龙', 0),
(1227, '意识', '体验', 1),
(1228, '意识', '商品', 1),
(1229, '意识', '癌症', 0),
(1230, '意识', '说实话', 0),
(1231, '意识', '搬家', 0),
(1232, '意识', '检测', 0),
(1233, '意识', '学生会', 0),
(1234, '意识', '啊啊啊', 0),
(1235, '意识', '品德', 0),
(1236, '意识', '昆虫', 0),
(1237, '意识', '书馆', 0),
(1238, '意识', '英文', 1),
(1239, '意识', '想像', 0),
(1240, '意识', '诊病', 0),
(1241, '意识', '图书馆', 0),
(1242, '意识', '专利', 0),
(1243, '意识', '图书', 0),
(1244, '意识', '建筑', 1),
(1245, '意识', '魔女', 0),
(1246, '意识', '达文西', 1),
(1247, '意识', '匈牙利', 0),
(1248, '意识', '车子', 1),
(1249, '意识', '国防', 0),
(1250, '意识', '针灸', 0),
(1251, '意识', '地球', 0),
(1252, '意识', '教育', 1),
(1253, '意识', '感恩', 0),
(1254, '意识', '妈妈', 1),
(1255, '意识', '动画', 0),
(1256, '意识', '流感', 0),
(1257, '意识', '安东尼', 0),
(1258, '意识', '实话', 1),
(1259, '意识', '测试', 0),
(1260, '意识', '德福', 0),
(1261, '意识', '课程', 1),
(1262, '意识', '法制教育', 0),
(1263, '意识', '土地', 0),
(1264, '意识', '寄居蟹', 0),
(1265, '意识', '安东尼奥', 0),
(1266, '意识', '尼奥', 0),
(1267, '意识', '用药', 0),
(1268, '意识', '国王', 0),
(1269, '意识', '轮子', 0),
(1270, '意识', '安东', 0),
(1271, '意识', '小朋友', 1),
(1272, '意识', '朋友', 1),
(1273, '意识', '猴子', 1),
(1274, '意识', '能源', 0),
(1275, '意识', '故事', 0),
(1276, '意识', '防灾', 0),
(1277, '意识', '樱花', 0),
(1278, '意识', '条文', 0),
(1279, '意识', '设备', 1),
(1280, '意识', '设计师', 1),
(1281, '意识', '父子', 0),
(1282, '意识', '产品', 1),
(1283, '意识', '口罩', 0),
(1284, '意识', '垃圾', 0),
(1285, '意识', '药局', 0),
(1286, '意识', '手语', 0),
(1287, '意识', '偏向', 1),
(1288, '智库', '运动', 0),
(1289, '智库', '螃蟹', 0),
(1290, '智库', '乐器', 0),
(1291, '智库', '华佗', 0),
(1292, '智库', '诺瓦', 0),
(1293, '智库', '选择', 0),
(1294, '智库', '害羞', 0),
(1295, '智库', '张衡', 0),
(1296, '智库', '红毛', 0),
(1297, '智库', '华语', 0),
(1298, '智库', '阅读', 0),
(1299, '智库', '恐龙', 0),
(1300, '智库', '意识', 0),
(1301, '智库', '教科书', 0),
(1302, '智库', '宠物', 0),
(1303, '智库', '用户', 0),
(1304, '智库', '青年', 0),
(1305, '智库', '数学', 0),
(1306, '智库', '味道', 0),
(1307, '智库', '飞利浦', 0),
(1308, '智库', '想像力', 0),
(1309, '智库', '孩子', 0),
(1310, '智库', '五专', 0),
(1311, '智库', '服务', 0),
(1312, '智库', '职工', 0),
(1313, '智库', '教科', 0),
(1314, '智库', '节能', 0),
(1315, '智库', '海鸥', 0),
(1316, '智库', '种子', 0),
(1317, '智库', '登革热', 0),
(1318, '智库', '素养', 0),
(1319, '智库', '拖鞋', 0),
(1320, '智库', '数位', 0),
(1321, '智库', '猕猴', 0),
(1322, '智库', '法制', 0),
(1323, '智库', '伤口', 0),
(1324, '智库', '长辈', 0),
(1325, '智库', '小龙', 0),
(1326, '智库', '体验', 0),
(1327, '智库', '商品', 0),
(1328, '智库', '癌症', 0),
(1329, '智库', '说实话', 0),
(1330, '智库', '搬家', 0),
(1331, '智库', '检测', 0),
(1332, '智库', '学生会', 0),
(1333, '智库', '啊啊啊', 0),
(1334, '智库', '品德', 0),
(1335, '智库', '昆虫', 0),
(1336, '智库', '书馆', 0),
(1337, '智库', '英文', 0),
(1338, '智库', '想像', 0),
(1339, '智库', '诊病', 0),
(1340, '智库', '图书馆', 0),
(1341, '智库', '专利', 0),
(1342, '智库', '图书', 0),
(1343, '智库', '建筑', 0),
(1344, '智库', '魔女', 0),
(1345, '智库', '达文西', 0),
(1346, '智库', '匈牙利', 0),
(1347, '智库', '车子', 0),
(1348, '智库', '国防', 0),
(1349, '智库', '针灸', 0),
(1350, '智库', '地球', 0),
(1351, '智库', '教育', 0),
(1352, '智库', '感恩', 0),
(1353, '智库', '妈妈', 0),
(1354, '智库', '动画', 0),
(1355, '智库', '流感', 0),
(1356, '智库', '安东尼', 0),
(1357, '智库', '实话', 0),
(1358, '智库', '测试', 0),
(1359, '智库', '德福', 0),
(1360, '智库', '课程', 0),
(1361, '智库', '法制教育', 0),
(1362, '智库', '土地', 0),
(1363, '智库', '寄居蟹', 0),
(1364, '智库', '安东尼奥', 0),
(1365, '智库', '尼奥', 0),
(1366, '智库', '用药', 0),
(1367, '智库', '国王', 0),
(1368, '智库', '轮子', 0),
(1369, '智库', '安东', 0),
(1370, '智库', '小朋友', 0),
(1371, '智库', '朋友', 0),
(1372, '智库', '猴子', 0),
(1373, '智库', '能源', 0),
(1374, '智库', '故事', 0),
(1375, '智库', '防灾', 0),
(1376, '智库', '樱花', 0),
(1377, '智库', '条文', 0),
(1378, '智库', '设备', 0),
(1379, '智库', '设计师', 0),
(1380, '智库', '父子', 0),
(1381, '智库', '产品', 0),
(1382, '智库', '口罩', 0),
(1383, '智库', '垃圾', 0),
(1384, '智库', '药局', 0),
(1385, '智库', '手语', 0),
(1386, '智库', '偏向', 0),
(1387, '教科书', '运动', 0),
(1388, '教科书', '螃蟹', 0),
(1389, '教科书', '乐器', 0),
(1390, '教科书', '华佗', 0),
(1391, '教科书', '诺瓦', 0),
(1392, '教科书', '选择', 0),
(1393, '教科书', '害羞', 0),
(1394, '教科书', '张衡', 0),
(1395, '教科书', '红毛', 0),
(1396, '教科书', '华语', 0),
(1397, '教科书', '阅读', 0),
(1398, '教科书', '恐龙', 0),
(1399, '教科书', '意识', 0),
(1400, '教科书', '智库', 0),
(1401, '教科书', '宠物', 0),
(1402, '教科书', '用户', 0),
(1403, '教科书', '青年', 0),
(1404, '教科书', '数学', 0),
(1405, '教科书', '味道', 0),
(1406, '教科书', '飞利浦', 0),
(1407, '教科书', '想像力', 0),
(1408, '教科书', '孩子', 0),
(1409, '教科书', '五专', 0),
(1410, '教科书', '服务', 0),
(1411, '教科书', '职工', 0),
(1412, '教科书', '教科', 0),
(1413, '教科书', '节能', 0),
(1414, '教科书', '海鸥', 0),
(1415, '教科书', '种子', 0),
(1416, '教科书', '登革热', 0),
(1417, '教科书', '素养', 0),
(1418, '教科书', '拖鞋', 0),
(1419, '教科书', '数位', 0),
(1420, '教科书', '猕猴', 0),
(1421, '教科书', '法制', 0),
(1422, '教科书', '伤口', 0),
(1423, '教科书', '长辈', 0),
(1424, '教科书', '小龙', 0),
(1425, '教科书', '体验', 0),
(1426, '教科书', '商品', 0),
(1427, '教科书', '癌症', 0),
(1428, '教科书', '说实话', 0),
(1429, '教科书', '搬家', 0),
(1430, '教科书', '检测', 0),
(1431, '教科书', '学生会', 0),
(1432, '教科书', '啊啊啊', 0),
(1433, '教科书', '品德', 0),
(1434, '教科书', '昆虫', 0),
(1435, '教科书', '书馆', 0),
(1436, '教科书', '英文', 0),
(1437, '教科书', '想像', 0),
(1438, '教科书', '诊病', 0),
(1439, '教科书', '图书馆', 0),
(1440, '教科书', '专利', 0),
(1441, '教科书', '图书', 0),
(1442, '教科书', '建筑', 0),
(1443, '教科书', '魔女', 0),
(1444, '教科书', '达文西', 0),
(1445, '教科书', '匈牙利', 0),
(1446, '教科书', '车子', 0),
(1447, '教科书', '国防', 0),
(1448, '教科书', '针灸', 0),
(1449, '教科书', '地球', 0),
(1450, '教科书', '教育', 0),
(1451, '教科书', '感恩', 0),
(1452, '教科书', '妈妈', 0),
(1453, '教科书', '动画', 0),
(1454, '教科书', '流感', 0),
(1455, '教科书', '安东尼', 0),
(1456, '教科书', '实话', 0),
(1457, '教科书', '测试', 0),
(1458, '教科书', '德福', 0),
(1459, '教科书', '课程', 0),
(1460, '教科书', '法制教育', 0),
(1461, '教科书', '土地', 0),
(1462, '教科书', '寄居蟹', 0),
(1463, '教科书', '安东尼奥', 0),
(1464, '教科书', '尼奥', 0),
(1465, '教科书', '用药', 0),
(1466, '教科书', '国王', 0),
(1467, '教科书', '轮子', 0),
(1468, '教科书', '安东', 0),
(1469, '教科书', '小朋友', 0),
(1470, '教科书', '朋友', 0),
(1471, '教科书', '猴子', 0),
(1472, '教科书', '能源', 0),
(1473, '教科书', '故事', 0),
(1474, '教科书', '防灾', 0),
(1475, '教科书', '樱花', 0),
(1476, '教科书', '条文', 0),
(1477, '教科书', '设备', 0),
(1478, '教科书', '设计师', 0),
(1479, '教科书', '父子', 0),
(1480, '教科书', '产品', 0),
(1481, '教科书', '口罩', 0),
(1482, '教科书', '垃圾', 0),
(1483, '教科书', '药局', 0),
(1484, '教科书', '手语', 0),
(1485, '教科书', '偏向', 0),
(1486, '宠物', '运动', 0),
(1487, '宠物', '螃蟹', 0),
(1488, '宠物', '乐器', 0),
(1489, '宠物', '华佗', 0),
(1490, '宠物', '诺瓦', 0),
(1491, '宠物', '选择', 0),
(1492, '宠物', '害羞', 0),
(1493, '宠物', '张衡', 0),
(1494, '宠物', '红毛', 0),
(1495, '宠物', '华语', 0),
(1496, '宠物', '阅读', 0),
(1497, '宠物', '恐龙', 0),
(1498, '宠物', '意识', 0),
(1499, '宠物', '智库', 0),
(1500, '宠物', '教科书', 0),
(1501, '宠物', '用户', 0),
(1502, '宠物', '青年', 0),
(1503, '宠物', '数学', 0),
(1504, '宠物', '味道', 0),
(1505, '宠物', '飞利浦', 0),
(1506, '宠物', '想像力', 0),
(1507, '宠物', '孩子', 0),
(1508, '宠物', '五专', 0),
(1509, '宠物', '服务', 0),
(1510, '宠物', '职工', 0),
(1511, '宠物', '教科', 0),
(1512, '宠物', '节能', 0),
(1513, '宠物', '海鸥', 0),
(1514, '宠物', '种子', 0),
(1515, '宠物', '登革热', 0),
(1516, '宠物', '素养', 0),
(1517, '宠物', '拖鞋', 0),
(1518, '宠物', '数位', 0),
(1519, '宠物', '猕猴', 0),
(1520, '宠物', '法制', 0),
(1521, '宠物', '伤口', 0),
(1522, '宠物', '长辈', 0),
(1523, '宠物', '小龙', 0),
(1524, '宠物', '体验', 0),
(1525, '宠物', '商品', 0),
(1526, '宠物', '癌症', 0),
(1527, '宠物', '说实话', 0),
(1528, '宠物', '搬家', 0),
(1529, '宠物', '检测', 0),
(1530, '宠物', '学生会', 0),
(1531, '宠物', '啊啊啊', 0),
(1532, '宠物', '品德', 0),
(1533, '宠物', '昆虫', 0),
(1534, '宠物', '书馆', 0),
(1535, '宠物', '英文', 0),
(1536, '宠物', '想像', 0),
(1537, '宠物', '诊病', 0),
(1538, '宠物', '图书馆', 0),
(1539, '宠物', '专利', 0),
(1540, '宠物', '图书', 0),
(1541, '宠物', '建筑', 0),
(1542, '宠物', '魔女', 0),
(1543, '宠物', '达文西', 0),
(1544, '宠物', '匈牙利', 0),
(1545, '宠物', '车子', 0),
(1546, '宠物', '国防', 0),
(1547, '宠物', '针灸', 0),
(1548, '宠物', '地球', 0),
(1549, '宠物', '教育', 0),
(1550, '宠物', '感恩', 0),
(1551, '宠物', '妈妈', 0),
(1552, '宠物', '动画', 0),
(1553, '宠物', '流感', 0),
(1554, '宠物', '安东尼', 0),
(1555, '宠物', '实话', 0),
(1556, '宠物', '测试', 0),
(1557, '宠物', '德福', 0),
(1558, '宠物', '课程', 0),
(1559, '宠物', '法制教育', 0),
(1560, '宠物', '土地', 0),
(1561, '宠物', '寄居蟹', 0),
(1562, '宠物', '安东尼奥', 0),
(1563, '宠物', '尼奥', 0),
(1564, '宠物', '用药', 0),
(1565, '宠物', '国王', 0),
(1566, '宠物', '轮子', 0),
(1567, '宠物', '安东', 0),
(1568, '宠物', '小朋友', 0),
(1569, '宠物', '朋友', 0),
(1570, '宠物', '猴子', 0),
(1571, '宠物', '能源', 0),
(1572, '宠物', '故事', 0),
(1573, '宠物', '防灾', 0),
(1574, '宠物', '樱花', 0),
(1575, '宠物', '条文', 0),
(1576, '宠物', '设备', 0),
(1577, '宠物', '设计师', 0),
(1578, '宠物', '父子', 0),
(1579, '宠物', '产品', 0),
(1580, '宠物', '口罩', 0),
(1581, '宠物', '垃圾', 0),
(1582, '宠物', '药局', 0),
(1583, '宠物', '手语', 0),
(1584, '宠物', '偏向', 0),
(1585, '用户', '运动', 2),
(1586, '用户', '螃蟹', 0),
(1587, '用户', '乐器', 0),
(1588, '用户', '华佗', 0),
(1589, '用户', '诺瓦', 0),
(1590, '用户', '选择', 3),
(1591, '用户', '害羞', 0),
(1592, '用户', '张衡', 0),
(1593, '用户', '红毛', 0),
(1594, '用户', '华语', 0),
(1595, '用户', '阅读', 2),
(1596, '用户', '恐龙', 0),
(1597, '用户', '意识', 1),
(1598, '用户', '智库', 0),
(1599, '用户', '教科书', 0),
(1600, '用户', '宠物', 0),
(1601, '用户', '青年', 0),
(1602, '用户', '数学', 1),
(1603, '用户', '味道', 0),
(1604, '用户', '飞利浦', 0),
(1605, '用户', '想像力', 0),
(1606, '用户', '孩子', 3),
(1607, '用户', '五专', 0),
(1608, '用户', '服务', 4),
(1609, '用户', '职工', 0),
(1610, '用户', '教科', 0),
(1611, '用户', '节能', 1),
(1612, '用户', '海鸥', 0),
(1613, '用户', '种子', 0),
(1614, '用户', '登革热', 0),
(1615, '用户', '素养', 0),
(1616, '用户', '拖鞋', 0),
(1617, '用户', '数位', 2),
(1618, '用户', '猕猴', 0),
(1619, '用户', '法制', 0),
(1620, '用户', '伤口', 1),
(1621, '用户', '长辈', 0),
(1622, '用户', '小龙', 0),
(1623, '用户', '体验', 5),
(1624, '用户', '商品', 1),
(1625, '用户', '癌症', 0),
(1626, '用户', '说实话', 0),
(1627, '用户', '搬家', 0),
(1628, '用户', '检测', 0),
(1629, '用户', '学生会', 0),
(1630, '用户', '啊啊啊', 0),
(1631, '用户', '品德', 0),
(1632, '用户', '昆虫', 0),
(1633, '用户', '书馆', 2),
(1634, '用户', '英文', 2),
(1635, '用户', '想像', 1),
(1636, '用户', '诊病', 0),
(1637, '用户', '图书馆', 1),
(1638, '用户', '专利', 0),
(1639, '用户', '图书', 1),
(1640, '用户', '建筑', 2),
(1641, '用户', '魔女', 0),
(1642, '用户', '达文西', 1),
(1643, '用户', '匈牙利', 0),
(1644, '用户', '车子', 5),
(1645, '用户', '国防', 0),
(1646, '用户', '针灸', 0),
(1647, '用户', '地球', 0),
(1648, '用户', '教育', 5),
(1649, '用户', '感恩', 0),
(1650, '用户', '妈妈', 3),
(1651, '用户', '动画', 0),
(1652, '用户', '流感', 0),
(1653, '用户', '安东尼', 0),
(1654, '用户', '实话', 1),
(1655, '用户', '测试', 2),
(1656, '用户', '德福', 0),
(1657, '用户', '课程', 4),
(1658, '用户', '法制教育', 0),
(1659, '用户', '土地', 2),
(1660, '用户', '寄居蟹', 0),
(1661, '用户', '安东尼奥', 0),
(1662, '用户', '尼奥', 0),
(1663, '用户', '用药', 1),
(1664, '用户', '国王', 0),
(1665, '用户', '轮子', 1),
(1666, '用户', '安东', 0),
(1667, '用户', '小朋友', 2),
(1668, '用户', '朋友', 5),
(1669, '用户', '猴子', 2),
(1670, '用户', '能源', 3),
(1671, '用户', '故事', 2),
(1672, '用户', '防灾', 0),
(1673, '用户', '樱花', 0),
(1674, '用户', '条文', 0),
(1675, '用户', '设备', 3),
(1676, '用户', '设计师', 5),
(1677, '用户', '父子', 0),
(1678, '用户', '产品', 4),
(1679, '用户', '口罩', 0),
(1680, '用户', '垃圾', 0),
(1681, '用户', '药局', 0),
(1682, '用户', '手语', 0),
(1683, '用户', '偏向', 1),
(1684, '青年', '运动', 0),
(1685, '青年', '螃蟹', 2),
(1686, '青年', '乐器', 0),
(1687, '青年', '华佗', 0),
(1688, '青年', '诺瓦', 0),
(1689, '青年', '选择', 0),
(1690, '青年', '害羞', 3),
(1691, '青年', '张衡', 0),
(1692, '青年', '红毛', 0),
(1693, '青年', '华语', 0),
(1694, '青年', '阅读', 0),
(1695, '青年', '恐龙', 0),
(1696, '青年', '意识', 0),
(1697, '青年', '智库', 0),
(1698, '青年', '教科书', 0),
(1699, '青年', '宠物', 0),
(1700, '青年', '用户', 0),
(1701, '青年', '数学', 0),
(1702, '青年', '味道', 6),
(1703, '青年', '飞利浦', 0),
(1704, '青年', '想像力', 4),
(1705, '青年', '孩子', 41),
(1706, '青年', '五专', 0),
(1707, '青年', '服务', 0),
(1708, '青年', '职工', 0),
(1709, '青年', '教科', 3),
(1710, '青年', '节能', 0),
(1711, '青年', '海鸥', 0),
(1712, '青年', '种子', 0),
(1713, '青年', '登革热', 0),
(1714, '青年', '素养', 0),
(1715, '青年', '拖鞋', 2),
(1716, '青年', '数位', 0),
(1717, '青年', '猕猴', 0),
(1718, '青年', '法制', 2),
(1719, '青年', '伤口', 0),
(1720, '青年', '长辈', 0),
(1721, '青年', '小龙', 0),
(1722, '青年', '体验', 0),
(1723, '青年', '商品', 7),
(1724, '青年', '癌症', 2),
(1725, '青年', '说实话', 0),
(1726, '青年', '搬家', 0),
(1727, '青年', '检测', 0),
(1728, '青年', '学生会', 0),
(1729, '青年', '啊啊啊', 5),
(1730, '青年', '品德', 5),
(1731, '青年', '昆虫', 0),
(1732, '青年', '书馆', 0),
(1733, '青年', '英文', 18),
(1734, '青年', '想像', 17),
(1735, '青年', '诊病', 0),
(1736, '青年', '图书馆', 0),
(1737, '青年', '专利', 0),
(1738, '青年', '图书', 0),
(1739, '青年', '建筑', 0),
(1740, '青年', '魔女', 0),
(1741, '青年', '达文西', 0),
(1742, '青年', '匈牙利', 1),
(1743, '青年', '车子', 0),
(1744, '青年', '国防', 0),
(1745, '青年', '针灸', 0),
(1746, '青年', '地球', 5),
(1747, '青年', '教育', 50),
(1748, '青年', '感恩', 2),
(1749, '青年', '妈妈', 0),
(1750, '青年', '动画', 0),
(1751, '青年', '流感', 1),
(1752, '青年', '安东尼', 0),
(1753, '青年', '实话', 0),
(1754, '青年', '测试', 0),
(1755, '青年', '德福', 1),
(1756, '青年', '课程', 0),
(1757, '青年', '法制教育', 0),
(1758, '青年', '土地', 17),
(1759, '青年', '寄居蟹', 1),
(1760, '青年', '安东尼奥', 0),
(1761, '青年', '尼奥', 0),
(1762, '青年', '用药', 0),
(1763, '青年', '国王', 0),
(1764, '青年', '轮子', 0),
(1765, '青年', '安东', 0),
(1766, '青年', '小朋友', 29),
(1767, '青年', '朋友', 52),
(1768, '青年', '猴子', 4),
(1769, '青年', '能源', 6),
(1770, '青年', '故事', 36),
(1771, '青年', '防灾', 0),
(1772, '青年', '樱花', 0),
(1773, '青年', '条文', 0),
(1774, '青年', '设备', 0),
(1775, '青年', '设计师', 0),
(1776, '青年', '父子', 2),
(1777, '青年', '产品', 0),
(1778, '青年', '口罩', 0),
(1779, '青年', '垃圾', 6),
(1780, '青年', '药局', 0),
(1781, '青年', '手语', 0),
(1782, '青年', '偏向', 12),
(1783, '数学', '运动', 1),
(1784, '数学', '螃蟹', 0),
(1785, '数学', '乐器', 0),
(1786, '数学', '华佗', 0),
(1787, '数学', '诺瓦', 0),
(1788, '数学', '选择', 1),
(1789, '数学', '害羞', 0),
(1790, '数学', '张衡', 0),
(1791, '数学', '红毛', 0),
(1792, '数学', '华语', 0),
(1793, '数学', '阅读', 0),
(1794, '数学', '恐龙', 0),
(1795, '数学', '意识', 1),
(1796, '数学', '智库', 0),
(1797, '数学', '教科书', 0),
(1798, '数学', '宠物', 0),
(1799, '数学', '用户', 1),
(1800, '数学', '青年', 0),
(1801, '数学', '味道', 0),
(1802, '数学', '飞利浦', 0),
(1803, '数学', '想像力', 0),
(1804, '数学', '孩子', 1),
(1805, '数学', '五专', 0),
(1806, '数学', '服务', 1),
(1807, '数学', '职工', 0),
(1808, '数学', '教科', 0),
(1809, '数学', '节能', 1),
(1810, '数学', '海鸥', 0),
(1811, '数学', '种子', 0),
(1812, '数学', '登革热', 0),
(1813, '数学', '素养', 0),
(1814, '数学', '拖鞋', 0),
(1815, '数学', '数位', 1),
(1816, '数学', '猕猴', 0),
(1817, '数学', '法制', 0),
(1818, '数学', '伤口', 1),
(1819, '数学', '长辈', 0),
(1820, '数学', '小龙', 0),
(1821, '数学', '体验', 1),
(1822, '数学', '商品', 1),
(1823, '数学', '癌症', 0),
(1824, '数学', '说实话', 0),
(1825, '数学', '搬家', 0),
(1826, '数学', '检测', 0),
(1827, '数学', '学生会', 0),
(1828, '数学', '啊啊啊', 0),
(1829, '数学', '品德', 0),
(1830, '数学', '昆虫', 0),
(1831, '数学', '书馆', 0),
(1832, '数学', '英文', 1),
(1833, '数学', '想像', 0),
(1834, '数学', '诊病', 0),
(1835, '数学', '图书馆', 0),
(1836, '数学', '专利', 0),
(1837, '数学', '图书', 0),
(1838, '数学', '建筑', 1),
(1839, '数学', '魔女', 0),
(1840, '数学', '达文西', 1),
(1841, '数学', '匈牙利', 0),
(1842, '数学', '车子', 1),
(1843, '数学', '国防', 0),
(1844, '数学', '针灸', 0),
(1845, '数学', '地球', 0),
(1846, '数学', '教育', 1),
(1847, '数学', '感恩', 0),
(1848, '数学', '妈妈', 1),
(1849, '数学', '动画', 0),
(1850, '数学', '流感', 0),
(1851, '数学', '安东尼', 0),
(1852, '数学', '实话', 1),
(1853, '数学', '测试', 0),
(1854, '数学', '德福', 0),
(1855, '数学', '课程', 1),
(1856, '数学', '法制教育', 0),
(1857, '数学', '土地', 0),
(1858, '数学', '寄居蟹', 0),
(1859, '数学', '安东尼奥', 0),
(1860, '数学', '尼奥', 0),
(1861, '数学', '用药', 0),
(1862, '数学', '国王', 0),
(1863, '数学', '轮子', 0),
(1864, '数学', '安东', 0),
(1865, '数学', '小朋友', 1),
(1866, '数学', '朋友', 1),
(1867, '数学', '猴子', 1),
(1868, '数学', '能源', 0),
(1869, '数学', '故事', 0),
(1870, '数学', '防灾', 0),
(1871, '数学', '樱花', 0),
(1872, '数学', '条文', 0),
(1873, '数学', '设备', 1),
(1874, '数学', '设计师', 1),
(1875, '数学', '父子', 0),
(1876, '数学', '产品', 1),
(1877, '数学', '口罩', 0),
(1878, '数学', '垃圾', 0),
(1879, '数学', '药局', 0),
(1880, '数学', '手语', 0),
(1881, '数学', '偏向', 1),
(1882, '味道', '运动', 0),
(1883, '味道', '螃蟹', 1),
(1884, '味道', '乐器', 0),
(1885, '味道', '华佗', 0),
(1886, '味道', '诺瓦', 0),
(1887, '味道', '选择', 0),
(1888, '味道', '害羞', 0),
(1889, '味道', '张衡', 0),
(1890, '味道', '红毛', 0),
(1891, '味道', '华语', 0),
(1892, '味道', '阅读', 0),
(1893, '味道', '恐龙', 0),
(1894, '味道', '意识', 0),
(1895, '味道', '智库', 0),
(1896, '味道', '教科书', 0),
(1897, '味道', '宠物', 0),
(1898, '味道', '用户', 0),
(1899, '味道', '青年', 6),
(1900, '味道', '数学', 0),
(1901, '味道', '飞利浦', 0),
(1902, '味道', '想像力', 5),
(1903, '味道', '孩子', 25),
(1904, '味道', '五专', 0),
(1905, '味道', '服务', 0),
(1906, '味道', '职工', 0),
(1907, '味道', '教科', 0),
(1908, '味道', '节能', 0),
(1909, '味道', '海鸥', 0),
(1910, '味道', '种子', 0),
(1911, '味道', '登革热', 0),
(1912, '味道', '素养', 0),
(1913, '味道', '拖鞋', 1),
(1914, '味道', '数位', 0),
(1915, '味道', '猕猴', 0),
(1916, '味道', '法制', 0),
(1917, '味道', '伤口', 0),
(1918, '味道', '长辈', 0),
(1919, '味道', '小龙', 0),
(1920, '味道', '体验', 0),
(1921, '味道', '商品', 2),
(1922, '味道', '癌症', 3),
(1923, '味道', '说实话', 0),
(1924, '味道', '搬家', 3),
(1925, '味道', '检测', 0),
(1926, '味道', '学生会', 0),
(1927, '味道', '啊啊啊', 5),
(1928, '味道', '品德', 1),
(1929, '味道', '昆虫', 0),
(1930, '味道', '书馆', 0),
(1931, '味道', '英文', 11),
(1932, '味道', '想像', 17),
(1933, '味道', '诊病', 0),
(1934, '味道', '图书馆', 0),
(1935, '味道', '专利', 0),
(1936, '味道', '图书', 0),
(1937, '味道', '建筑', 0),
(1938, '味道', '魔女', 0),
(1939, '味道', '达文西', 0),
(1940, '味道', '匈牙利', 0),
(1941, '味道', '车子', 0),
(1942, '味道', '国防', 0),
(1943, '味道', '针灸', 0),
(1944, '味道', '地球', 12),
(1945, '味道', '教育', 31),
(1946, '味道', '感恩', 2),
(1947, '味道', '妈妈', 0),
(1948, '味道', '动画', 0),
(1949, '味道', '流感', 0),
(1950, '味道', '安东尼', 0),
(1951, '味道', '实话', 0),
(1952, '味道', '测试', 0),
(1953, '味道', '德福', 1),
(1954, '味道', '课程', 0),
(1955, '味道', '法制教育', 0),
(1956, '味道', '土地', 6),
(1957, '味道', '寄居蟹', 0),
(1958, '味道', '安东尼奥', 0),
(1959, '味道', '尼奥', 0),
(1960, '味道', '用药', 0),
(1961, '味道', '国王', 0),
(1962, '味道', '轮子', 0),
(1963, '味道', '安东', 0),
(1964, '味道', '小朋友', 26),
(1965, '味道', '朋友', 32),
(1966, '味道', '猴子', 3),
(1967, '味道', '能源', 3),
(1968, '味道', '故事', 25),
(1969, '味道', '防灾', 0),
(1970, '味道', '樱花', 0),
(1971, '味道', '条文', 0),
(1972, '味道', '设备', 0),
(1973, '味道', '设计师', 0),
(1974, '味道', '父子', 0),
(1975, '味道', '产品', 0),
(1976, '味道', '口罩', 1),
(1977, '味道', '垃圾', 7),
(1978, '味道', '药局', 0),
(1979, '味道', '手语', 0),
(1980, '味道', '偏向', 4),
(1981, '飞利浦', '运动', 0),
(1982, '飞利浦', '螃蟹', 0),
(1983, '飞利浦', '乐器', 0),
(1984, '飞利浦', '华佗', 0),
(1985, '飞利浦', '诺瓦', 0),
(1986, '飞利浦', '选择', 0),
(1987, '飞利浦', '害羞', 0),
(1988, '飞利浦', '张衡', 0),
(1989, '飞利浦', '红毛', 0),
(1990, '飞利浦', '华语', 0),
(1991, '飞利浦', '阅读', 0),
(1992, '飞利浦', '恐龙', 0),
(1993, '飞利浦', '意识', 0),
(1994, '飞利浦', '智库', 0),
(1995, '飞利浦', '教科书', 0),
(1996, '飞利浦', '宠物', 0),
(1997, '飞利浦', '用户', 0),
(1998, '飞利浦', '青年', 0),
(1999, '飞利浦', '数学', 0),
(2000, '飞利浦', '味道', 0),
(2001, '飞利浦', '想像力', 0),
(2002, '飞利浦', '孩子', 0),
(2003, '飞利浦', '五专', 0),
(2004, '飞利浦', '服务', 0),
(2005, '飞利浦', '职工', 0),
(2006, '飞利浦', '教科', 0),
(2007, '飞利浦', '节能', 0),
(2008, '飞利浦', '海鸥', 0),
(2009, '飞利浦', '种子', 0),
(2010, '飞利浦', '登革热', 0),
(2011, '飞利浦', '素养', 0),
(2012, '飞利浦', '拖鞋', 0),
(2013, '飞利浦', '数位', 0),
(2014, '飞利浦', '猕猴', 0),
(2015, '飞利浦', '法制', 0),
(2016, '飞利浦', '伤口', 0),
(2017, '飞利浦', '长辈', 0),
(2018, '飞利浦', '小龙', 0),
(2019, '飞利浦', '体验', 0),
(2020, '飞利浦', '商品', 0),
(2021, '飞利浦', '癌症', 0),
(2022, '飞利浦', '说实话', 0),
(2023, '飞利浦', '搬家', 0),
(2024, '飞利浦', '检测', 0),
(2025, '飞利浦', '学生会', 0),
(2026, '飞利浦', '啊啊啊', 0),
(2027, '飞利浦', '品德', 0),
(2028, '飞利浦', '昆虫', 0),
(2029, '飞利浦', '书馆', 0),
(2030, '飞利浦', '英文', 0),
(2031, '飞利浦', '想像', 0),
(2032, '飞利浦', '诊病', 0),
(2033, '飞利浦', '图书馆', 0),
(2034, '飞利浦', '专利', 0),
(2035, '飞利浦', '图书', 0),
(2036, '飞利浦', '建筑', 0),
(2037, '飞利浦', '魔女', 0),
(2038, '飞利浦', '达文西', 0),
(2039, '飞利浦', '匈牙利', 0),
(2040, '飞利浦', '车子', 0),
(2041, '飞利浦', '国防', 0),
(2042, '飞利浦', '针灸', 0),
(2043, '飞利浦', '地球', 0),
(2044, '飞利浦', '教育', 0),
(2045, '飞利浦', '感恩', 0),
(2046, '飞利浦', '妈妈', 0),
(2047, '飞利浦', '动画', 0),
(2048, '飞利浦', '流感', 0),
(2049, '飞利浦', '安东尼', 0),
(2050, '飞利浦', '实话', 0),
(2051, '飞利浦', '测试', 0),
(2052, '飞利浦', '德福', 0),
(2053, '飞利浦', '课程', 0),
(2054, '飞利浦', '法制教育', 0),
(2055, '飞利浦', '土地', 0),
(2056, '飞利浦', '寄居蟹', 0),
(2057, '飞利浦', '安东尼奥', 0),
(2058, '飞利浦', '尼奥', 0),
(2059, '飞利浦', '用药', 0),
(2060, '飞利浦', '国王', 0),
(2061, '飞利浦', '轮子', 0),
(2062, '飞利浦', '安东', 0),
(2063, '飞利浦', '小朋友', 0),
(2064, '飞利浦', '朋友', 0),
(2065, '飞利浦', '猴子', 0),
(2066, '飞利浦', '能源', 0),
(2067, '飞利浦', '故事', 0),
(2068, '飞利浦', '防灾', 0),
(2069, '飞利浦', '樱花', 0),
(2070, '飞利浦', '条文', 0),
(2071, '飞利浦', '设备', 0),
(2072, '飞利浦', '设计师', 0),
(2073, '飞利浦', '父子', 0),
(2074, '飞利浦', '产品', 0),
(2075, '飞利浦', '口罩', 0),
(2076, '飞利浦', '垃圾', 0),
(2077, '飞利浦', '药局', 0),
(2078, '飞利浦', '手语', 0),
(2079, '飞利浦', '偏向', 0),
(2080, '想像力', '运动', 0),
(2081, '想像力', '螃蟹', 2),
(2082, '想像力', '乐器', 0),
(2083, '想像力', '华佗', 0),
(2084, '想像力', '诺瓦', 0),
(2085, '想像力', '选择', 0),
(2086, '想像力', '害羞', 1),
(2087, '想像力', '张衡', 0),
(2088, '想像力', '红毛', 0),
(2089, '想像力', '华语', 0),
(2090, '想像力', '阅读', 0),
(2091, '想像力', '恐龙', 0),
(2092, '想像力', '意识', 0),
(2093, '想像力', '智库', 0),
(2094, '想像力', '教科书', 0),
(2095, '想像力', '宠物', 0),
(2096, '想像力', '用户', 0),
(2097, '想像力', '青年', 4),
(2098, '想像力', '数学', 0),
(2099, '想像力', '味道', 5),
(2100, '想像力', '飞利浦', 0),
(2101, '想像力', '孩子', 24),
(2102, '想像力', '五专', 0),
(2103, '想像力', '服务', 0),
(2104, '想像力', '职工', 0),
(2105, '想像力', '教科', 1),
(2106, '想像力', '节能', 0),
(2107, '想像力', '海鸥', 0),
(2108, '想像力', '种子', 0),
(2109, '想像力', '登革热', 0),
(2110, '想像力', '素养', 0),
(2111, '想像力', '拖鞋', 0),
(2112, '想像力', '数位', 0),
(2113, '想像力', '猕猴', 0),
(2114, '想像力', '法制', 0),
(2115, '想像力', '伤口', 0),
(2116, '想像力', '长辈', 0),
(2117, '想像力', '小龙', 0),
(2118, '想像力', '体验', 0),
(2119, '想像力', '商品', 3),
(2120, '想像力', '癌症', 2),
(2121, '想像力', '说实话', 0),
(2122, '想像力', '搬家', 0),
(2123, '想像力', '检测', 0),
(2124, '想像力', '学生会', 0),
(2125, '想像力', '啊啊啊', 8),
(2126, '想像力', '品德', 0),
(2127, '想像力', '昆虫', 0),
(2128, '想像力', '书馆', 0),
(2129, '想像力', '英文', 10),
(2130, '想像力', '想像', 27),
(2131, '想像力', '诊病', 0),
(2132, '想像力', '图书馆', 0),
(2133, '想像力', '专利', 0),
(2134, '想像力', '图书', 0),
(2135, '想像力', '建筑', 0),
(2136, '想像力', '魔女', 0),
(2137, '想像力', '达文西', 0),
(2138, '想像力', '匈牙利', 0),
(2139, '想像力', '车子', 0),
(2140, '想像力', '国防', 0),
(2141, '想像力', '针灸', 0),
(2142, '想像力', '地球', 8),
(2143, '想像力', '教育', 24),
(2144, '想像力', '感恩', 0),
(2145, '想像力', '妈妈', 0),
(2146, '想像力', '动画', 0),
(2147, '想像力', '流感', 2),
(2148, '想像力', '安东尼', 0),
(2149, '想像力', '实话', 0),
(2150, '想像力', '测试', 0),
(2151, '想像力', '德福', 1),
(2152, '想像力', '课程', 0),
(2153, '想像力', '法制教育', 0),
(2154, '想像力', '土地', 5),
(2155, '想像力', '寄居蟹', 1),
(2156, '想像力', '安东尼奥', 0),
(2157, '想像力', '尼奥', 0),
(2158, '想像力', '用药', 0),
(2159, '想像力', '国王', 0),
(2160, '想像力', '轮子', 0),
(2161, '想像力', '安东', 0),
(2162, '想像力', '小朋友', 24),
(2163, '想像力', '朋友', 26),
(2164, '想像力', '猴子', 3),
(2165, '想像力', '能源', 2),
(2166, '想像力', '故事', 26),
(2167, '想像力', '防灾', 0),
(2168, '想像力', '樱花', 0),
(2169, '想像力', '条文', 0),
(2170, '想像力', '设备', 0),
(2171, '想像力', '设计师', 0),
(2172, '想像力', '父子', 0),
(2173, '想像力', '产品', 0),
(2174, '想像力', '口罩', 1),
(2175, '想像力', '垃圾', 9),
(2176, '想像力', '药局', 0),
(2177, '想像力', '手语', 0),
(2178, '想像力', '偏向', 0),
(2179, '孩子', '运动', 2),
(2180, '孩子', '螃蟹', 12),
(2181, '孩子', '乐器', 0),
(2182, '孩子', '华佗', 0),
(2183, '孩子', '诺瓦', 0),
(2184, '孩子', '选择', 2),
(2185, '孩子', '害羞', 9),
(2186, '孩子', '张衡', 0),
(2187, '孩子', '红毛', 0),
(2188, '孩子', '华语', 0),
(2189, '孩子', '阅读', 1),
(2190, '孩子', '恐龙', 0),
(2191, '孩子', '意识', 1),
(2192, '孩子', '智库', 0),
(2193, '孩子', '教科书', 0),
(2194, '孩子', '宠物', 0),
(2195, '孩子', '用户', 3),
(2196, '孩子', '青年', 41),
(2197, '孩子', '数学', 1),
(2198, '孩子', '味道', 25),
(2199, '孩子', '飞利浦', 0),
(2200, '孩子', '想像力', 24),
(2201, '孩子', '五专', 0),
(2202, '孩子', '服务', 2),
(2203, '孩子', '职工', 0),
(2204, '孩子', '教科', 17),
(2205, '孩子', '节能', 1),
(2206, '孩子', '海鸥', 0),
(2207, '孩子', '种子', 0),
(2208, '孩子', '登革热', 0),
(2209, '孩子', '素养', 0),
(2210, '孩子', '拖鞋', 6),
(2211, '孩子', '数位', 2),
(2212, '孩子', '猕猴', 0),
(2213, '孩子', '法制', 4),
(2214, '孩子', '伤口', 1),
(2215, '孩子', '长辈', 0),
(2216, '孩子', '小龙', 0),
(2217, '孩子', '体验', 3),
(2218, '孩子', '商品', 30),
(2219, '孩子', '癌症', 16),
(2220, '孩子', '说实话', 0),
(2221, '孩子', '搬家', 8),
(2222, '孩子', '检测', 0),
(2223, '孩子', '学生会', 0),
(2224, '孩子', '啊啊啊', 30),
(2225, '孩子', '品德', 18),
(2226, '孩子', '昆虫', 0),
(2227, '孩子', '书馆', 2),
(2228, '孩子', '英文', 67),
(2229, '孩子', '想像', 85),
(2230, '孩子', '诊病', 0),
(2231, '孩子', '图书馆', 1),
(2232, '孩子', '专利', 0),
(2233, '孩子', '图书', 1),
(2234, '孩子', '建筑', 2),
(2235, '孩子', '魔女', 3),
(2236, '孩子', '达文西', 1),
(2237, '孩子', '匈牙利', 1),
(2238, '孩子', '车子', 3),
(2239, '孩子', '国防', 0),
(2240, '孩子', '针灸', 0),
(2241, '孩子', '地球', 39),
(2242, '孩子', '教育', 208),
(2243, '孩子', '感恩', 8),
(2244, '孩子', '妈妈', 2),
(2245, '孩子', '动画', 0),
(2246, '孩子', '流感', 6),
(2247, '孩子', '安东尼', 0),
(2248, '孩子', '实话', 1),
(2249, '孩子', '测试', 0),
(2250, '孩子', '德福', 8),
(2251, '孩子', '课程', 3),
(2252, '孩子', '法制教育', 2),
(2253, '孩子', '土地', 38),
(2254, '孩子', '寄居蟹', 2),
(2255, '孩子', '安东尼奥', 0),
(2256, '孩子', '尼奥', 0),
(2257, '孩子', '用药', 0),
(2258, '孩子', '国王', 0),
(2259, '孩子', '轮子', 0),
(2260, '孩子', '安东', 0),
(2261, '孩子', '小朋友', 146),
(2262, '孩子', '朋友', 210),
(2263, '孩子', '猴子', 15),
(2264, '孩子', '能源', 18),
(2265, '孩子', '故事', 150),
(2266, '孩子', '防灾', 0),
(2267, '孩子', '樱花', 0),
(2268, '孩子', '条文', 0),
(2269, '孩子', '设备', 1),
(2270, '孩子', '设计师', 3),
(2271, '孩子', '父子', 7),
(2272, '孩子', '产品', 2),
(2273, '孩子', '口罩', 4),
(2274, '孩子', '垃圾', 40),
(2275, '孩子', '药局', 0),
(2276, '孩子', '手语', 0),
(2277, '孩子', '偏向', 33),
(2278, '五专', '运动', 0),
(2279, '五专', '螃蟹', 0),
(2280, '五专', '乐器', 0),
(2281, '五专', '华佗', 0),
(2282, '五专', '诺瓦', 0),
(2283, '五专', '选择', 0),
(2284, '五专', '害羞', 0),
(2285, '五专', '张衡', 0),
(2286, '五专', '红毛', 0),
(2287, '五专', '华语', 0),
(2288, '五专', '阅读', 0),
(2289, '五专', '恐龙', 0),
(2290, '五专', '意识', 0),
(2291, '五专', '智库', 0),
(2292, '五专', '教科书', 0),
(2293, '五专', '宠物', 0),
(2294, '五专', '用户', 0),
(2295, '五专', '青年', 0),
(2296, '五专', '数学', 0),
(2297, '五专', '味道', 0),
(2298, '五专', '飞利浦', 0),
(2299, '五专', '想像力', 0),
(2300, '五专', '孩子', 0),
(2301, '五专', '服务', 0),
(2302, '五专', '职工', 0),
(2303, '五专', '教科', 0),
(2304, '五专', '节能', 0),
(2305, '五专', '海鸥', 0),
(2306, '五专', '种子', 0),
(2307, '五专', '登革热', 0),
(2308, '五专', '素养', 0),
(2309, '五专', '拖鞋', 0),
(2310, '五专', '数位', 0),
(2311, '五专', '猕猴', 0),
(2312, '五专', '法制', 0),
(2313, '五专', '伤口', 0),
(2314, '五专', '长辈', 0),
(2315, '五专', '小龙', 0),
(2316, '五专', '体验', 0),
(2317, '五专', '商品', 0),
(2318, '五专', '癌症', 0),
(2319, '五专', '说实话', 0),
(2320, '五专', '搬家', 0),
(2321, '五专', '检测', 0),
(2322, '五专', '学生会', 0),
(2323, '五专', '啊啊啊', 0),
(2324, '五专', '品德', 0),
(2325, '五专', '昆虫', 0),
(2326, '五专', '书馆', 0),
(2327, '五专', '英文', 0),
(2328, '五专', '想像', 0),
(2329, '五专', '诊病', 0),
(2330, '五专', '图书馆', 0),
(2331, '五专', '专利', 0),
(2332, '五专', '图书', 0),
(2333, '五专', '建筑', 0),
(2334, '五专', '魔女', 0),
(2335, '五专', '达文西', 0),
(2336, '五专', '匈牙利', 0),
(2337, '五专', '车子', 0),
(2338, '五专', '国防', 0),
(2339, '五专', '针灸', 0),
(2340, '五专', '地球', 0),
(2341, '五专', '教育', 0),
(2342, '五专', '感恩', 0),
(2343, '五专', '妈妈', 0),
(2344, '五专', '动画', 0),
(2345, '五专', '流感', 0),
(2346, '五专', '安东尼', 0),
(2347, '五专', '实话', 0),
(2348, '五专', '测试', 0),
(2349, '五专', '德福', 0),
(2350, '五专', '课程', 0),
(2351, '五专', '法制教育', 0),
(2352, '五专', '土地', 0),
(2353, '五专', '寄居蟹', 0),
(2354, '五专', '安东尼奥', 0),
(2355, '五专', '尼奥', 0),
(2356, '五专', '用药', 0),
(2357, '五专', '国王', 0),
(2358, '五专', '轮子', 0),
(2359, '五专', '安东', 0),
(2360, '五专', '小朋友', 0),
(2361, '五专', '朋友', 0),
(2362, '五专', '猴子', 0),
(2363, '五专', '能源', 0),
(2364, '五专', '故事', 0),
(2365, '五专', '防灾', 0),
(2366, '五专', '樱花', 0),
(2367, '五专', '条文', 0),
(2368, '五专', '设备', 0),
(2369, '五专', '设计师', 0),
(2370, '五专', '父子', 0),
(2371, '五专', '产品', 0),
(2372, '五专', '口罩', 0),
(2373, '五专', '垃圾', 0),
(2374, '五专', '药局', 0),
(2375, '五专', '手语', 0),
(2376, '五专', '偏向', 0),
(2377, '服务', '运动', 2),
(2378, '服务', '螃蟹', 0),
(2379, '服务', '乐器', 0),
(2380, '服务', '华佗', 0),
(2381, '服务', '诺瓦', 0),
(2382, '服务', '选择', 2),
(2383, '服务', '害羞', 0),
(2384, '服务', '张衡', 0),
(2385, '服务', '红毛', 0),
(2386, '服务', '华语', 0),
(2387, '服务', '阅读', 2),
(2388, '服务', '恐龙', 0),
(2389, '服务', '意识', 1),
(2390, '服务', '智库', 0),
(2391, '服务', '教科书', 0),
(2392, '服务', '宠物', 0);
INSERT INTO `keywords_table` (`keywords_id`, `keyword1`, `keyword2`, `count`) VALUES
(2393, '服务', '用户', 4),
(2394, '服务', '青年', 0),
(2395, '服务', '数学', 1),
(2396, '服务', '味道', 0),
(2397, '服务', '飞利浦', 0),
(2398, '服务', '想像力', 0),
(2399, '服务', '孩子', 2),
(2400, '服务', '五专', 0),
(2401, '服务', '职工', 0),
(2402, '服务', '教科', 0),
(2403, '服务', '节能', 1),
(2404, '服务', '海鸥', 0),
(2405, '服务', '种子', 0),
(2406, '服务', '登革热', 0),
(2407, '服务', '素养', 0),
(2408, '服务', '拖鞋', 0),
(2409, '服务', '数位', 2),
(2410, '服务', '猕猴', 0),
(2411, '服务', '法制', 0),
(2412, '服务', '伤口', 1),
(2413, '服务', '长辈', 0),
(2414, '服务', '小龙', 0),
(2415, '服务', '体验', 4),
(2416, '服务', '商品', 1),
(2417, '服务', '癌症', 0),
(2418, '服务', '说实话', 0),
(2419, '服务', '搬家', 0),
(2420, '服务', '检测', 0),
(2421, '服务', '学生会', 0),
(2422, '服务', '啊啊啊', 0),
(2423, '服务', '品德', 0),
(2424, '服务', '昆虫', 0),
(2425, '服务', '书馆', 1),
(2426, '服务', '英文', 2),
(2427, '服务', '想像', 1),
(2428, '服务', '诊病', 0),
(2429, '服务', '图书馆', 0),
(2430, '服务', '专利', 0),
(2431, '服务', '图书', 0),
(2432, '服务', '建筑', 2),
(2433, '服务', '魔女', 0),
(2434, '服务', '达文西', 1),
(2435, '服务', '匈牙利', 0),
(2436, '服务', '车子', 4),
(2437, '服务', '国防', 0),
(2438, '服务', '针灸', 0),
(2439, '服务', '地球', 0),
(2440, '服务', '教育', 4),
(2441, '服务', '感恩', 0),
(2442, '服务', '妈妈', 3),
(2443, '服务', '动画', 0),
(2444, '服务', '流感', 0),
(2445, '服务', '安东尼', 0),
(2446, '服务', '实话', 1),
(2447, '服务', '测试', 2),
(2448, '服务', '德福', 0),
(2449, '服务', '课程', 3),
(2450, '服务', '法制教育', 0),
(2451, '服务', '土地', 1),
(2452, '服务', '寄居蟹', 0),
(2453, '服务', '安东尼奥', 0),
(2454, '服务', '尼奥', 0),
(2455, '服务', '用药', 1),
(2456, '服务', '国王', 0),
(2457, '服务', '轮子', 1),
(2458, '服务', '安东', 0),
(2459, '服务', '小朋友', 2),
(2460, '服务', '朋友', 4),
(2461, '服务', '猴子', 1),
(2462, '服务', '能源', 2),
(2463, '服务', '故事', 2),
(2464, '服务', '防灾', 0),
(2465, '服务', '樱花', 0),
(2466, '服务', '条文', 0),
(2467, '服务', '设备', 3),
(2468, '服务', '设计师', 4),
(2469, '服务', '父子', 0),
(2470, '服务', '产品', 3),
(2471, '服务', '口罩', 0),
(2472, '服务', '垃圾', 0),
(2473, '服务', '药局', 0),
(2474, '服务', '手语', 0),
(2475, '服务', '偏向', 1),
(2476, '职工', '运动', 0),
(2477, '职工', '螃蟹', 0),
(2478, '职工', '乐器', 0),
(2479, '职工', '华佗', 0),
(2480, '职工', '诺瓦', 0),
(2481, '职工', '选择', 0),
(2482, '职工', '害羞', 0),
(2483, '职工', '张衡', 0),
(2484, '职工', '红毛', 0),
(2485, '职工', '华语', 0),
(2486, '职工', '阅读', 0),
(2487, '职工', '恐龙', 0),
(2488, '职工', '意识', 0),
(2489, '职工', '智库', 0),
(2490, '职工', '教科书', 0),
(2491, '职工', '宠物', 0),
(2492, '职工', '用户', 0),
(2493, '职工', '青年', 0),
(2494, '职工', '数学', 0),
(2495, '职工', '味道', 0),
(2496, '职工', '飞利浦', 0),
(2497, '职工', '想像力', 0),
(2498, '职工', '孩子', 0),
(2499, '职工', '五专', 0),
(2500, '职工', '服务', 0),
(2501, '职工', '教科', 0),
(2502, '职工', '节能', 0),
(2503, '职工', '海鸥', 0),
(2504, '职工', '种子', 0),
(2505, '职工', '登革热', 0),
(2506, '职工', '素养', 0),
(2507, '职工', '拖鞋', 0),
(2508, '职工', '数位', 0),
(2509, '职工', '猕猴', 0),
(2510, '职工', '法制', 0),
(2511, '职工', '伤口', 0),
(2512, '职工', '长辈', 0),
(2513, '职工', '小龙', 0),
(2514, '职工', '体验', 0),
(2515, '职工', '商品', 0),
(2516, '职工', '癌症', 0),
(2517, '职工', '说实话', 0),
(2518, '职工', '搬家', 0),
(2519, '职工', '检测', 0),
(2520, '职工', '学生会', 0),
(2521, '职工', '啊啊啊', 0),
(2522, '职工', '品德', 0),
(2523, '职工', '昆虫', 0),
(2524, '职工', '书馆', 0),
(2525, '职工', '英文', 0),
(2526, '职工', '想像', 0),
(2527, '职工', '诊病', 0),
(2528, '职工', '图书馆', 0),
(2529, '职工', '专利', 0),
(2530, '职工', '图书', 0),
(2531, '职工', '建筑', 0),
(2532, '职工', '魔女', 0),
(2533, '职工', '达文西', 0),
(2534, '职工', '匈牙利', 0),
(2535, '职工', '车子', 0),
(2536, '职工', '国防', 0),
(2537, '职工', '针灸', 0),
(2538, '职工', '地球', 0),
(2539, '职工', '教育', 0),
(2540, '职工', '感恩', 0),
(2541, '职工', '妈妈', 0),
(2542, '职工', '动画', 0),
(2543, '职工', '流感', 0),
(2544, '职工', '安东尼', 0),
(2545, '职工', '实话', 0),
(2546, '职工', '测试', 0),
(2547, '职工', '德福', 0),
(2548, '职工', '课程', 0),
(2549, '职工', '法制教育', 0),
(2550, '职工', '土地', 0),
(2551, '职工', '寄居蟹', 0),
(2552, '职工', '安东尼奥', 0),
(2553, '职工', '尼奥', 0),
(2554, '职工', '用药', 0),
(2555, '职工', '国王', 0),
(2556, '职工', '轮子', 0),
(2557, '职工', '安东', 0),
(2558, '职工', '小朋友', 0),
(2559, '职工', '朋友', 0),
(2560, '职工', '猴子', 0),
(2561, '职工', '能源', 0),
(2562, '职工', '故事', 0),
(2563, '职工', '防灾', 0),
(2564, '职工', '樱花', 0),
(2565, '职工', '条文', 0),
(2566, '职工', '设备', 0),
(2567, '职工', '设计师', 0),
(2568, '职工', '父子', 0),
(2569, '职工', '产品', 0),
(2570, '职工', '口罩', 0),
(2571, '职工', '垃圾', 0),
(2572, '职工', '药局', 0),
(2573, '职工', '手语', 0),
(2574, '职工', '偏向', 0),
(2575, '教科', '运动', 0),
(2576, '教科', '螃蟹', 1),
(2577, '教科', '乐器', 0),
(2578, '教科', '华佗', 0),
(2579, '教科', '诺瓦', 0),
(2580, '教科', '选择', 0),
(2581, '教科', '害羞', 1),
(2582, '教科', '张衡', 0),
(2583, '教科', '红毛', 0),
(2584, '教科', '华语', 0),
(2585, '教科', '阅读', 0),
(2586, '教科', '恐龙', 0),
(2587, '教科', '意识', 0),
(2588, '教科', '智库', 0),
(2589, '教科', '教科书', 0),
(2590, '教科', '宠物', 0),
(2591, '教科', '用户', 0),
(2592, '教科', '青年', 3),
(2593, '教科', '数学', 0),
(2594, '教科', '味道', 0),
(2595, '教科', '飞利浦', 0),
(2596, '教科', '想像力', 1),
(2597, '教科', '孩子', 17),
(2598, '教科', '五专', 0),
(2599, '教科', '服务', 0),
(2600, '教科', '职工', 0),
(2601, '教科', '节能', 0),
(2602, '教科', '海鸥', 0),
(2603, '教科', '种子', 0),
(2604, '教科', '登革热', 0),
(2605, '教科', '素养', 0),
(2606, '教科', '拖鞋', 1),
(2607, '教科', '数位', 0),
(2608, '教科', '猕猴', 0),
(2609, '教科', '法制', 1),
(2610, '教科', '伤口', 0),
(2611, '教科', '长辈', 0),
(2612, '教科', '小龙', 0),
(2613, '教科', '体验', 0),
(2614, '教科', '商品', 7),
(2615, '教科', '癌症', 0),
(2616, '教科', '说实话', 0),
(2617, '教科', '搬家', 1),
(2618, '教科', '检测', 0),
(2619, '教科', '学生会', 0),
(2620, '教科', '啊啊啊', 1),
(2621, '教科', '品德', 3),
(2622, '教科', '昆虫', 0),
(2623, '教科', '书馆', 0),
(2624, '教科', '英文', 8),
(2625, '教科', '想像', 4),
(2626, '教科', '诊病', 0),
(2627, '教科', '图书馆', 0),
(2628, '教科', '专利', 0),
(2629, '教科', '图书', 0),
(2630, '教科', '建筑', 0),
(2631, '教科', '魔女', 0),
(2632, '教科', '达文西', 0),
(2633, '教科', '匈牙利', 1),
(2634, '教科', '车子', 0),
(2635, '教科', '国防', 0),
(2636, '教科', '针灸', 0),
(2637, '教科', '地球', 4),
(2638, '教科', '教育', 25),
(2639, '教科', '感恩', 1),
(2640, '教科', '妈妈', 0),
(2641, '教科', '动画', 0),
(2642, '教科', '流感', 2),
(2643, '教科', '安东尼', 0),
(2644, '教科', '实话', 0),
(2645, '教科', '测试', 0),
(2646, '教科', '德福', 1),
(2647, '教科', '课程', 0),
(2648, '教科', '法制教育', 1),
(2649, '教科', '土地', 5),
(2650, '教科', '寄居蟹', 0),
(2651, '教科', '安东尼奥', 0),
(2652, '教科', '尼奥', 0),
(2653, '教科', '用药', 0),
(2654, '教科', '国王', 0),
(2655, '教科', '轮子', 0),
(2656, '教科', '安东', 0),
(2657, '教科', '小朋友', 9),
(2658, '教科', '朋友', 23),
(2659, '教科', '猴子', 1),
(2660, '教科', '能源', 6),
(2661, '教科', '故事', 10),
(2662, '教科', '防灾', 0),
(2663, '教科', '樱花', 0),
(2664, '教科', '条文', 0),
(2665, '教科', '设备', 0),
(2666, '教科', '设计师', 0),
(2667, '教科', '父子', 2),
(2668, '教科', '产品', 0),
(2669, '教科', '口罩', 0),
(2670, '教科', '垃圾', 2),
(2671, '教科', '药局', 0),
(2672, '教科', '手语', 0),
(2673, '教科', '偏向', 5),
(2674, '节能', '运动', 1),
(2675, '节能', '螃蟹', 0),
(2676, '节能', '乐器', 0),
(2677, '节能', '华佗', 0),
(2678, '节能', '诺瓦', 0),
(2679, '节能', '选择', 1),
(2680, '节能', '害羞', 0),
(2681, '节能', '张衡', 0),
(2682, '节能', '红毛', 0),
(2683, '节能', '华语', 0),
(2684, '节能', '阅读', 0),
(2685, '节能', '恐龙', 0),
(2686, '节能', '意识', 1),
(2687, '节能', '智库', 0),
(2688, '节能', '教科书', 0),
(2689, '节能', '宠物', 0),
(2690, '节能', '用户', 1),
(2691, '节能', '青年', 0),
(2692, '节能', '数学', 1),
(2693, '节能', '味道', 0),
(2694, '节能', '飞利浦', 0),
(2695, '节能', '想像力', 0),
(2696, '节能', '孩子', 1),
(2697, '节能', '五专', 0),
(2698, '节能', '服务', 1),
(2699, '节能', '职工', 0),
(2700, '节能', '教科', 0),
(2701, '节能', '海鸥', 0),
(2702, '节能', '种子', 0),
(2703, '节能', '登革热', 0),
(2704, '节能', '素养', 0),
(2705, '节能', '拖鞋', 0),
(2706, '节能', '数位', 1),
(2707, '节能', '猕猴', 0),
(2708, '节能', '法制', 0),
(2709, '节能', '伤口', 1),
(2710, '节能', '长辈', 0),
(2711, '节能', '小龙', 0),
(2712, '节能', '体验', 1),
(2713, '节能', '商品', 1),
(2714, '节能', '癌症', 0),
(2715, '节能', '说实话', 0),
(2716, '节能', '搬家', 0),
(2717, '节能', '检测', 0),
(2718, '节能', '学生会', 0),
(2719, '节能', '啊啊啊', 0),
(2720, '节能', '品德', 0),
(2721, '节能', '昆虫', 0),
(2722, '节能', '书馆', 0),
(2723, '节能', '英文', 1),
(2724, '节能', '想像', 0),
(2725, '节能', '诊病', 0),
(2726, '节能', '图书馆', 0),
(2727, '节能', '专利', 0),
(2728, '节能', '图书', 0),
(2729, '节能', '建筑', 1),
(2730, '节能', '魔女', 0),
(2731, '节能', '达文西', 1),
(2732, '节能', '匈牙利', 0),
(2733, '节能', '车子', 1),
(2734, '节能', '国防', 0),
(2735, '节能', '针灸', 0),
(2736, '节能', '地球', 0),
(2737, '节能', '教育', 1),
(2738, '节能', '感恩', 0),
(2739, '节能', '妈妈', 1),
(2740, '节能', '动画', 0),
(2741, '节能', '流感', 0),
(2742, '节能', '安东尼', 0),
(2743, '节能', '实话', 1),
(2744, '节能', '测试', 0),
(2745, '节能', '德福', 0),
(2746, '节能', '课程', 1),
(2747, '节能', '法制教育', 0),
(2748, '节能', '土地', 0),
(2749, '节能', '寄居蟹', 0),
(2750, '节能', '安东尼奥', 0),
(2751, '节能', '尼奥', 0),
(2752, '节能', '用药', 0),
(2753, '节能', '国王', 0),
(2754, '节能', '轮子', 0),
(2755, '节能', '安东', 0),
(2756, '节能', '小朋友', 1),
(2757, '节能', '朋友', 1),
(2758, '节能', '猴子', 1),
(2759, '节能', '能源', 0),
(2760, '节能', '故事', 0),
(2761, '节能', '防灾', 0),
(2762, '节能', '樱花', 0),
(2763, '节能', '条文', 0),
(2764, '节能', '设备', 1),
(2765, '节能', '设计师', 1),
(2766, '节能', '父子', 0),
(2767, '节能', '产品', 1),
(2768, '节能', '口罩', 0),
(2769, '节能', '垃圾', 0),
(2770, '节能', '药局', 0),
(2771, '节能', '手语', 0),
(2772, '节能', '偏向', 1),
(2773, '海鸥', '运动', 0),
(2774, '海鸥', '螃蟹', 0),
(2775, '海鸥', '乐器', 0),
(2776, '海鸥', '华佗', 0),
(2777, '海鸥', '诺瓦', 0),
(2778, '海鸥', '选择', 0),
(2779, '海鸥', '害羞', 0),
(2780, '海鸥', '张衡', 0),
(2781, '海鸥', '红毛', 0),
(2782, '海鸥', '华语', 0),
(2783, '海鸥', '阅读', 0),
(2784, '海鸥', '恐龙', 0),
(2785, '海鸥', '意识', 0),
(2786, '海鸥', '智库', 0),
(2787, '海鸥', '教科书', 0),
(2788, '海鸥', '宠物', 0),
(2789, '海鸥', '用户', 0),
(2790, '海鸥', '青年', 0),
(2791, '海鸥', '数学', 0),
(2792, '海鸥', '味道', 0),
(2793, '海鸥', '飞利浦', 0),
(2794, '海鸥', '想像力', 0),
(2795, '海鸥', '孩子', 0),
(2796, '海鸥', '五专', 0),
(2797, '海鸥', '服务', 0),
(2798, '海鸥', '职工', 0),
(2799, '海鸥', '教科', 0),
(2800, '海鸥', '节能', 0),
(2801, '海鸥', '种子', 0),
(2802, '海鸥', '登革热', 0),
(2803, '海鸥', '素养', 0),
(2804, '海鸥', '拖鞋', 0),
(2805, '海鸥', '数位', 0),
(2806, '海鸥', '猕猴', 0),
(2807, '海鸥', '法制', 0),
(2808, '海鸥', '伤口', 0),
(2809, '海鸥', '长辈', 0),
(2810, '海鸥', '小龙', 0),
(2811, '海鸥', '体验', 0),
(2812, '海鸥', '商品', 0),
(2813, '海鸥', '癌症', 0),
(2814, '海鸥', '说实话', 0),
(2815, '海鸥', '搬家', 0),
(2816, '海鸥', '检测', 0),
(2817, '海鸥', '学生会', 0),
(2818, '海鸥', '啊啊啊', 0),
(2819, '海鸥', '品德', 0),
(2820, '海鸥', '昆虫', 0),
(2821, '海鸥', '书馆', 0),
(2822, '海鸥', '英文', 0),
(2823, '海鸥', '想像', 0),
(2824, '海鸥', '诊病', 0),
(2825, '海鸥', '图书馆', 0),
(2826, '海鸥', '专利', 0),
(2827, '海鸥', '图书', 0),
(2828, '海鸥', '建筑', 0),
(2829, '海鸥', '魔女', 0),
(2830, '海鸥', '达文西', 0),
(2831, '海鸥', '匈牙利', 0),
(2832, '海鸥', '车子', 0),
(2833, '海鸥', '国防', 0),
(2834, '海鸥', '针灸', 0),
(2835, '海鸥', '地球', 0),
(2836, '海鸥', '教育', 0),
(2837, '海鸥', '感恩', 0),
(2838, '海鸥', '妈妈', 0),
(2839, '海鸥', '动画', 0),
(2840, '海鸥', '流感', 0),
(2841, '海鸥', '安东尼', 0),
(2842, '海鸥', '实话', 0),
(2843, '海鸥', '测试', 0),
(2844, '海鸥', '德福', 0),
(2845, '海鸥', '课程', 0),
(2846, '海鸥', '法制教育', 0),
(2847, '海鸥', '土地', 0),
(2848, '海鸥', '寄居蟹', 0),
(2849, '海鸥', '安东尼奥', 0),
(2850, '海鸥', '尼奥', 0),
(2851, '海鸥', '用药', 0),
(2852, '海鸥', '国王', 0),
(2853, '海鸥', '轮子', 0),
(2854, '海鸥', '安东', 0),
(2855, '海鸥', '小朋友', 0),
(2856, '海鸥', '朋友', 0),
(2857, '海鸥', '猴子', 0),
(2858, '海鸥', '能源', 0),
(2859, '海鸥', '故事', 0),
(2860, '海鸥', '防灾', 0),
(2861, '海鸥', '樱花', 0),
(2862, '海鸥', '条文', 0),
(2863, '海鸥', '设备', 0),
(2864, '海鸥', '设计师', 0),
(2865, '海鸥', '父子', 0),
(2866, '海鸥', '产品', 0),
(2867, '海鸥', '口罩', 0),
(2868, '海鸥', '垃圾', 0),
(2869, '海鸥', '药局', 0),
(2870, '海鸥', '手语', 0),
(2871, '海鸥', '偏向', 0),
(2872, '种子', '运动', 0),
(2873, '种子', '螃蟹', 0),
(2874, '种子', '乐器', 0),
(2875, '种子', '华佗', 0),
(2876, '种子', '诺瓦', 0),
(2877, '种子', '选择', 0),
(2878, '种子', '害羞', 0),
(2879, '种子', '张衡', 0),
(2880, '种子', '红毛', 0),
(2881, '种子', '华语', 0),
(2882, '种子', '阅读', 0),
(2883, '种子', '恐龙', 0),
(2884, '种子', '意识', 0),
(2885, '种子', '智库', 0),
(2886, '种子', '教科书', 0),
(2887, '种子', '宠物', 0),
(2888, '种子', '用户', 0),
(2889, '种子', '青年', 0),
(2890, '种子', '数学', 0),
(2891, '种子', '味道', 0),
(2892, '种子', '飞利浦', 0),
(2893, '种子', '想像力', 0),
(2894, '种子', '孩子', 0),
(2895, '种子', '五专', 0),
(2896, '种子', '服务', 0),
(2897, '种子', '职工', 0),
(2898, '种子', '教科', 0),
(2899, '种子', '节能', 0),
(2900, '种子', '海鸥', 0),
(2901, '种子', '登革热', 0),
(2902, '种子', '素养', 0),
(2903, '种子', '拖鞋', 0),
(2904, '种子', '数位', 0),
(2905, '种子', '猕猴', 0),
(2906, '种子', '法制', 0),
(2907, '种子', '伤口', 0),
(2908, '种子', '长辈', 0),
(2909, '种子', '小龙', 0),
(2910, '种子', '体验', 0),
(2911, '种子', '商品', 0),
(2912, '种子', '癌症', 0),
(2913, '种子', '说实话', 0),
(2914, '种子', '搬家', 0),
(2915, '种子', '检测', 0),
(2916, '种子', '学生会', 0),
(2917, '种子', '啊啊啊', 0),
(2918, '种子', '品德', 0),
(2919, '种子', '昆虫', 0),
(2920, '种子', '书馆', 0),
(2921, '种子', '英文', 0),
(2922, '种子', '想像', 0),
(2923, '种子', '诊病', 0),
(2924, '种子', '图书馆', 0),
(2925, '种子', '专利', 0),
(2926, '种子', '图书', 0),
(2927, '种子', '建筑', 0),
(2928, '种子', '魔女', 0),
(2929, '种子', '达文西', 0),
(2930, '种子', '匈牙利', 0),
(2931, '种子', '车子', 0),
(2932, '种子', '国防', 0),
(2933, '种子', '针灸', 0),
(2934, '种子', '地球', 0),
(2935, '种子', '教育', 0),
(2936, '种子', '感恩', 0),
(2937, '种子', '妈妈', 0),
(2938, '种子', '动画', 0),
(2939, '种子', '流感', 0),
(2940, '种子', '安东尼', 0),
(2941, '种子', '实话', 0),
(2942, '种子', '测试', 0),
(2943, '种子', '德福', 0),
(2944, '种子', '课程', 0),
(2945, '种子', '法制教育', 0),
(2946, '种子', '土地', 0),
(2947, '种子', '寄居蟹', 0),
(2948, '种子', '安东尼奥', 0),
(2949, '种子', '尼奥', 0),
(2950, '种子', '用药', 0),
(2951, '种子', '国王', 0),
(2952, '种子', '轮子', 0),
(2953, '种子', '安东', 0),
(2954, '种子', '小朋友', 0),
(2955, '种子', '朋友', 0),
(2956, '种子', '猴子', 0),
(2957, '种子', '能源', 0),
(2958, '种子', '故事', 0),
(2959, '种子', '防灾', 0),
(2960, '种子', '樱花', 0),
(2961, '种子', '条文', 0),
(2962, '种子', '设备', 0),
(2963, '种子', '设计师', 0),
(2964, '种子', '父子', 0),
(2965, '种子', '产品', 0),
(2966, '种子', '口罩', 0),
(2967, '种子', '垃圾', 0),
(2968, '种子', '药局', 0),
(2969, '种子', '手语', 0),
(2970, '种子', '偏向', 0),
(2971, '登革热', '运动', 0),
(2972, '登革热', '螃蟹', 0),
(2973, '登革热', '乐器', 0),
(2974, '登革热', '华佗', 0),
(2975, '登革热', '诺瓦', 0),
(2976, '登革热', '选择', 0),
(2977, '登革热', '害羞', 0),
(2978, '登革热', '张衡', 0),
(2979, '登革热', '红毛', 0),
(2980, '登革热', '华语', 0),
(2981, '登革热', '阅读', 0),
(2982, '登革热', '恐龙', 0),
(2983, '登革热', '意识', 0),
(2984, '登革热', '智库', 0),
(2985, '登革热', '教科书', 0),
(2986, '登革热', '宠物', 0),
(2987, '登革热', '用户', 0),
(2988, '登革热', '青年', 0),
(2989, '登革热', '数学', 0),
(2990, '登革热', '味道', 0),
(2991, '登革热', '飞利浦', 0),
(2992, '登革热', '想像力', 0),
(2993, '登革热', '孩子', 0),
(2994, '登革热', '五专', 0),
(2995, '登革热', '服务', 0),
(2996, '登革热', '职工', 0),
(2997, '登革热', '教科', 0),
(2998, '登革热', '节能', 0),
(2999, '登革热', '海鸥', 0),
(3000, '登革热', '种子', 0),
(3001, '登革热', '素养', 0),
(3002, '登革热', '拖鞋', 0),
(3003, '登革热', '数位', 0),
(3004, '登革热', '猕猴', 0),
(3005, '登革热', '法制', 0),
(3006, '登革热', '伤口', 0),
(3007, '登革热', '长辈', 0),
(3008, '登革热', '小龙', 0),
(3009, '登革热', '体验', 0),
(3010, '登革热', '商品', 0),
(3011, '登革热', '癌症', 0),
(3012, '登革热', '说实话', 0),
(3013, '登革热', '搬家', 0),
(3014, '登革热', '检测', 0),
(3015, '登革热', '学生会', 0),
(3016, '登革热', '啊啊啊', 0),
(3017, '登革热', '品德', 0),
(3018, '登革热', '昆虫', 0),
(3019, '登革热', '书馆', 0),
(3020, '登革热', '英文', 0),
(3021, '登革热', '想像', 0),
(3022, '登革热', '诊病', 0),
(3023, '登革热', '图书馆', 0),
(3024, '登革热', '专利', 0),
(3025, '登革热', '图书', 0),
(3026, '登革热', '建筑', 0),
(3027, '登革热', '魔女', 0),
(3028, '登革热', '达文西', 0),
(3029, '登革热', '匈牙利', 0),
(3030, '登革热', '车子', 0),
(3031, '登革热', '国防', 0),
(3032, '登革热', '针灸', 0),
(3033, '登革热', '地球', 0),
(3034, '登革热', '教育', 0),
(3035, '登革热', '感恩', 0),
(3036, '登革热', '妈妈', 0),
(3037, '登革热', '动画', 0),
(3038, '登革热', '流感', 0),
(3039, '登革热', '安东尼', 0),
(3040, '登革热', '实话', 0),
(3041, '登革热', '测试', 0),
(3042, '登革热', '德福', 0),
(3043, '登革热', '课程', 0),
(3044, '登革热', '法制教育', 0),
(3045, '登革热', '土地', 0),
(3046, '登革热', '寄居蟹', 0),
(3047, '登革热', '安东尼奥', 0),
(3048, '登革热', '尼奥', 0),
(3049, '登革热', '用药', 0),
(3050, '登革热', '国王', 0),
(3051, '登革热', '轮子', 0),
(3052, '登革热', '安东', 0),
(3053, '登革热', '小朋友', 0),
(3054, '登革热', '朋友', 0),
(3055, '登革热', '猴子', 0),
(3056, '登革热', '能源', 0),
(3057, '登革热', '故事', 0),
(3058, '登革热', '防灾', 0),
(3059, '登革热', '樱花', 0),
(3060, '登革热', '条文', 0),
(3061, '登革热', '设备', 0),
(3062, '登革热', '设计师', 0),
(3063, '登革热', '父子', 0),
(3064, '登革热', '产品', 0),
(3065, '登革热', '口罩', 0),
(3066, '登革热', '垃圾', 0),
(3067, '登革热', '药局', 0),
(3068, '登革热', '手语', 0),
(3069, '登革热', '偏向', 0),
(3070, '素养', '运动', 0),
(3071, '素养', '螃蟹', 0),
(3072, '素养', '乐器', 0),
(3073, '素养', '华佗', 0),
(3074, '素养', '诺瓦', 0),
(3075, '素养', '选择', 0),
(3076, '素养', '害羞', 0),
(3077, '素养', '张衡', 0),
(3078, '素养', '红毛', 0),
(3079, '素养', '华语', 0),
(3080, '素养', '阅读', 0),
(3081, '素养', '恐龙', 0),
(3082, '素养', '意识', 0),
(3083, '素养', '智库', 0),
(3084, '素养', '教科书', 0),
(3085, '素养', '宠物', 0),
(3086, '素养', '用户', 0),
(3087, '素养', '青年', 0),
(3088, '素养', '数学', 0),
(3089, '素养', '味道', 0),
(3090, '素养', '飞利浦', 0),
(3091, '素养', '想像力', 0),
(3092, '素养', '孩子', 0),
(3093, '素养', '五专', 0),
(3094, '素养', '服务', 0),
(3095, '素养', '职工', 0),
(3096, '素养', '教科', 0),
(3097, '素养', '节能', 0),
(3098, '素养', '海鸥', 0),
(3099, '素养', '种子', 0),
(3100, '素养', '登革热', 0),
(3101, '素养', '拖鞋', 0),
(3102, '素养', '数位', 0),
(3103, '素养', '猕猴', 0),
(3104, '素养', '法制', 0),
(3105, '素养', '伤口', 0),
(3106, '素养', '长辈', 0),
(3107, '素养', '小龙', 0),
(3108, '素养', '体验', 0),
(3109, '素养', '商品', 0),
(3110, '素养', '癌症', 0),
(3111, '素养', '说实话', 0),
(3112, '素养', '搬家', 0),
(3113, '素养', '检测', 0),
(3114, '素养', '学生会', 0),
(3115, '素养', '啊啊啊', 0),
(3116, '素养', '品德', 0),
(3117, '素养', '昆虫', 0),
(3118, '素养', '书馆', 0),
(3119, '素养', '英文', 0),
(3120, '素养', '想像', 0),
(3121, '素养', '诊病', 0),
(3122, '素养', '图书馆', 0),
(3123, '素养', '专利', 0),
(3124, '素养', '图书', 0),
(3125, '素养', '建筑', 0),
(3126, '素养', '魔女', 0),
(3127, '素养', '达文西', 0),
(3128, '素养', '匈牙利', 0),
(3129, '素养', '车子', 0),
(3130, '素养', '国防', 0),
(3131, '素养', '针灸', 0),
(3132, '素养', '地球', 0),
(3133, '素养', '教育', 0),
(3134, '素养', '感恩', 0),
(3135, '素养', '妈妈', 0),
(3136, '素养', '动画', 0),
(3137, '素养', '流感', 0),
(3138, '素养', '安东尼', 0),
(3139, '素养', '实话', 0),
(3140, '素养', '测试', 0),
(3141, '素养', '德福', 0),
(3142, '素养', '课程', 0),
(3143, '素养', '法制教育', 0),
(3144, '素养', '土地', 0),
(3145, '素养', '寄居蟹', 0),
(3146, '素养', '安东尼奥', 0),
(3147, '素养', '尼奥', 0),
(3148, '素养', '用药', 0),
(3149, '素养', '国王', 0),
(3150, '素养', '轮子', 0),
(3151, '素养', '安东', 0),
(3152, '素养', '小朋友', 0),
(3153, '素养', '朋友', 0),
(3154, '素养', '猴子', 0),
(3155, '素养', '能源', 0),
(3156, '素养', '故事', 0),
(3157, '素养', '防灾', 0),
(3158, '素养', '樱花', 0),
(3159, '素养', '条文', 0),
(3160, '素养', '设备', 0),
(3161, '素养', '设计师', 0),
(3162, '素养', '父子', 0),
(3163, '素养', '产品', 0),
(3164, '素养', '口罩', 0),
(3165, '素养', '垃圾', 0),
(3166, '素养', '药局', 0),
(3167, '素养', '手语', 0),
(3168, '素养', '偏向', 0),
(3169, '拖鞋', '运动', 0),
(3170, '拖鞋', '螃蟹', 0),
(3171, '拖鞋', '乐器', 0),
(3172, '拖鞋', '华佗', 0),
(3173, '拖鞋', '诺瓦', 0),
(3174, '拖鞋', '选择', 0),
(3175, '拖鞋', '害羞', 0),
(3176, '拖鞋', '张衡', 0),
(3177, '拖鞋', '红毛', 0),
(3178, '拖鞋', '华语', 0),
(3179, '拖鞋', '阅读', 0),
(3180, '拖鞋', '恐龙', 0),
(3181, '拖鞋', '意识', 0),
(3182, '拖鞋', '智库', 0),
(3183, '拖鞋', '教科书', 0),
(3184, '拖鞋', '宠物', 0),
(3185, '拖鞋', '用户', 0),
(3186, '拖鞋', '青年', 2),
(3187, '拖鞋', '数学', 0),
(3188, '拖鞋', '味道', 1),
(3189, '拖鞋', '飞利浦', 0),
(3190, '拖鞋', '想像力', 0),
(3191, '拖鞋', '孩子', 6),
(3192, '拖鞋', '五专', 0),
(3193, '拖鞋', '服务', 0),
(3194, '拖鞋', '职工', 0),
(3195, '拖鞋', '教科', 1),
(3196, '拖鞋', '节能', 0),
(3197, '拖鞋', '海鸥', 0),
(3198, '拖鞋', '种子', 0),
(3199, '拖鞋', '登革热', 0),
(3200, '拖鞋', '素养', 0),
(3201, '拖鞋', '数位', 0),
(3202, '拖鞋', '猕猴', 0),
(3203, '拖鞋', '法制', 0),
(3204, '拖鞋', '伤口', 0),
(3205, '拖鞋', '长辈', 0),
(3206, '拖鞋', '小龙', 0),
(3207, '拖鞋', '体验', 0),
(3208, '拖鞋', '商品', 1),
(3209, '拖鞋', '癌症', 0),
(3210, '拖鞋', '说实话', 0),
(3211, '拖鞋', '搬家', 0),
(3212, '拖鞋', '检测', 0),
(3213, '拖鞋', '学生会', 0),
(3214, '拖鞋', '啊啊啊', 0),
(3215, '拖鞋', '品德', 0),
(3216, '拖鞋', '昆虫', 0),
(3217, '拖鞋', '书馆', 0),
(3218, '拖鞋', '英文', 1),
(3219, '拖鞋', '想像', 5),
(3220, '拖鞋', '诊病', 0),
(3221, '拖鞋', '图书馆', 0),
(3222, '拖鞋', '专利', 0),
(3223, '拖鞋', '图书', 0),
(3224, '拖鞋', '建筑', 0),
(3225, '拖鞋', '魔女', 0),
(3226, '拖鞋', '达文西', 0),
(3227, '拖鞋', '匈牙利', 0),
(3228, '拖鞋', '车子', 0),
(3229, '拖鞋', '国防', 0),
(3230, '拖鞋', '针灸', 0),
(3231, '拖鞋', '地球', 0),
(3232, '拖鞋', '教育', 6),
(3233, '拖鞋', '感恩', 0),
(3234, '拖鞋', '妈妈', 0),
(3235, '拖鞋', '动画', 0),
(3236, '拖鞋', '流感', 0),
(3237, '拖鞋', '安东尼', 0),
(3238, '拖鞋', '实话', 0),
(3239, '拖鞋', '测试', 0),
(3240, '拖鞋', '德福', 0),
(3241, '拖鞋', '课程', 0),
(3242, '拖鞋', '法制教育', 0),
(3243, '拖鞋', '土地', 1),
(3244, '拖鞋', '寄居蟹', 0),
(3245, '拖鞋', '安东尼奥', 0),
(3246, '拖鞋', '尼奥', 0),
(3247, '拖鞋', '用药', 0),
(3248, '拖鞋', '国王', 0),
(3249, '拖鞋', '轮子', 0),
(3250, '拖鞋', '安东', 0),
(3251, '拖鞋', '小朋友', 4),
(3252, '拖鞋', '朋友', 6),
(3253, '拖鞋', '猴子', 1),
(3254, '拖鞋', '能源', 0),
(3255, '拖鞋', '故事', 5),
(3256, '拖鞋', '防灾', 0),
(3257, '拖鞋', '樱花', 0),
(3258, '拖鞋', '条文', 0),
(3259, '拖鞋', '设备', 0),
(3260, '拖鞋', '设计师', 0),
(3261, '拖鞋', '父子', 2),
(3262, '拖鞋', '产品', 0),
(3263, '拖鞋', '口罩', 0),
(3264, '拖鞋', '垃圾', 1),
(3265, '拖鞋', '药局', 0),
(3266, '拖鞋', '手语', 0),
(3267, '拖鞋', '偏向', 1),
(3268, '数位', '运动', 2),
(3269, '数位', '螃蟹', 0),
(3270, '数位', '乐器', 0),
(3271, '数位', '华佗', 0),
(3272, '数位', '诺瓦', 0),
(3273, '数位', '选择', 1),
(3274, '数位', '害羞', 0),
(3275, '数位', '张衡', 0),
(3276, '数位', '红毛', 0),
(3277, '数位', '华语', 0),
(3278, '数位', '阅读', 1),
(3279, '数位', '恐龙', 0),
(3280, '数位', '意识', 1),
(3281, '数位', '智库', 0),
(3282, '数位', '教科书', 0),
(3283, '数位', '宠物', 0),
(3284, '数位', '用户', 2),
(3285, '数位', '青年', 0),
(3286, '数位', '数学', 1),
(3287, '数位', '味道', 0),
(3288, '数位', '飞利浦', 0),
(3289, '数位', '想像力', 0),
(3290, '数位', '孩子', 2),
(3291, '数位', '五专', 0),
(3292, '数位', '服务', 2),
(3293, '数位', '职工', 0),
(3294, '数位', '教科', 0),
(3295, '数位', '节能', 1),
(3296, '数位', '海鸥', 0),
(3297, '数位', '种子', 0),
(3298, '数位', '登革热', 0),
(3299, '数位', '素养', 0),
(3300, '数位', '拖鞋', 0),
(3301, '数位', '猕猴', 0),
(3302, '数位', '法制', 0),
(3303, '数位', '伤口', 1),
(3304, '数位', '长辈', 0),
(3305, '数位', '小龙', 0),
(3306, '数位', '体验', 2),
(3307, '数位', '商品', 1),
(3308, '数位', '癌症', 0),
(3309, '数位', '说实话', 0),
(3310, '数位', '搬家', 0),
(3311, '数位', '检测', 0),
(3312, '数位', '学生会', 0),
(3313, '数位', '啊啊啊', 0),
(3314, '数位', '品德', 0),
(3315, '数位', '昆虫', 0),
(3316, '数位', '书馆', 1),
(3317, '数位', '英文', 1),
(3318, '数位', '想像', 1),
(3319, '数位', '诊病', 0),
(3320, '数位', '图书馆', 0),
(3321, '数位', '专利', 0),
(3322, '数位', '图书', 0),
(3323, '数位', '建筑', 2),
(3324, '数位', '魔女', 0),
(3325, '数位', '达文西', 1),
(3326, '数位', '匈牙利', 0),
(3327, '数位', '车子', 2),
(3328, '数位', '国防', 0),
(3329, '数位', '针灸', 0),
(3330, '数位', '地球', 0),
(3331, '数位', '教育', 2),
(3332, '数位', '感恩', 0),
(3333, '数位', '妈妈', 2),
(3334, '数位', '动画', 0),
(3335, '数位', '流感', 0),
(3336, '数位', '安东尼', 0),
(3337, '数位', '实话', 1),
(3338, '数位', '测试', 0),
(3339, '数位', '德福', 0),
(3340, '数位', '课程', 2),
(3341, '数位', '法制教育', 0),
(3342, '数位', '土地', 1),
(3343, '数位', '寄居蟹', 0),
(3344, '数位', '安东尼奥', 0),
(3345, '数位', '尼奥', 0),
(3346, '数位', '用药', 0),
(3347, '数位', '国王', 0),
(3348, '数位', '轮子', 0),
(3349, '数位', '安东', 0),
(3350, '数位', '小朋友', 1),
(3351, '数位', '朋友', 2),
(3352, '数位', '猴子', 1),
(3353, '数位', '能源', 0),
(3354, '数位', '故事', 1),
(3355, '数位', '防灾', 0),
(3356, '数位', '樱花', 0),
(3357, '数位', '条文', 0),
(3358, '数位', '设备', 1),
(3359, '数位', '设计师', 2),
(3360, '数位', '父子', 0),
(3361, '数位', '产品', 1),
(3362, '数位', '口罩', 0),
(3363, '数位', '垃圾', 0),
(3364, '数位', '药局', 0),
(3365, '数位', '手语', 0),
(3366, '数位', '偏向', 1),
(3367, '猕猴', '运动', 0),
(3368, '猕猴', '螃蟹', 0),
(3369, '猕猴', '乐器', 0),
(3370, '猕猴', '华佗', 0),
(3371, '猕猴', '诺瓦', 0),
(3372, '猕猴', '选择', 0),
(3373, '猕猴', '害羞', 0),
(3374, '猕猴', '张衡', 0),
(3375, '猕猴', '红毛', 0),
(3376, '猕猴', '华语', 0),
(3377, '猕猴', '阅读', 0),
(3378, '猕猴', '恐龙', 0),
(3379, '猕猴', '意识', 0),
(3380, '猕猴', '智库', 0),
(3381, '猕猴', '教科书', 0),
(3382, '猕猴', '宠物', 0),
(3383, '猕猴', '用户', 0),
(3384, '猕猴', '青年', 0),
(3385, '猕猴', '数学', 0),
(3386, '猕猴', '味道', 0),
(3387, '猕猴', '飞利浦', 0),
(3388, '猕猴', '想像力', 0),
(3389, '猕猴', '孩子', 0),
(3390, '猕猴', '五专', 0),
(3391, '猕猴', '服务', 0),
(3392, '猕猴', '职工', 0),
(3393, '猕猴', '教科', 0),
(3394, '猕猴', '节能', 0),
(3395, '猕猴', '海鸥', 0),
(3396, '猕猴', '种子', 0),
(3397, '猕猴', '登革热', 0),
(3398, '猕猴', '素养', 0),
(3399, '猕猴', '拖鞋', 0),
(3400, '猕猴', '数位', 0),
(3401, '猕猴', '法制', 0),
(3402, '猕猴', '伤口', 0),
(3403, '猕猴', '长辈', 0),
(3404, '猕猴', '小龙', 0),
(3405, '猕猴', '体验', 0),
(3406, '猕猴', '商品', 0),
(3407, '猕猴', '癌症', 0),
(3408, '猕猴', '说实话', 0),
(3409, '猕猴', '搬家', 0),
(3410, '猕猴', '检测', 0),
(3411, '猕猴', '学生会', 0),
(3412, '猕猴', '啊啊啊', 0),
(3413, '猕猴', '品德', 0),
(3414, '猕猴', '昆虫', 0),
(3415, '猕猴', '书馆', 0),
(3416, '猕猴', '英文', 0),
(3417, '猕猴', '想像', 0),
(3418, '猕猴', '诊病', 0),
(3419, '猕猴', '图书馆', 0),
(3420, '猕猴', '专利', 0),
(3421, '猕猴', '图书', 0),
(3422, '猕猴', '建筑', 0),
(3423, '猕猴', '魔女', 0),
(3424, '猕猴', '达文西', 0),
(3425, '猕猴', '匈牙利', 0),
(3426, '猕猴', '车子', 0),
(3427, '猕猴', '国防', 0),
(3428, '猕猴', '针灸', 0),
(3429, '猕猴', '地球', 0),
(3430, '猕猴', '教育', 0),
(3431, '猕猴', '感恩', 0),
(3432, '猕猴', '妈妈', 0),
(3433, '猕猴', '动画', 0),
(3434, '猕猴', '流感', 0),
(3435, '猕猴', '安东尼', 0),
(3436, '猕猴', '实话', 0),
(3437, '猕猴', '测试', 0),
(3438, '猕猴', '德福', 0),
(3439, '猕猴', '课程', 0),
(3440, '猕猴', '法制教育', 0),
(3441, '猕猴', '土地', 0),
(3442, '猕猴', '寄居蟹', 0),
(3443, '猕猴', '安东尼奥', 0),
(3444, '猕猴', '尼奥', 0),
(3445, '猕猴', '用药', 0),
(3446, '猕猴', '国王', 0),
(3447, '猕猴', '轮子', 0),
(3448, '猕猴', '安东', 0),
(3449, '猕猴', '小朋友', 0),
(3450, '猕猴', '朋友', 0),
(3451, '猕猴', '猴子', 0),
(3452, '猕猴', '能源', 0),
(3453, '猕猴', '故事', 0),
(3454, '猕猴', '防灾', 0),
(3455, '猕猴', '樱花', 0),
(3456, '猕猴', '条文', 0),
(3457, '猕猴', '设备', 0),
(3458, '猕猴', '设计师', 0),
(3459, '猕猴', '父子', 0),
(3460, '猕猴', '产品', 0),
(3461, '猕猴', '口罩', 0),
(3462, '猕猴', '垃圾', 0),
(3463, '猕猴', '药局', 0),
(3464, '猕猴', '手语', 0),
(3465, '猕猴', '偏向', 0),
(3466, '法制', '运动', 0),
(3467, '法制', '螃蟹', 0),
(3468, '法制', '乐器', 0),
(3469, '法制', '华佗', 0),
(3470, '法制', '诺瓦', 0),
(3471, '法制', '选择', 0),
(3472, '法制', '害羞', 0),
(3473, '法制', '张衡', 0),
(3474, '法制', '红毛', 0),
(3475, '法制', '华语', 0),
(3476, '法制', '阅读', 0),
(3477, '法制', '恐龙', 0),
(3478, '法制', '意识', 0),
(3479, '法制', '智库', 0),
(3480, '法制', '教科书', 0),
(3481, '法制', '宠物', 0),
(3482, '法制', '用户', 0),
(3483, '法制', '青年', 2),
(3484, '法制', '数学', 0),
(3485, '法制', '味道', 0),
(3486, '法制', '飞利浦', 0),
(3487, '法制', '想像力', 0),
(3488, '法制', '孩子', 4),
(3489, '法制', '五专', 0),
(3490, '法制', '服务', 0),
(3491, '法制', '职工', 0),
(3492, '法制', '教科', 1),
(3493, '法制', '节能', 0),
(3494, '法制', '海鸥', 0),
(3495, '法制', '种子', 0),
(3496, '法制', '登革热', 0),
(3497, '法制', '素养', 0),
(3498, '法制', '拖鞋', 0),
(3499, '法制', '数位', 0),
(3500, '法制', '猕猴', 0),
(3501, '法制', '伤口', 0),
(3502, '法制', '长辈', 0),
(3503, '法制', '小龙', 0),
(3504, '法制', '体验', 0),
(3505, '法制', '商品', 3),
(3506, '法制', '癌症', 0),
(3507, '法制', '说实话', 0),
(3508, '法制', '搬家', 0),
(3509, '法制', '检测', 0),
(3510, '法制', '学生会', 0),
(3511, '法制', '啊啊啊', 0),
(3512, '法制', '品德', 1),
(3513, '法制', '昆虫', 0),
(3514, '法制', '书馆', 0),
(3515, '法制', '英文', 1),
(3516, '法制', '想像', 0),
(3517, '法制', '诊病', 0),
(3518, '法制', '图书馆', 0),
(3519, '法制', '专利', 0),
(3520, '法制', '图书', 0),
(3521, '法制', '建筑', 0),
(3522, '法制', '魔女', 0),
(3523, '法制', '达文西', 0),
(3524, '法制', '匈牙利', 0),
(3525, '法制', '车子', 0),
(3526, '法制', '国防', 0),
(3527, '法制', '针灸', 0),
(3528, '法制', '地球', 1),
(3529, '法制', '教育', 6),
(3530, '法制', '感恩', 0),
(3531, '法制', '妈妈', 0),
(3532, '法制', '动画', 0),
(3533, '法制', '流感', 0),
(3534, '法制', '安东尼', 0),
(3535, '法制', '实话', 0),
(3536, '法制', '测试', 0),
(3537, '法制', '德福', 0),
(3538, '法制', '课程', 0),
(3539, '法制', '法制教育', 2),
(3540, '法制', '土地', 2),
(3541, '法制', '寄居蟹', 0),
(3542, '法制', '安东尼奥', 0),
(3543, '法制', '尼奥', 0),
(3544, '法制', '用药', 0),
(3545, '法制', '国王', 0),
(3546, '法制', '轮子', 0),
(3547, '法制', '安东', 0),
(3548, '法制', '小朋友', 4),
(3549, '法制', '朋友', 6),
(3550, '法制', '猴子', 0),
(3551, '法制', '能源', 1),
(3552, '法制', '故事', 4),
(3553, '法制', '防灾', 0),
(3554, '法制', '樱花', 0),
(3555, '法制', '条文', 0),
(3556, '法制', '设备', 0),
(3557, '法制', '设计师', 0),
(3558, '法制', '父子', 0),
(3559, '法制', '产品', 0),
(3560, '法制', '口罩', 0),
(3561, '法制', '垃圾', 1),
(3562, '法制', '药局', 0),
(3563, '法制', '手语', 0),
(3564, '法制', '偏向', 2),
(3565, '伤口', '运动', 1),
(3566, '伤口', '螃蟹', 0),
(3567, '伤口', '乐器', 0),
(3568, '伤口', '华佗', 0),
(3569, '伤口', '诺瓦', 0),
(3570, '伤口', '选择', 1),
(3571, '伤口', '害羞', 0),
(3572, '伤口', '张衡', 0),
(3573, '伤口', '红毛', 0),
(3574, '伤口', '华语', 0),
(3575, '伤口', '阅读', 0),
(3576, '伤口', '恐龙', 0),
(3577, '伤口', '意识', 1),
(3578, '伤口', '智库', 0),
(3579, '伤口', '教科书', 0),
(3580, '伤口', '宠物', 0),
(3581, '伤口', '用户', 1),
(3582, '伤口', '青年', 0),
(3583, '伤口', '数学', 1),
(3584, '伤口', '味道', 0),
(3585, '伤口', '飞利浦', 0),
(3586, '伤口', '想像力', 0),
(3587, '伤口', '孩子', 1),
(3588, '伤口', '五专', 0),
(3589, '伤口', '服务', 1),
(3590, '伤口', '职工', 0),
(3591, '伤口', '教科', 0),
(3592, '伤口', '节能', 1),
(3593, '伤口', '海鸥', 0),
(3594, '伤口', '种子', 0),
(3595, '伤口', '登革热', 0),
(3596, '伤口', '素养', 0),
(3597, '伤口', '拖鞋', 0),
(3598, '伤口', '数位', 1),
(3599, '伤口', '猕猴', 0),
(3600, '伤口', '法制', 0),
(3601, '伤口', '长辈', 0),
(3602, '伤口', '小龙', 0),
(3603, '伤口', '体验', 1),
(3604, '伤口', '商品', 1),
(3605, '伤口', '癌症', 0),
(3606, '伤口', '说实话', 0),
(3607, '伤口', '搬家', 0),
(3608, '伤口', '检测', 0),
(3609, '伤口', '学生会', 0),
(3610, '伤口', '啊啊啊', 0),
(3611, '伤口', '品德', 0),
(3612, '伤口', '昆虫', 0),
(3613, '伤口', '书馆', 0),
(3614, '伤口', '英文', 1),
(3615, '伤口', '想像', 0),
(3616, '伤口', '诊病', 0),
(3617, '伤口', '图书馆', 0),
(3618, '伤口', '专利', 0),
(3619, '伤口', '图书', 0),
(3620, '伤口', '建筑', 1),
(3621, '伤口', '魔女', 0),
(3622, '伤口', '达文西', 1),
(3623, '伤口', '匈牙利', 0),
(3624, '伤口', '车子', 1),
(3625, '伤口', '国防', 0),
(3626, '伤口', '针灸', 0),
(3627, '伤口', '地球', 0),
(3628, '伤口', '教育', 1),
(3629, '伤口', '感恩', 0),
(3630, '伤口', '妈妈', 1),
(3631, '伤口', '动画', 0),
(3632, '伤口', '流感', 0),
(3633, '伤口', '安东尼', 0),
(3634, '伤口', '实话', 1),
(3635, '伤口', '测试', 0),
(3636, '伤口', '德福', 0),
(3637, '伤口', '课程', 1),
(3638, '伤口', '法制教育', 0),
(3639, '伤口', '土地', 0),
(3640, '伤口', '寄居蟹', 0),
(3641, '伤口', '安东尼奥', 0),
(3642, '伤口', '尼奥', 0),
(3643, '伤口', '用药', 0),
(3644, '伤口', '国王', 0),
(3645, '伤口', '轮子', 0),
(3646, '伤口', '安东', 0),
(3647, '伤口', '小朋友', 1),
(3648, '伤口', '朋友', 1),
(3649, '伤口', '猴子', 1),
(3650, '伤口', '能源', 0),
(3651, '伤口', '故事', 0),
(3652, '伤口', '防灾', 0),
(3653, '伤口', '樱花', 0),
(3654, '伤口', '条文', 0),
(3655, '伤口', '设备', 1),
(3656, '伤口', '设计师', 1),
(3657, '伤口', '父子', 0),
(3658, '伤口', '产品', 1),
(3659, '伤口', '口罩', 0),
(3660, '伤口', '垃圾', 0),
(3661, '伤口', '药局', 0),
(3662, '伤口', '手语', 0),
(3663, '伤口', '偏向', 1),
(3664, '长辈', '运动', 0),
(3665, '长辈', '螃蟹', 0),
(3666, '长辈', '乐器', 0),
(3667, '长辈', '华佗', 0),
(3668, '长辈', '诺瓦', 0),
(3669, '长辈', '选择', 0),
(3670, '长辈', '害羞', 0),
(3671, '长辈', '张衡', 0),
(3672, '长辈', '红毛', 0),
(3673, '长辈', '华语', 0),
(3674, '长辈', '阅读', 0),
(3675, '长辈', '恐龙', 0),
(3676, '长辈', '意识', 0),
(3677, '长辈', '智库', 0),
(3678, '长辈', '教科书', 0),
(3679, '长辈', '宠物', 0),
(3680, '长辈', '用户', 0),
(3681, '长辈', '青年', 0),
(3682, '长辈', '数学', 0),
(3683, '长辈', '味道', 0),
(3684, '长辈', '飞利浦', 0),
(3685, '长辈', '想像力', 0),
(3686, '长辈', '孩子', 0),
(3687, '长辈', '五专', 0),
(3688, '长辈', '服务', 0),
(3689, '长辈', '职工', 0),
(3690, '长辈', '教科', 0),
(3691, '长辈', '节能', 0),
(3692, '长辈', '海鸥', 0),
(3693, '长辈', '种子', 0),
(3694, '长辈', '登革热', 0),
(3695, '长辈', '素养', 0),
(3696, '长辈', '拖鞋', 0),
(3697, '长辈', '数位', 0),
(3698, '长辈', '猕猴', 0),
(3699, '长辈', '法制', 0),
(3700, '长辈', '伤口', 0),
(3701, '长辈', '小龙', 0),
(3702, '长辈', '体验', 0),
(3703, '长辈', '商品', 0),
(3704, '长辈', '癌症', 0),
(3705, '长辈', '说实话', 0),
(3706, '长辈', '搬家', 0),
(3707, '长辈', '检测', 0),
(3708, '长辈', '学生会', 0),
(3709, '长辈', '啊啊啊', 0),
(3710, '长辈', '品德', 0),
(3711, '长辈', '昆虫', 0),
(3712, '长辈', '书馆', 0),
(3713, '长辈', '英文', 0),
(3714, '长辈', '想像', 0),
(3715, '长辈', '诊病', 0),
(3716, '长辈', '图书馆', 0),
(3717, '长辈', '专利', 0),
(3718, '长辈', '图书', 0),
(3719, '长辈', '建筑', 0),
(3720, '长辈', '魔女', 0),
(3721, '长辈', '达文西', 0),
(3722, '长辈', '匈牙利', 0),
(3723, '长辈', '车子', 0),
(3724, '长辈', '国防', 0),
(3725, '长辈', '针灸', 0),
(3726, '长辈', '地球', 0),
(3727, '长辈', '教育', 0),
(3728, '长辈', '感恩', 0),
(3729, '长辈', '妈妈', 0),
(3730, '长辈', '动画', 0),
(3731, '长辈', '流感', 0),
(3732, '长辈', '安东尼', 0),
(3733, '长辈', '实话', 0),
(3734, '长辈', '测试', 0),
(3735, '长辈', '德福', 0),
(3736, '长辈', '课程', 0),
(3737, '长辈', '法制教育', 0),
(3738, '长辈', '土地', 0),
(3739, '长辈', '寄居蟹', 0),
(3740, '长辈', '安东尼奥', 0),
(3741, '长辈', '尼奥', 0),
(3742, '长辈', '用药', 0),
(3743, '长辈', '国王', 0),
(3744, '长辈', '轮子', 0),
(3745, '长辈', '安东', 0),
(3746, '长辈', '小朋友', 0),
(3747, '长辈', '朋友', 0),
(3748, '长辈', '猴子', 0),
(3749, '长辈', '能源', 0),
(3750, '长辈', '故事', 0),
(3751, '长辈', '防灾', 0),
(3752, '长辈', '樱花', 0),
(3753, '长辈', '条文', 0),
(3754, '长辈', '设备', 0),
(3755, '长辈', '设计师', 0),
(3756, '长辈', '父子', 0),
(3757, '长辈', '产品', 0),
(3758, '长辈', '口罩', 0),
(3759, '长辈', '垃圾', 0),
(3760, '长辈', '药局', 0),
(3761, '长辈', '手语', 0),
(3762, '长辈', '偏向', 0),
(3763, '小龙', '运动', 0),
(3764, '小龙', '螃蟹', 0),
(3765, '小龙', '乐器', 0),
(3766, '小龙', '华佗', 0),
(3767, '小龙', '诺瓦', 0),
(3768, '小龙', '选择', 0),
(3769, '小龙', '害羞', 0),
(3770, '小龙', '张衡', 0),
(3771, '小龙', '红毛', 0),
(3772, '小龙', '华语', 0),
(3773, '小龙', '阅读', 0),
(3774, '小龙', '恐龙', 0),
(3775, '小龙', '意识', 0),
(3776, '小龙', '智库', 0),
(3777, '小龙', '教科书', 0),
(3778, '小龙', '宠物', 0),
(3779, '小龙', '用户', 0),
(3780, '小龙', '青年', 0),
(3781, '小龙', '数学', 0),
(3782, '小龙', '味道', 0),
(3783, '小龙', '飞利浦', 0),
(3784, '小龙', '想像力', 0),
(3785, '小龙', '孩子', 0),
(3786, '小龙', '五专', 0),
(3787, '小龙', '服务', 0),
(3788, '小龙', '职工', 0),
(3789, '小龙', '教科', 0),
(3790, '小龙', '节能', 0),
(3791, '小龙', '海鸥', 0),
(3792, '小龙', '种子', 0),
(3793, '小龙', '登革热', 0),
(3794, '小龙', '素养', 0),
(3795, '小龙', '拖鞋', 0),
(3796, '小龙', '数位', 0),
(3797, '小龙', '猕猴', 0),
(3798, '小龙', '法制', 0),
(3799, '小龙', '伤口', 0),
(3800, '小龙', '长辈', 0),
(3801, '小龙', '体验', 0),
(3802, '小龙', '商品', 0),
(3803, '小龙', '癌症', 0),
(3804, '小龙', '说实话', 0),
(3805, '小龙', '搬家', 0),
(3806, '小龙', '检测', 0),
(3807, '小龙', '学生会', 0),
(3808, '小龙', '啊啊啊', 0),
(3809, '小龙', '品德', 0),
(3810, '小龙', '昆虫', 0),
(3811, '小龙', '书馆', 0),
(3812, '小龙', '英文', 0),
(3813, '小龙', '想像', 0),
(3814, '小龙', '诊病', 0),
(3815, '小龙', '图书馆', 0),
(3816, '小龙', '专利', 0),
(3817, '小龙', '图书', 0),
(3818, '小龙', '建筑', 0),
(3819, '小龙', '魔女', 0),
(3820, '小龙', '达文西', 0),
(3821, '小龙', '匈牙利', 0),
(3822, '小龙', '车子', 0),
(3823, '小龙', '国防', 0),
(3824, '小龙', '针灸', 0),
(3825, '小龙', '地球', 0),
(3826, '小龙', '教育', 0),
(3827, '小龙', '感恩', 0),
(3828, '小龙', '妈妈', 0),
(3829, '小龙', '动画', 0),
(3830, '小龙', '流感', 0),
(3831, '小龙', '安东尼', 0),
(3832, '小龙', '实话', 0),
(3833, '小龙', '测试', 0),
(3834, '小龙', '德福', 0),
(3835, '小龙', '课程', 0),
(3836, '小龙', '法制教育', 0),
(3837, '小龙', '土地', 0),
(3838, '小龙', '寄居蟹', 0),
(3839, '小龙', '安东尼奥', 0),
(3840, '小龙', '尼奥', 0),
(3841, '小龙', '用药', 0),
(3842, '小龙', '国王', 0),
(3843, '小龙', '轮子', 0),
(3844, '小龙', '安东', 0),
(3845, '小龙', '小朋友', 0),
(3846, '小龙', '朋友', 0),
(3847, '小龙', '猴子', 0),
(3848, '小龙', '能源', 0),
(3849, '小龙', '故事', 0),
(3850, '小龙', '防灾', 0),
(3851, '小龙', '樱花', 0),
(3852, '小龙', '条文', 0),
(3853, '小龙', '设备', 0),
(3854, '小龙', '设计师', 0),
(3855, '小龙', '父子', 0),
(3856, '小龙', '产品', 0),
(3857, '小龙', '口罩', 0),
(3858, '小龙', '垃圾', 0),
(3859, '小龙', '药局', 0),
(3860, '小龙', '手语', 0),
(3861, '小龙', '偏向', 0),
(3862, '体验', '运动', 2),
(3863, '体验', '螃蟹', 0),
(3864, '体验', '乐器', 0),
(3865, '体验', '华佗', 0),
(3866, '体验', '诺瓦', 0),
(3867, '体验', '选择', 3),
(3868, '体验', '害羞', 0),
(3869, '体验', '张衡', 0),
(3870, '体验', '红毛', 0),
(3871, '体验', '华语', 0),
(3872, '体验', '阅读', 2),
(3873, '体验', '恐龙', 0),
(3874, '体验', '意识', 1),
(3875, '体验', '智库', 0),
(3876, '体验', '教科书', 0),
(3877, '体验', '宠物', 0),
(3878, '体验', '用户', 5),
(3879, '体验', '青年', 0),
(3880, '体验', '数学', 1),
(3881, '体验', '味道', 0),
(3882, '体验', '飞利浦', 0),
(3883, '体验', '想像力', 0),
(3884, '体验', '孩子', 3),
(3885, '体验', '五专', 0),
(3886, '体验', '服务', 4),
(3887, '体验', '职工', 0),
(3888, '体验', '教科', 0),
(3889, '体验', '节能', 1),
(3890, '体验', '海鸥', 0),
(3891, '体验', '种子', 0),
(3892, '体验', '登革热', 0),
(3893, '体验', '素养', 0),
(3894, '体验', '拖鞋', 0),
(3895, '体验', '数位', 2),
(3896, '体验', '猕猴', 0),
(3897, '体验', '法制', 0),
(3898, '体验', '伤口', 1),
(3899, '体验', '长辈', 0),
(3900, '体验', '小龙', 0),
(3901, '体验', '商品', 1),
(3902, '体验', '癌症', 0),
(3903, '体验', '说实话', 0),
(3904, '体验', '搬家', 0),
(3905, '体验', '检测', 0),
(3906, '体验', '学生会', 0),
(3907, '体验', '啊啊啊', 0),
(3908, '体验', '品德', 0),
(3909, '体验', '昆虫', 0),
(3910, '体验', '书馆', 2),
(3911, '体验', '英文', 2),
(3912, '体验', '想像', 1),
(3913, '体验', '诊病', 0),
(3914, '体验', '图书馆', 1),
(3915, '体验', '专利', 0),
(3916, '体验', '图书', 1),
(3917, '体验', '建筑', 2),
(3918, '体验', '魔女', 0),
(3919, '体验', '达文西', 1),
(3920, '体验', '匈牙利', 0),
(3921, '体验', '车子', 5),
(3922, '体验', '国防', 0),
(3923, '体验', '针灸', 0),
(3924, '体验', '地球', 0),
(3925, '体验', '教育', 5),
(3926, '体验', '感恩', 0),
(3927, '体验', '妈妈', 3),
(3928, '体验', '动画', 0),
(3929, '体验', '流感', 0),
(3930, '体验', '安东尼', 0),
(3931, '体验', '实话', 1),
(3932, '体验', '测试', 2),
(3933, '体验', '德福', 0),
(3934, '体验', '课程', 4),
(3935, '体验', '法制教育', 0),
(3936, '体验', '土地', 2),
(3937, '体验', '寄居蟹', 0),
(3938, '体验', '安东尼奥', 0),
(3939, '体验', '尼奥', 0),
(3940, '体验', '用药', 1),
(3941, '体验', '国王', 0),
(3942, '体验', '轮子', 1),
(3943, '体验', '安东', 0),
(3944, '体验', '小朋友', 2),
(3945, '体验', '朋友', 5),
(3946, '体验', '猴子', 2),
(3947, '体验', '能源', 3),
(3948, '体验', '故事', 2),
(3949, '体验', '防灾', 0),
(3950, '体验', '樱花', 0),
(3951, '体验', '条文', 0),
(3952, '体验', '设备', 3),
(3953, '体验', '设计师', 5),
(3954, '体验', '父子', 0),
(3955, '体验', '产品', 4),
(3956, '体验', '口罩', 0),
(3957, '体验', '垃圾', 0),
(3958, '体验', '药局', 0),
(3959, '体验', '手语', 0),
(3960, '体验', '偏向', 1),
(3961, '商品', '运动', 1),
(3962, '商品', '螃蟹', 1),
(3963, '商品', '乐器', 0),
(3964, '商品', '华佗', 0),
(3965, '商品', '诺瓦', 0),
(3966, '商品', '选择', 1),
(3967, '商品', '害羞', 0),
(3968, '商品', '张衡', 0),
(3969, '商品', '红毛', 0),
(3970, '商品', '华语', 0),
(3971, '商品', '阅读', 0),
(3972, '商品', '恐龙', 0),
(3973, '商品', '意识', 1),
(3974, '商品', '智库', 0),
(3975, '商品', '教科书', 0),
(3976, '商品', '宠物', 0),
(3977, '商品', '用户', 1),
(3978, '商品', '青年', 7),
(3979, '商品', '数学', 1),
(3980, '商品', '味道', 2),
(3981, '商品', '飞利浦', 0),
(3982, '商品', '想像力', 3),
(3983, '商品', '孩子', 30),
(3984, '商品', '五专', 0),
(3985, '商品', '服务', 1),
(3986, '商品', '职工', 0),
(3987, '商品', '教科', 7),
(3988, '商品', '节能', 1),
(3989, '商品', '海鸥', 0),
(3990, '商品', '种子', 0),
(3991, '商品', '登革热', 0),
(3992, '商品', '素养', 0),
(3993, '商品', '拖鞋', 1),
(3994, '商品', '数位', 1),
(3995, '商品', '猕猴', 0),
(3996, '商品', '法制', 3),
(3997, '商品', '伤口', 1),
(3998, '商品', '长辈', 0),
(3999, '商品', '小龙', 0),
(4000, '商品', '体验', 1),
(4001, '商品', '癌症', 2),
(4002, '商品', '说实话', 0),
(4003, '商品', '搬家', 2),
(4004, '商品', '检测', 0),
(4005, '商品', '学生会', 0),
(4006, '商品', '啊啊啊', 0),
(4007, '商品', '品德', 3),
(4008, '商品', '昆虫', 0),
(4009, '商品', '书馆', 0),
(4010, '商品', '英文', 16),
(4011, '商品', '想像', 9),
(4012, '商品', '诊病', 0),
(4013, '商品', '图书馆', 0),
(4014, '商品', '专利', 0),
(4015, '商品', '图书', 0),
(4016, '商品', '建筑', 1),
(4017, '商品', '魔女', 0),
(4018, '商品', '达文西', 1),
(4019, '商品', '匈牙利', 2),
(4020, '商品', '车子', 1),
(4021, '商品', '国防', 0),
(4022, '商品', '针灸', 0),
(4023, '商品', '地球', 7),
(4024, '商品', '教育', 42),
(4025, '商品', '感恩', 1),
(4026, '商品', '妈妈', 1),
(4027, '商品', '动画', 0),
(4028, '商品', '流感', 2),
(4029, '商品', '安东尼', 0),
(4030, '商品', '实话', 1),
(4031, '商品', '测试', 0),
(4032, '商品', '德福', 0),
(4033, '商品', '课程', 1),
(4034, '商品', '法制教育', 0),
(4035, '商品', '土地', 10),
(4036, '商品', '寄居蟹', 0),
(4037, '商品', '安东尼奥', 0),
(4038, '商品', '尼奥', 0),
(4039, '商品', '用药', 0),
(4040, '商品', '国王', 0),
(4041, '商品', '轮子', 0),
(4042, '商品', '安东', 0),
(4043, '商品', '小朋友', 16),
(4044, '商品', '朋友', 42),
(4045, '商品', '猴子', 3),
(4046, '商品', '能源', 7),
(4047, '商品', '故事', 24),
(4048, '商品', '防灾', 0),
(4049, '商品', '樱花', 0),
(4050, '商品', '条文', 0),
(4051, '商品', '设备', 1),
(4052, '商品', '设计师', 1),
(4053, '商品', '父子', 2),
(4054, '商品', '产品', 1),
(4055, '商品', '口罩', 0),
(4056, '商品', '垃圾', 3),
(4057, '商品', '药局', 0),
(4058, '商品', '手语', 0),
(4059, '商品', '偏向', 12),
(4060, '癌症', '运动', 0),
(4061, '癌症', '螃蟹', 0),
(4062, '癌症', '乐器', 0),
(4063, '癌症', '华佗', 0),
(4064, '癌症', '诺瓦', 0),
(4065, '癌症', '选择', 0),
(4066, '癌症', '害羞', 0),
(4067, '癌症', '张衡', 0),
(4068, '癌症', '红毛', 0),
(4069, '癌症', '华语', 0),
(4070, '癌症', '阅读', 0),
(4071, '癌症', '恐龙', 0),
(4072, '癌症', '意识', 0),
(4073, '癌症', '智库', 0),
(4074, '癌症', '教科书', 0),
(4075, '癌症', '宠物', 0),
(4076, '癌症', '用户', 0),
(4077, '癌症', '青年', 2),
(4078, '癌症', '数学', 0),
(4079, '癌症', '味道', 3),
(4080, '癌症', '飞利浦', 0),
(4081, '癌症', '想像力', 2),
(4082, '癌症', '孩子', 16),
(4083, '癌症', '五专', 0),
(4084, '癌症', '服务', 0),
(4085, '癌症', '职工', 0),
(4086, '癌症', '教科', 0),
(4087, '癌症', '节能', 0),
(4088, '癌症', '海鸥', 0),
(4089, '癌症', '种子', 0),
(4090, '癌症', '登革热', 0),
(4091, '癌症', '素养', 0),
(4092, '癌症', '拖鞋', 0),
(4093, '癌症', '数位', 0),
(4094, '癌症', '猕猴', 0),
(4095, '癌症', '法制', 0),
(4096, '癌症', '伤口', 0),
(4097, '癌症', '长辈', 0),
(4098, '癌症', '小龙', 0),
(4099, '癌症', '体验', 0),
(4100, '癌症', '商品', 2),
(4101, '癌症', '说实话', 0),
(4102, '癌症', '搬家', 0),
(4103, '癌症', '检测', 0),
(4104, '癌症', '学生会', 0),
(4105, '癌症', '啊啊啊', 3),
(4106, '癌症', '品德', 1),
(4107, '癌症', '昆虫', 0),
(4108, '癌症', '书馆', 0),
(4109, '癌症', '英文', 5),
(4110, '癌症', '想像', 7),
(4111, '癌症', '诊病', 0),
(4112, '癌症', '图书馆', 0),
(4113, '癌症', '专利', 0),
(4114, '癌症', '图书', 0),
(4115, '癌症', '建筑', 0),
(4116, '癌症', '魔女', 0),
(4117, '癌症', '达文西', 0),
(4118, '癌症', '匈牙利', 0),
(4119, '癌症', '车子', 0),
(4120, '癌症', '国防', 0),
(4121, '癌症', '针灸', 0),
(4122, '癌症', '地球', 7),
(4123, '癌症', '教育', 18),
(4124, '癌症', '感恩', 4),
(4125, '癌症', '妈妈', 0),
(4126, '癌症', '动画', 0),
(4127, '癌症', '流感', 0),
(4128, '癌症', '安东尼', 0),
(4129, '癌症', '实话', 0),
(4130, '癌症', '测试', 0),
(4131, '癌症', '德福', 0),
(4132, '癌症', '课程', 0),
(4133, '癌症', '法制教育', 0),
(4134, '癌症', '土地', 6),
(4135, '癌症', '寄居蟹', 0),
(4136, '癌症', '安东尼奥', 0),
(4137, '癌症', '尼奥', 0),
(4138, '癌症', '用药', 0),
(4139, '癌症', '国王', 0),
(4140, '癌症', '轮子', 0),
(4141, '癌症', '安东', 0),
(4142, '癌症', '小朋友', 13),
(4143, '癌症', '朋友', 18),
(4144, '癌症', '猴子', 2),
(4145, '癌症', '能源', 1),
(4146, '癌症', '故事', 12),
(4147, '癌症', '防灾', 0),
(4148, '癌症', '樱花', 0),
(4149, '癌症', '条文', 0),
(4150, '癌症', '设备', 0),
(4151, '癌症', '设计师', 0),
(4152, '癌症', '父子', 0),
(4153, '癌症', '产品', 0),
(4154, '癌症', '口罩', 0),
(4155, '癌症', '垃圾', 3),
(4156, '癌症', '药局', 0),
(4157, '癌症', '手语', 0),
(4158, '癌症', '偏向', 1),
(4159, '说实话', '运动', 0),
(4160, '说实话', '螃蟹', 0),
(4161, '说实话', '乐器', 0),
(4162, '说实话', '华佗', 0),
(4163, '说实话', '诺瓦', 0),
(4164, '说实话', '选择', 0),
(4165, '说实话', '害羞', 0),
(4166, '说实话', '张衡', 0),
(4167, '说实话', '红毛', 0),
(4168, '说实话', '华语', 0),
(4169, '说实话', '阅读', 0),
(4170, '说实话', '恐龙', 0),
(4171, '说实话', '意识', 0),
(4172, '说实话', '智库', 0),
(4173, '说实话', '教科书', 0),
(4174, '说实话', '宠物', 0),
(4175, '说实话', '用户', 0),
(4176, '说实话', '青年', 0),
(4177, '说实话', '数学', 0),
(4178, '说实话', '味道', 0),
(4179, '说实话', '飞利浦', 0),
(4180, '说实话', '想像力', 0),
(4181, '说实话', '孩子', 0),
(4182, '说实话', '五专', 0),
(4183, '说实话', '服务', 0),
(4184, '说实话', '职工', 0),
(4185, '说实话', '教科', 0),
(4186, '说实话', '节能', 0),
(4187, '说实话', '海鸥', 0),
(4188, '说实话', '种子', 0),
(4189, '说实话', '登革热', 0),
(4190, '说实话', '素养', 0),
(4191, '说实话', '拖鞋', 0),
(4192, '说实话', '数位', 0),
(4193, '说实话', '猕猴', 0),
(4194, '说实话', '法制', 0),
(4195, '说实话', '伤口', 0),
(4196, '说实话', '长辈', 0),
(4197, '说实话', '小龙', 0),
(4198, '说实话', '体验', 0),
(4199, '说实话', '商品', 0),
(4200, '说实话', '癌症', 0),
(4201, '说实话', '搬家', 0),
(4202, '说实话', '检测', 0),
(4203, '说实话', '学生会', 0),
(4204, '说实话', '啊啊啊', 0),
(4205, '说实话', '品德', 0),
(4206, '说实话', '昆虫', 0),
(4207, '说实话', '书馆', 0),
(4208, '说实话', '英文', 0),
(4209, '说实话', '想像', 0),
(4210, '说实话', '诊病', 0),
(4211, '说实话', '图书馆', 0),
(4212, '说实话', '专利', 0),
(4213, '说实话', '图书', 0),
(4214, '说实话', '建筑', 0),
(4215, '说实话', '魔女', 0),
(4216, '说实话', '达文西', 0),
(4217, '说实话', '匈牙利', 0),
(4218, '说实话', '车子', 0),
(4219, '说实话', '国防', 0),
(4220, '说实话', '针灸', 0),
(4221, '说实话', '地球', 0),
(4222, '说实话', '教育', 0),
(4223, '说实话', '感恩', 0),
(4224, '说实话', '妈妈', 0),
(4225, '说实话', '动画', 0),
(4226, '说实话', '流感', 0),
(4227, '说实话', '安东尼', 0),
(4228, '说实话', '实话', 0),
(4229, '说实话', '测试', 0),
(4230, '说实话', '德福', 0),
(4231, '说实话', '课程', 0),
(4232, '说实话', '法制教育', 0),
(4233, '说实话', '土地', 0),
(4234, '说实话', '寄居蟹', 0),
(4235, '说实话', '安东尼奥', 0),
(4236, '说实话', '尼奥', 0),
(4237, '说实话', '用药', 0),
(4238, '说实话', '国王', 0),
(4239, '说实话', '轮子', 0),
(4240, '说实话', '安东', 0),
(4241, '说实话', '小朋友', 0),
(4242, '说实话', '朋友', 0),
(4243, '说实话', '猴子', 0),
(4244, '说实话', '能源', 0),
(4245, '说实话', '故事', 0),
(4246, '说实话', '防灾', 0),
(4247, '说实话', '樱花', 0),
(4248, '说实话', '条文', 0),
(4249, '说实话', '设备', 0),
(4250, '说实话', '设计师', 0),
(4251, '说实话', '父子', 0),
(4252, '说实话', '产品', 0),
(4253, '说实话', '口罩', 0),
(4254, '说实话', '垃圾', 0),
(4255, '说实话', '药局', 0),
(4256, '说实话', '手语', 0),
(4257, '说实话', '偏向', 0),
(4258, '搬家', '运动', 0),
(4259, '搬家', '螃蟹', 1),
(4260, '搬家', '乐器', 0),
(4261, '搬家', '华佗', 0),
(4262, '搬家', '诺瓦', 0),
(4263, '搬家', '选择', 0),
(4264, '搬家', '害羞', 0),
(4265, '搬家', '张衡', 0),
(4266, '搬家', '红毛', 0),
(4267, '搬家', '华语', 0),
(4268, '搬家', '阅读', 0),
(4269, '搬家', '恐龙', 0),
(4270, '搬家', '意识', 0),
(4271, '搬家', '智库', 0),
(4272, '搬家', '教科书', 0),
(4273, '搬家', '宠物', 0),
(4274, '搬家', '用户', 0),
(4275, '搬家', '青年', 0),
(4276, '搬家', '数学', 0),
(4277, '搬家', '味道', 3),
(4278, '搬家', '飞利浦', 0),
(4279, '搬家', '想像力', 0),
(4280, '搬家', '孩子', 8),
(4281, '搬家', '五专', 0),
(4282, '搬家', '服务', 0),
(4283, '搬家', '职工', 0),
(4284, '搬家', '教科', 1),
(4285, '搬家', '节能', 0),
(4286, '搬家', '海鸥', 0),
(4287, '搬家', '种子', 0),
(4288, '搬家', '登革热', 0),
(4289, '搬家', '素养', 0),
(4290, '搬家', '拖鞋', 0),
(4291, '搬家', '数位', 0),
(4292, '搬家', '猕猴', 0),
(4293, '搬家', '法制', 0),
(4294, '搬家', '伤口', 0),
(4295, '搬家', '长辈', 0),
(4296, '搬家', '小龙', 0),
(4297, '搬家', '体验', 0),
(4298, '搬家', '商品', 2),
(4299, '搬家', '癌症', 0),
(4300, '搬家', '说实话', 0),
(4301, '搬家', '检测', 0),
(4302, '搬家', '学生会', 0),
(4303, '搬家', '啊啊啊', 3),
(4304, '搬家', '品德', 1),
(4305, '搬家', '昆虫', 0),
(4306, '搬家', '书馆', 0),
(4307, '搬家', '英文', 2),
(4308, '搬家', '想像', 7),
(4309, '搬家', '诊病', 0),
(4310, '搬家', '图书馆', 0),
(4311, '搬家', '专利', 0),
(4312, '搬家', '图书', 0),
(4313, '搬家', '建筑', 0),
(4314, '搬家', '魔女', 0),
(4315, '搬家', '达文西', 0),
(4316, '搬家', '匈牙利', 0),
(4317, '搬家', '车子', 0),
(4318, '搬家', '国防', 0),
(4319, '搬家', '针灸', 0),
(4320, '搬家', '地球', 2),
(4321, '搬家', '教育', 10),
(4322, '搬家', '感恩', 0),
(4323, '搬家', '妈妈', 0),
(4324, '搬家', '动画', 0),
(4325, '搬家', '流感', 0),
(4326, '搬家', '安东尼', 0),
(4327, '搬家', '实话', 0),
(4328, '搬家', '测试', 0),
(4329, '搬家', '德福', 0),
(4330, '搬家', '课程', 0),
(4331, '搬家', '法制教育', 0),
(4332, '搬家', '土地', 1),
(4333, '搬家', '寄居蟹', 0),
(4334, '搬家', '安东尼奥', 0),
(4335, '搬家', '尼奥', 0),
(4336, '搬家', '用药', 0),
(4337, '搬家', '国王', 0),
(4338, '搬家', '轮子', 0),
(4339, '搬家', '安东', 0),
(4340, '搬家', '小朋友', 9),
(4341, '搬家', '朋友', 10),
(4342, '搬家', '猴子', 0),
(4343, '搬家', '能源', 2),
(4344, '搬家', '故事', 8),
(4345, '搬家', '防灾', 0),
(4346, '搬家', '樱花', 0),
(4347, '搬家', '条文', 0),
(4348, '搬家', '设备', 0),
(4349, '搬家', '设计师', 0),
(4350, '搬家', '父子', 0),
(4351, '搬家', '产品', 0),
(4352, '搬家', '口罩', 0),
(4353, '搬家', '垃圾', 3),
(4354, '搬家', '药局', 0),
(4355, '搬家', '手语', 0),
(4356, '搬家', '偏向', 1),
(4357, '检测', '运动', 0),
(4358, '检测', '螃蟹', 0),
(4359, '检测', '乐器', 0),
(4360, '检测', '华佗', 0),
(4361, '检测', '诺瓦', 0),
(4362, '检测', '选择', 0),
(4363, '检测', '害羞', 0),
(4364, '检测', '张衡', 0),
(4365, '检测', '红毛', 0),
(4366, '检测', '华语', 0),
(4367, '检测', '阅读', 0),
(4368, '检测', '恐龙', 0),
(4369, '检测', '意识', 0),
(4370, '检测', '智库', 0),
(4371, '检测', '教科书', 0),
(4372, '检测', '宠物', 0),
(4373, '检测', '用户', 0),
(4374, '检测', '青年', 0),
(4375, '检测', '数学', 0),
(4376, '检测', '味道', 0),
(4377, '检测', '飞利浦', 0),
(4378, '检测', '想像力', 0),
(4379, '检测', '孩子', 0),
(4380, '检测', '五专', 0),
(4381, '检测', '服务', 0),
(4382, '检测', '职工', 0),
(4383, '检测', '教科', 0),
(4384, '检测', '节能', 0),
(4385, '检测', '海鸥', 0),
(4386, '检测', '种子', 0),
(4387, '检测', '登革热', 0),
(4388, '检测', '素养', 0),
(4389, '检测', '拖鞋', 0),
(4390, '检测', '数位', 0),
(4391, '检测', '猕猴', 0),
(4392, '检测', '法制', 0),
(4393, '检测', '伤口', 0),
(4394, '检测', '长辈', 0),
(4395, '检测', '小龙', 0),
(4396, '检测', '体验', 0),
(4397, '检测', '商品', 0),
(4398, '检测', '癌症', 0),
(4399, '检测', '说实话', 0),
(4400, '检测', '搬家', 0),
(4401, '检测', '学生会', 0),
(4402, '检测', '啊啊啊', 0),
(4403, '检测', '品德', 0),
(4404, '检测', '昆虫', 0),
(4405, '检测', '书馆', 0),
(4406, '检测', '英文', 0),
(4407, '检测', '想像', 0),
(4408, '检测', '诊病', 0),
(4409, '检测', '图书馆', 0),
(4410, '检测', '专利', 0),
(4411, '检测', '图书', 0),
(4412, '检测', '建筑', 0),
(4413, '检测', '魔女', 0),
(4414, '检测', '达文西', 0),
(4415, '检测', '匈牙利', 0),
(4416, '检测', '车子', 0),
(4417, '检测', '国防', 0),
(4418, '检测', '针灸', 0),
(4419, '检测', '地球', 0),
(4420, '检测', '教育', 0),
(4421, '检测', '感恩', 0),
(4422, '检测', '妈妈', 0),
(4423, '检测', '动画', 0),
(4424, '检测', '流感', 0),
(4425, '检测', '安东尼', 0),
(4426, '检测', '实话', 0),
(4427, '检测', '测试', 0),
(4428, '检测', '德福', 0),
(4429, '检测', '课程', 0),
(4430, '检测', '法制教育', 0),
(4431, '检测', '土地', 0),
(4432, '检测', '寄居蟹', 0),
(4433, '检测', '安东尼奥', 0),
(4434, '检测', '尼奥', 0),
(4435, '检测', '用药', 0),
(4436, '检测', '国王', 0),
(4437, '检测', '轮子', 0),
(4438, '检测', '安东', 0),
(4439, '检测', '小朋友', 0),
(4440, '检测', '朋友', 0),
(4441, '检测', '猴子', 0),
(4442, '检测', '能源', 0),
(4443, '检测', '故事', 0),
(4444, '检测', '防灾', 0),
(4445, '检测', '樱花', 0),
(4446, '检测', '条文', 0),
(4447, '检测', '设备', 0),
(4448, '检测', '设计师', 0),
(4449, '检测', '父子', 0),
(4450, '检测', '产品', 0),
(4451, '检测', '口罩', 0),
(4452, '检测', '垃圾', 0),
(4453, '检测', '药局', 0),
(4454, '检测', '手语', 0),
(4455, '检测', '偏向', 0),
(4456, '学生会', '运动', 0),
(4457, '学生会', '螃蟹', 0),
(4458, '学生会', '乐器', 0),
(4459, '学生会', '华佗', 0),
(4460, '学生会', '诺瓦', 0),
(4461, '学生会', '选择', 0),
(4462, '学生会', '害羞', 0),
(4463, '学生会', '张衡', 0),
(4464, '学生会', '红毛', 0),
(4465, '学生会', '华语', 0),
(4466, '学生会', '阅读', 0),
(4467, '学生会', '恐龙', 0),
(4468, '学生会', '意识', 0),
(4469, '学生会', '智库', 0),
(4470, '学生会', '教科书', 0),
(4471, '学生会', '宠物', 0),
(4472, '学生会', '用户', 0),
(4473, '学生会', '青年', 0),
(4474, '学生会', '数学', 0),
(4475, '学生会', '味道', 0),
(4476, '学生会', '飞利浦', 0),
(4477, '学生会', '想像力', 0),
(4478, '学生会', '孩子', 0),
(4479, '学生会', '五专', 0),
(4480, '学生会', '服务', 0),
(4481, '学生会', '职工', 0),
(4482, '学生会', '教科', 0),
(4483, '学生会', '节能', 0),
(4484, '学生会', '海鸥', 0),
(4485, '学生会', '种子', 0),
(4486, '学生会', '登革热', 0),
(4487, '学生会', '素养', 0),
(4488, '学生会', '拖鞋', 0),
(4489, '学生会', '数位', 0),
(4490, '学生会', '猕猴', 0),
(4491, '学生会', '法制', 0),
(4492, '学生会', '伤口', 0),
(4493, '学生会', '长辈', 0),
(4494, '学生会', '小龙', 0),
(4495, '学生会', '体验', 0),
(4496, '学生会', '商品', 0),
(4497, '学生会', '癌症', 0),
(4498, '学生会', '说实话', 0),
(4499, '学生会', '搬家', 0),
(4500, '学生会', '检测', 0),
(4501, '学生会', '啊啊啊', 0),
(4502, '学生会', '品德', 0),
(4503, '学生会', '昆虫', 0),
(4504, '学生会', '书馆', 0),
(4505, '学生会', '英文', 0),
(4506, '学生会', '想像', 0),
(4507, '学生会', '诊病', 0),
(4508, '学生会', '图书馆', 0),
(4509, '学生会', '专利', 0),
(4510, '学生会', '图书', 0),
(4511, '学生会', '建筑', 0),
(4512, '学生会', '魔女', 0),
(4513, '学生会', '达文西', 0),
(4514, '学生会', '匈牙利', 0),
(4515, '学生会', '车子', 0),
(4516, '学生会', '国防', 0),
(4517, '学生会', '针灸', 0),
(4518, '学生会', '地球', 0),
(4519, '学生会', '教育', 0),
(4520, '学生会', '感恩', 0),
(4521, '学生会', '妈妈', 0),
(4522, '学生会', '动画', 0),
(4523, '学生会', '流感', 0),
(4524, '学生会', '安东尼', 0),
(4525, '学生会', '实话', 0),
(4526, '学生会', '测试', 0),
(4527, '学生会', '德福', 0),
(4528, '学生会', '课程', 0),
(4529, '学生会', '法制教育', 0),
(4530, '学生会', '土地', 0),
(4531, '学生会', '寄居蟹', 0),
(4532, '学生会', '安东尼奥', 0),
(4533, '学生会', '尼奥', 0),
(4534, '学生会', '用药', 0),
(4535, '学生会', '国王', 0),
(4536, '学生会', '轮子', 0),
(4537, '学生会', '安东', 0),
(4538, '学生会', '小朋友', 0),
(4539, '学生会', '朋友', 0),
(4540, '学生会', '猴子', 0),
(4541, '学生会', '能源', 0),
(4542, '学生会', '故事', 0),
(4543, '学生会', '防灾', 0),
(4544, '学生会', '樱花', 0),
(4545, '学生会', '条文', 0),
(4546, '学生会', '设备', 0),
(4547, '学生会', '设计师', 0),
(4548, '学生会', '父子', 0),
(4549, '学生会', '产品', 0),
(4550, '学生会', '口罩', 0),
(4551, '学生会', '垃圾', 0),
(4552, '学生会', '药局', 0),
(4553, '学生会', '手语', 0),
(4554, '学生会', '偏向', 0),
(4555, '啊啊啊', '运动', 0),
(4556, '啊啊啊', '螃蟹', 3),
(4557, '啊啊啊', '乐器', 0),
(4558, '啊啊啊', '华佗', 0),
(4559, '啊啊啊', '诺瓦', 0),
(4560, '啊啊啊', '选择', 0),
(4561, '啊啊啊', '害羞', 1),
(4562, '啊啊啊', '张衡', 0),
(4563, '啊啊啊', '红毛', 0),
(4564, '啊啊啊', '华语', 0),
(4565, '啊啊啊', '阅读', 0),
(4566, '啊啊啊', '恐龙', 0),
(4567, '啊啊啊', '意识', 0),
(4568, '啊啊啊', '智库', 0),
(4569, '啊啊啊', '教科书', 0),
(4570, '啊啊啊', '宠物', 0),
(4571, '啊啊啊', '用户', 0),
(4572, '啊啊啊', '青年', 5),
(4573, '啊啊啊', '数学', 0),
(4574, '啊啊啊', '味道', 5),
(4575, '啊啊啊', '飞利浦', 0),
(4576, '啊啊啊', '想像力', 8),
(4577, '啊啊啊', '孩子', 30),
(4578, '啊啊啊', '五专', 0),
(4579, '啊啊啊', '服务', 0),
(4580, '啊啊啊', '职工', 0),
(4581, '啊啊啊', '教科', 1),
(4582, '啊啊啊', '节能', 0),
(4583, '啊啊啊', '海鸥', 0),
(4584, '啊啊啊', '种子', 0),
(4585, '啊啊啊', '登革热', 0),
(4586, '啊啊啊', '素养', 0),
(4587, '啊啊啊', '拖鞋', 0),
(4588, '啊啊啊', '数位', 0),
(4589, '啊啊啊', '猕猴', 0),
(4590, '啊啊啊', '法制', 0),
(4591, '啊啊啊', '伤口', 0),
(4592, '啊啊啊', '长辈', 0),
(4593, '啊啊啊', '小龙', 0),
(4594, '啊啊啊', '体验', 0),
(4595, '啊啊啊', '商品', 0),
(4596, '啊啊啊', '癌症', 3),
(4597, '啊啊啊', '说实话', 0),
(4598, '啊啊啊', '搬家', 3),
(4599, '啊啊啊', '检测', 0),
(4600, '啊啊啊', '学生会', 0),
(4601, '啊啊啊', '品德', 4),
(4602, '啊啊啊', '昆虫', 0),
(4603, '啊啊啊', '书馆', 0),
(4604, '啊啊啊', '英文', 11),
(4605, '啊啊啊', '想像', 27),
(4606, '啊啊啊', '诊病', 0),
(4607, '啊啊啊', '图书馆', 0),
(4608, '啊啊啊', '专利', 0),
(4609, '啊啊啊', '图书', 0),
(4610, '啊啊啊', '建筑', 0),
(4611, '啊啊啊', '魔女', 1),
(4612, '啊啊啊', '达文西', 0),
(4613, '啊啊啊', '匈牙利', 0),
(4614, '啊啊啊', '车子', 0),
(4615, '啊啊啊', '国防', 0),
(4616, '啊啊啊', '针灸', 0),
(4617, '啊啊啊', '地球', 10),
(4618, '啊啊啊', '教育', 30),
(4619, '啊啊啊', '感恩', 1),
(4620, '啊啊啊', '妈妈', 0),
(4621, '啊啊啊', '动画', 0),
(4622, '啊啊啊', '流感', 1),
(4623, '啊啊啊', '安东尼', 0),
(4624, '啊啊啊', '实话', 0),
(4625, '啊啊啊', '测试', 0),
(4626, '啊啊啊', '德福', 2),
(4627, '啊啊啊', '课程', 0),
(4628, '啊啊啊', '法制教育', 0),
(4629, '啊啊啊', '土地', 6),
(4630, '啊啊啊', '寄居蟹', 0),
(4631, '啊啊啊', '安东尼奥', 0),
(4632, '啊啊啊', '尼奥', 0),
(4633, '啊啊啊', '用药', 0),
(4634, '啊啊啊', '国王', 0),
(4635, '啊啊啊', '轮子', 0),
(4636, '啊啊啊', '安东', 0),
(4637, '啊啊啊', '小朋友', 33),
(4638, '啊啊啊', '朋友', 34),
(4639, '啊啊啊', '猴子', 3),
(4640, '啊啊啊', '能源', 2),
(4641, '啊啊啊', '故事', 31),
(4642, '啊啊啊', '防灾', 0),
(4643, '啊啊啊', '樱花', 0),
(4644, '啊啊啊', '条文', 0),
(4645, '啊啊啊', '设备', 0),
(4646, '啊啊啊', '设计师', 0),
(4647, '啊啊啊', '父子', 2),
(4648, '啊啊啊', '产品', 0),
(4649, '啊啊啊', '口罩', 1),
(4650, '啊啊啊', '垃圾', 13),
(4651, '啊啊啊', '药局', 0),
(4652, '啊啊啊', '手语', 0),
(4653, '啊啊啊', '偏向', 2),
(4654, '品德', '运动', 0),
(4655, '品德', '螃蟹', 0),
(4656, '品德', '乐器', 0),
(4657, '品德', '华佗', 0),
(4658, '品德', '诺瓦', 0),
(4659, '品德', '选择', 0),
(4660, '品德', '害羞', 3),
(4661, '品德', '张衡', 0),
(4662, '品德', '红毛', 0),
(4663, '品德', '华语', 0),
(4664, '品德', '阅读', 0),
(4665, '品德', '恐龙', 0),
(4666, '品德', '意识', 0),
(4667, '品德', '智库', 0),
(4668, '品德', '教科书', 0),
(4669, '品德', '宠物', 0),
(4670, '品德', '用户', 0),
(4671, '品德', '青年', 5),
(4672, '品德', '数学', 0),
(4673, '品德', '味道', 1),
(4674, '品德', '飞利浦', 0),
(4675, '品德', '想像力', 0),
(4676, '品德', '孩子', 18),
(4677, '品德', '五专', 0),
(4678, '品德', '服务', 0),
(4679, '品德', '职工', 0),
(4680, '品德', '教科', 3),
(4681, '品德', '节能', 0),
(4682, '品德', '海鸥', 0),
(4683, '品德', '种子', 0),
(4684, '品德', '登革热', 0),
(4685, '品德', '素养', 0),
(4686, '品德', '拖鞋', 0),
(4687, '品德', '数位', 0),
(4688, '品德', '猕猴', 0),
(4689, '品德', '法制', 1),
(4690, '品德', '伤口', 0),
(4691, '品德', '长辈', 0),
(4692, '品德', '小龙', 0),
(4693, '品德', '体验', 0),
(4694, '品德', '商品', 3),
(4695, '品德', '癌症', 1),
(4696, '品德', '说实话', 0),
(4697, '品德', '搬家', 1),
(4698, '品德', '检测', 0),
(4699, '品德', '学生会', 0),
(4700, '品德', '啊啊啊', 4),
(4701, '品德', '昆虫', 0),
(4702, '品德', '书馆', 0),
(4703, '品德', '英文', 5),
(4704, '品德', '想像', 3),
(4705, '品德', '诊病', 0),
(4706, '品德', '图书馆', 0),
(4707, '品德', '专利', 0),
(4708, '品德', '图书', 0),
(4709, '品德', '建筑', 0),
(4710, '品德', '魔女', 0),
(4711, '品德', '达文西', 0),
(4712, '品德', '匈牙利', 0),
(4713, '品德', '车子', 0),
(4714, '品德', '国防', 0),
(4715, '品德', '针灸', 0),
(4716, '品德', '地球', 5),
(4717, '品德', '教育', 19),
(4718, '品德', '感恩', 0),
(4719, '品德', '妈妈', 0),
(4720, '品德', '动画', 0),
(4721, '品德', '流感', 0),
(4722, '品德', '安东尼', 0),
(4723, '品德', '实话', 0),
(4724, '品德', '测试', 0),
(4725, '品德', '德福', 0),
(4726, '品德', '课程', 0),
(4727, '品德', '法制教育', 1),
(4728, '品德', '土地', 5);
INSERT INTO `keywords_table` (`keywords_id`, `keyword1`, `keyword2`, `count`) VALUES
(4729, '品德', '寄居蟹', 0),
(4730, '品德', '安东尼奥', 0),
(4731, '品德', '尼奥', 0),
(4732, '品德', '用药', 0),
(4733, '品德', '国王', 0),
(4734, '品德', '轮子', 0),
(4735, '品德', '安东', 0),
(4736, '品德', '小朋友', 9),
(4737, '品德', '朋友', 17),
(4738, '品德', '猴子', 0),
(4739, '品德', '能源', 2),
(4740, '品德', '故事', 11),
(4741, '品德', '防灾', 0),
(4742, '品德', '樱花', 0),
(4743, '品德', '条文', 0),
(4744, '品德', '设备', 0),
(4745, '品德', '设计师', 0),
(4746, '品德', '父子', 1),
(4747, '品德', '产品', 0),
(4748, '品德', '口罩', 0),
(4749, '品德', '垃圾', 5),
(4750, '品德', '药局', 0),
(4751, '品德', '手语', 0),
(4752, '品德', '偏向', 3),
(4753, '昆虫', '运动', 0),
(4754, '昆虫', '螃蟹', 0),
(4755, '昆虫', '乐器', 0),
(4756, '昆虫', '华佗', 0),
(4757, '昆虫', '诺瓦', 0),
(4758, '昆虫', '选择', 0),
(4759, '昆虫', '害羞', 0),
(4760, '昆虫', '张衡', 0),
(4761, '昆虫', '红毛', 0),
(4762, '昆虫', '华语', 0),
(4763, '昆虫', '阅读', 0),
(4764, '昆虫', '恐龙', 0),
(4765, '昆虫', '意识', 0),
(4766, '昆虫', '智库', 0),
(4767, '昆虫', '教科书', 0),
(4768, '昆虫', '宠物', 0),
(4769, '昆虫', '用户', 0),
(4770, '昆虫', '青年', 0),
(4771, '昆虫', '数学', 0),
(4772, '昆虫', '味道', 0),
(4773, '昆虫', '飞利浦', 0),
(4774, '昆虫', '想像力', 0),
(4775, '昆虫', '孩子', 0),
(4776, '昆虫', '五专', 0),
(4777, '昆虫', '服务', 0),
(4778, '昆虫', '职工', 0),
(4779, '昆虫', '教科', 0),
(4780, '昆虫', '节能', 0),
(4781, '昆虫', '海鸥', 0),
(4782, '昆虫', '种子', 0),
(4783, '昆虫', '登革热', 0),
(4784, '昆虫', '素养', 0),
(4785, '昆虫', '拖鞋', 0),
(4786, '昆虫', '数位', 0),
(4787, '昆虫', '猕猴', 0),
(4788, '昆虫', '法制', 0),
(4789, '昆虫', '伤口', 0),
(4790, '昆虫', '长辈', 0),
(4791, '昆虫', '小龙', 0),
(4792, '昆虫', '体验', 0),
(4793, '昆虫', '商品', 0),
(4794, '昆虫', '癌症', 0),
(4795, '昆虫', '说实话', 0),
(4796, '昆虫', '搬家', 0),
(4797, '昆虫', '检测', 0),
(4798, '昆虫', '学生会', 0),
(4799, '昆虫', '啊啊啊', 0),
(4800, '昆虫', '品德', 0),
(4801, '昆虫', '书馆', 0),
(4802, '昆虫', '英文', 0),
(4803, '昆虫', '想像', 0),
(4804, '昆虫', '诊病', 0),
(4805, '昆虫', '图书馆', 0),
(4806, '昆虫', '专利', 0),
(4807, '昆虫', '图书', 0),
(4808, '昆虫', '建筑', 0),
(4809, '昆虫', '魔女', 0),
(4810, '昆虫', '达文西', 0),
(4811, '昆虫', '匈牙利', 0),
(4812, '昆虫', '车子', 0),
(4813, '昆虫', '国防', 0),
(4814, '昆虫', '针灸', 0),
(4815, '昆虫', '地球', 0),
(4816, '昆虫', '教育', 0),
(4817, '昆虫', '感恩', 0),
(4818, '昆虫', '妈妈', 0),
(4819, '昆虫', '动画', 0),
(4820, '昆虫', '流感', 0),
(4821, '昆虫', '安东尼', 0),
(4822, '昆虫', '实话', 0),
(4823, '昆虫', '测试', 0),
(4824, '昆虫', '德福', 0),
(4825, '昆虫', '课程', 0),
(4826, '昆虫', '法制教育', 0),
(4827, '昆虫', '土地', 0),
(4828, '昆虫', '寄居蟹', 0),
(4829, '昆虫', '安东尼奥', 0),
(4830, '昆虫', '尼奥', 0),
(4831, '昆虫', '用药', 0),
(4832, '昆虫', '国王', 0),
(4833, '昆虫', '轮子', 0),
(4834, '昆虫', '安东', 0),
(4835, '昆虫', '小朋友', 0),
(4836, '昆虫', '朋友', 0),
(4837, '昆虫', '猴子', 0),
(4838, '昆虫', '能源', 0),
(4839, '昆虫', '故事', 0),
(4840, '昆虫', '防灾', 0),
(4841, '昆虫', '樱花', 0),
(4842, '昆虫', '条文', 0),
(4843, '昆虫', '设备', 0),
(4844, '昆虫', '设计师', 0),
(4845, '昆虫', '父子', 0),
(4846, '昆虫', '产品', 0),
(4847, '昆虫', '口罩', 0),
(4848, '昆虫', '垃圾', 0),
(4849, '昆虫', '药局', 0),
(4850, '昆虫', '手语', 0),
(4851, '昆虫', '偏向', 0),
(4852, '书馆', '运动', 1),
(4853, '书馆', '螃蟹', 0),
(4854, '书馆', '乐器', 0),
(4855, '书馆', '华佗', 0),
(4856, '书馆', '诺瓦', 0),
(4857, '书馆', '选择', 1),
(4858, '书馆', '害羞', 0),
(4859, '书馆', '张衡', 0),
(4860, '书馆', '红毛', 0),
(4861, '书馆', '华语', 0),
(4862, '书馆', '阅读', 1),
(4863, '书馆', '恐龙', 0),
(4864, '书馆', '意识', 0),
(4865, '书馆', '智库', 0),
(4866, '书馆', '教科书', 0),
(4867, '书馆', '宠物', 0),
(4868, '书馆', '用户', 2),
(4869, '书馆', '青年', 0),
(4870, '书馆', '数学', 0),
(4871, '书馆', '味道', 0),
(4872, '书馆', '飞利浦', 0),
(4873, '书馆', '想像力', 0),
(4874, '书馆', '孩子', 2),
(4875, '书馆', '五专', 0),
(4876, '书馆', '服务', 1),
(4877, '书馆', '职工', 0),
(4878, '书馆', '教科', 0),
(4879, '书馆', '节能', 0),
(4880, '书馆', '海鸥', 0),
(4881, '书馆', '种子', 0),
(4882, '书馆', '登革热', 0),
(4883, '书馆', '素养', 0),
(4884, '书馆', '拖鞋', 0),
(4885, '书馆', '数位', 1),
(4886, '书馆', '猕猴', 0),
(4887, '书馆', '法制', 0),
(4888, '书馆', '伤口', 0),
(4889, '书馆', '长辈', 0),
(4890, '书馆', '小龙', 0),
(4891, '书馆', '体验', 2),
(4892, '书馆', '商品', 0),
(4893, '书馆', '癌症', 0),
(4894, '书馆', '说实话', 0),
(4895, '书馆', '搬家', 0),
(4896, '书馆', '检测', 0),
(4897, '书馆', '学生会', 0),
(4898, '书馆', '啊啊啊', 0),
(4899, '书馆', '品德', 0),
(4900, '书馆', '昆虫', 0),
(4901, '书馆', '英文', 0),
(4902, '书馆', '想像', 1),
(4903, '书馆', '诊病', 0),
(4904, '书馆', '图书馆', 1),
(4905, '书馆', '专利', 0),
(4906, '书馆', '图书', 1),
(4907, '书馆', '建筑', 1),
(4908, '书馆', '魔女', 0),
(4909, '书馆', '达文西', 0),
(4910, '书馆', '匈牙利', 0),
(4911, '书馆', '车子', 2),
(4912, '书馆', '国防', 0),
(4913, '书馆', '针灸', 0),
(4914, '书馆', '地球', 0),
(4915, '书馆', '教育', 2),
(4916, '书馆', '感恩', 0),
(4917, '书馆', '妈妈', 1),
(4918, '书馆', '动画', 0),
(4919, '书馆', '流感', 0),
(4920, '书馆', '安东尼', 0),
(4921, '书馆', '实话', 0),
(4922, '书馆', '测试', 0),
(4923, '书馆', '德福', 0),
(4924, '书馆', '课程', 2),
(4925, '书馆', '法制教育', 0),
(4926, '书馆', '土地', 2),
(4927, '书馆', '寄居蟹', 0),
(4928, '书馆', '安东尼奥', 0),
(4929, '书馆', '尼奥', 0),
(4930, '书馆', '用药', 0),
(4931, '书馆', '国王', 0),
(4932, '书馆', '轮子', 0),
(4933, '书馆', '安东', 0),
(4934, '书馆', '小朋友', 0),
(4935, '书馆', '朋友', 2),
(4936, '书馆', '猴子', 1),
(4937, '书馆', '能源', 1),
(4938, '书馆', '故事', 1),
(4939, '书馆', '防灾', 0),
(4940, '书馆', '樱花', 0),
(4941, '书馆', '条文', 0),
(4942, '书馆', '设备', 0),
(4943, '书馆', '设计师', 2),
(4944, '书馆', '父子', 0),
(4945, '书馆', '产品', 1),
(4946, '书馆', '口罩', 0),
(4947, '书馆', '垃圾', 0),
(4948, '书馆', '药局', 0),
(4949, '书馆', '手语', 0),
(4950, '书馆', '偏向', 0),
(4951, '英文', '运动', 1),
(4952, '英文', '螃蟹', 1),
(4953, '英文', '乐器', 0),
(4954, '英文', '华佗', 0),
(4955, '英文', '诺瓦', 0),
(4956, '英文', '选择', 2),
(4957, '英文', '害羞', 2),
(4958, '英文', '张衡', 0),
(4959, '英文', '红毛', 0),
(4960, '英文', '华语', 0),
(4961, '英文', '阅读', 0),
(4962, '英文', '恐龙', 0),
(4963, '英文', '意识', 1),
(4964, '英文', '智库', 0),
(4965, '英文', '教科书', 0),
(4966, '英文', '宠物', 0),
(4967, '英文', '用户', 2),
(4968, '英文', '青年', 18),
(4969, '英文', '数学', 1),
(4970, '英文', '味道', 11),
(4971, '英文', '飞利浦', 0),
(4972, '英文', '想像力', 10),
(4973, '英文', '孩子', 67),
(4974, '英文', '五专', 0),
(4975, '英文', '服务', 2),
(4976, '英文', '职工', 0),
(4977, '英文', '教科', 8),
(4978, '英文', '节能', 1),
(4979, '英文', '海鸥', 0),
(4980, '英文', '种子', 0),
(4981, '英文', '登革热', 0),
(4982, '英文', '素养', 0),
(4983, '英文', '拖鞋', 1),
(4984, '英文', '数位', 1),
(4985, '英文', '猕猴', 0),
(4986, '英文', '法制', 1),
(4987, '英文', '伤口', 1),
(4988, '英文', '长辈', 0),
(4989, '英文', '小龙', 0),
(4990, '英文', '体验', 2),
(4991, '英文', '商品', 16),
(4992, '英文', '癌症', 5),
(4993, '英文', '说实话', 0),
(4994, '英文', '搬家', 2),
(4995, '英文', '检测', 0),
(4996, '英文', '学生会', 0),
(4997, '英文', '啊啊啊', 11),
(4998, '英文', '品德', 5),
(4999, '英文', '昆虫', 0),
(5000, '英文', '书馆', 0),
(5001, '英文', '想像', 31),
(5002, '英文', '诊病', 0),
(5003, '英文', '图书馆', 0),
(5004, '英文', '专利', 0),
(5005, '英文', '图书', 0),
(5006, '英文', '建筑', 1),
(5007, '英文', '魔女', 1),
(5008, '英文', '达文西', 1),
(5009, '英文', '匈牙利', 2),
(5010, '英文', '车子', 2),
(5011, '英文', '国防', 0),
(5012, '英文', '针灸', 0),
(5013, '英文', '地球', 9),
(5014, '英文', '教育', 82),
(5015, '英文', '感恩', 2),
(5016, '英文', '妈妈', 1),
(5017, '英文', '动画', 0),
(5018, '英文', '流感', 2),
(5019, '英文', '安东尼', 0),
(5020, '英文', '实话', 1),
(5021, '英文', '测试', 1),
(5022, '英文', '德福', 1),
(5023, '英文', '课程', 1),
(5024, '英文', '法制教育', 0),
(5025, '英文', '土地', 14),
(5026, '英文', '寄居蟹', 1),
(5027, '英文', '安东尼奥', 0),
(5028, '英文', '尼奥', 0),
(5029, '英文', '用药', 1),
(5030, '英文', '国王', 0),
(5031, '英文', '轮子', 1),
(5032, '英文', '安东', 0),
(5033, '英文', '小朋友', 54),
(5034, '英文', '朋友', 81),
(5035, '英文', '猴子', 6),
(5036, '英文', '能源', 6),
(5037, '英文', '故事', 58),
(5038, '英文', '防灾', 0),
(5039, '英文', '樱花', 0),
(5040, '英文', '条文', 0),
(5041, '英文', '设备', 2),
(5042, '英文', '设计师', 2),
(5043, '英文', '父子', 6),
(5044, '英文', '产品', 2),
(5045, '英文', '口罩', 1),
(5046, '英文', '垃圾', 11),
(5047, '英文', '药局', 0),
(5048, '英文', '手语', 0),
(5049, '英文', '偏向', 17),
(5050, '想像', '运动', 1),
(5051, '想像', '螃蟹', 5),
(5052, '想像', '乐器', 0),
(5053, '想像', '华佗', 0),
(5054, '想像', '诺瓦', 0),
(5055, '想像', '选择', 0),
(5056, '想像', '害羞', 5),
(5057, '想像', '张衡', 0),
(5058, '想像', '红毛', 0),
(5059, '想像', '华语', 0),
(5060, '想像', '阅读', 1),
(5061, '想像', '恐龙', 0),
(5062, '想像', '意识', 0),
(5063, '想像', '智库', 0),
(5064, '想像', '教科书', 0),
(5065, '想像', '宠物', 0),
(5066, '想像', '用户', 1),
(5067, '想像', '青年', 17),
(5068, '想像', '数学', 0),
(5069, '想像', '味道', 17),
(5070, '想像', '飞利浦', 0),
(5071, '想像', '想像力', 27),
(5072, '想像', '孩子', 85),
(5073, '想像', '五专', 0),
(5074, '想像', '服务', 1),
(5075, '想像', '职工', 0),
(5076, '想像', '教科', 4),
(5077, '想像', '节能', 0),
(5078, '想像', '海鸥', 0),
(5079, '想像', '种子', 0),
(5080, '想像', '登革热', 0),
(5081, '想像', '素养', 0),
(5082, '想像', '拖鞋', 5),
(5083, '想像', '数位', 1),
(5084, '想像', '猕猴', 0),
(5085, '想像', '法制', 0),
(5086, '想像', '伤口', 0),
(5087, '想像', '长辈', 0),
(5088, '想像', '小龙', 0),
(5089, '想像', '体验', 1),
(5090, '想像', '商品', 9),
(5091, '想像', '癌症', 7),
(5092, '想像', '说实话', 0),
(5093, '想像', '搬家', 7),
(5094, '想像', '检测', 0),
(5095, '想像', '学生会', 0),
(5096, '想像', '啊啊啊', 27),
(5097, '想像', '品德', 3),
(5098, '想像', '昆虫', 0),
(5099, '想像', '书馆', 1),
(5100, '想像', '英文', 31),
(5101, '想像', '诊病', 0),
(5102, '想像', '图书馆', 0),
(5103, '想像', '专利', 0),
(5104, '想像', '图书', 0),
(5105, '想像', '建筑', 1),
(5106, '想像', '魔女', 2),
(5107, '想像', '达文西', 0),
(5108, '想像', '匈牙利', 0),
(5109, '想像', '车子', 1),
(5110, '想像', '国防', 0),
(5111, '想像', '针灸', 0),
(5112, '想像', '地球', 24),
(5113, '想像', '教育', 95),
(5114, '想像', '感恩', 4),
(5115, '想像', '妈妈', 1),
(5116, '想像', '动画', 0),
(5117, '想像', '流感', 2),
(5118, '想像', '安东尼', 0),
(5119, '想像', '实话', 0),
(5120, '想像', '测试', 0),
(5121, '想像', '德福', 3),
(5122, '想像', '课程', 1),
(5123, '想像', '法制教育', 0),
(5124, '想像', '土地', 14),
(5125, '想像', '寄居蟹', 2),
(5126, '想像', '安东尼奥', 0),
(5127, '想像', '尼奥', 0),
(5128, '想像', '用药', 0),
(5129, '想像', '国王', 0),
(5130, '想像', '轮子', 0),
(5131, '想像', '安东', 0),
(5132, '想像', '小朋友', 82),
(5133, '想像', '朋友', 99),
(5134, '想像', '猴子', 9),
(5135, '想像', '能源', 6),
(5136, '想像', '故事', 85),
(5137, '想像', '防灾', 0),
(5138, '想像', '樱花', 0),
(5139, '想像', '条文', 0),
(5140, '想像', '设备', 0),
(5141, '想像', '设计师', 1),
(5142, '想像', '父子', 4),
(5143, '想像', '产品', 0),
(5144, '想像', '口罩', 1),
(5145, '想像', '垃圾', 30),
(5146, '想像', '药局', 0),
(5147, '想像', '手语', 0),
(5148, '想像', '偏向', 7),
(5149, '诊病', '运动', 0),
(5150, '诊病', '螃蟹', 0),
(5151, '诊病', '乐器', 0),
(5152, '诊病', '华佗', 0),
(5153, '诊病', '诺瓦', 0),
(5154, '诊病', '选择', 0),
(5155, '诊病', '害羞', 0),
(5156, '诊病', '张衡', 0),
(5157, '诊病', '红毛', 0),
(5158, '诊病', '华语', 0),
(5159, '诊病', '阅读', 0),
(5160, '诊病', '恐龙', 0),
(5161, '诊病', '意识', 0),
(5162, '诊病', '智库', 0),
(5163, '诊病', '教科书', 0),
(5164, '诊病', '宠物', 0),
(5165, '诊病', '用户', 0),
(5166, '诊病', '青年', 0),
(5167, '诊病', '数学', 0),
(5168, '诊病', '味道', 0),
(5169, '诊病', '飞利浦', 0),
(5170, '诊病', '想像力', 0),
(5171, '诊病', '孩子', 0),
(5172, '诊病', '五专', 0),
(5173, '诊病', '服务', 0),
(5174, '诊病', '职工', 0),
(5175, '诊病', '教科', 0),
(5176, '诊病', '节能', 0),
(5177, '诊病', '海鸥', 0),
(5178, '诊病', '种子', 0),
(5179, '诊病', '登革热', 0),
(5180, '诊病', '素养', 0),
(5181, '诊病', '拖鞋', 0),
(5182, '诊病', '数位', 0),
(5183, '诊病', '猕猴', 0),
(5184, '诊病', '法制', 0),
(5185, '诊病', '伤口', 0),
(5186, '诊病', '长辈', 0),
(5187, '诊病', '小龙', 0),
(5188, '诊病', '体验', 0),
(5189, '诊病', '商品', 0),
(5190, '诊病', '癌症', 0),
(5191, '诊病', '说实话', 0),
(5192, '诊病', '搬家', 0),
(5193, '诊病', '检测', 0),
(5194, '诊病', '学生会', 0),
(5195, '诊病', '啊啊啊', 0),
(5196, '诊病', '品德', 0),
(5197, '诊病', '昆虫', 0),
(5198, '诊病', '书馆', 0),
(5199, '诊病', '英文', 0),
(5200, '诊病', '想像', 0),
(5201, '诊病', '图书馆', 0),
(5202, '诊病', '专利', 0),
(5203, '诊病', '图书', 0),
(5204, '诊病', '建筑', 0),
(5205, '诊病', '魔女', 0),
(5206, '诊病', '达文西', 0),
(5207, '诊病', '匈牙利', 0),
(5208, '诊病', '车子', 0),
(5209, '诊病', '国防', 0),
(5210, '诊病', '针灸', 0),
(5211, '诊病', '地球', 0),
(5212, '诊病', '教育', 0),
(5213, '诊病', '感恩', 0),
(5214, '诊病', '妈妈', 0),
(5215, '诊病', '动画', 0),
(5216, '诊病', '流感', 0),
(5217, '诊病', '安东尼', 0),
(5218, '诊病', '实话', 0),
(5219, '诊病', '测试', 0),
(5220, '诊病', '德福', 0),
(5221, '诊病', '课程', 0),
(5222, '诊病', '法制教育', 0),
(5223, '诊病', '土地', 0),
(5224, '诊病', '寄居蟹', 0),
(5225, '诊病', '安东尼奥', 0),
(5226, '诊病', '尼奥', 0),
(5227, '诊病', '用药', 0),
(5228, '诊病', '国王', 0),
(5229, '诊病', '轮子', 0),
(5230, '诊病', '安东', 0),
(5231, '诊病', '小朋友', 0),
(5232, '诊病', '朋友', 0),
(5233, '诊病', '猴子', 0),
(5234, '诊病', '能源', 0),
(5235, '诊病', '故事', 0),
(5236, '诊病', '防灾', 0),
(5237, '诊病', '樱花', 0),
(5238, '诊病', '条文', 0),
(5239, '诊病', '设备', 0),
(5240, '诊病', '设计师', 0),
(5241, '诊病', '父子', 0),
(5242, '诊病', '产品', 0),
(5243, '诊病', '口罩', 0),
(5244, '诊病', '垃圾', 0),
(5245, '诊病', '药局', 0),
(5246, '诊病', '手语', 0),
(5247, '诊病', '偏向', 0),
(5248, '图书馆', '运动', 0),
(5249, '图书馆', '螃蟹', 0),
(5250, '图书馆', '乐器', 0),
(5251, '图书馆', '华佗', 0),
(5252, '图书馆', '诺瓦', 0),
(5253, '图书馆', '选择', 1),
(5254, '图书馆', '害羞', 0),
(5255, '图书馆', '张衡', 0),
(5256, '图书馆', '红毛', 0),
(5257, '图书馆', '华语', 0),
(5258, '图书馆', '阅读', 0),
(5259, '图书馆', '恐龙', 0),
(5260, '图书馆', '意识', 0),
(5261, '图书馆', '智库', 0),
(5262, '图书馆', '教科书', 0),
(5263, '图书馆', '宠物', 0),
(5264, '图书馆', '用户', 1),
(5265, '图书馆', '青年', 0),
(5266, '图书馆', '数学', 0),
(5267, '图书馆', '味道', 0),
(5268, '图书馆', '飞利浦', 0),
(5269, '图书馆', '想像力', 0),
(5270, '图书馆', '孩子', 1),
(5271, '图书馆', '五专', 0),
(5272, '图书馆', '服务', 0),
(5273, '图书馆', '职工', 0),
(5274, '图书馆', '教科', 0),
(5275, '图书馆', '节能', 0),
(5276, '图书馆', '海鸥', 0),
(5277, '图书馆', '种子', 0),
(5278, '图书馆', '登革热', 0),
(5279, '图书馆', '素养', 0),
(5280, '图书馆', '拖鞋', 0),
(5281, '图书馆', '数位', 0),
(5282, '图书馆', '猕猴', 0),
(5283, '图书馆', '法制', 0),
(5284, '图书馆', '伤口', 0),
(5285, '图书馆', '长辈', 0),
(5286, '图书馆', '小龙', 0),
(5287, '图书馆', '体验', 1),
(5288, '图书馆', '商品', 0),
(5289, '图书馆', '癌症', 0),
(5290, '图书馆', '说实话', 0),
(5291, '图书馆', '搬家', 0),
(5292, '图书馆', '检测', 0),
(5293, '图书馆', '学生会', 0),
(5294, '图书馆', '啊啊啊', 0),
(5295, '图书馆', '品德', 0),
(5296, '图书馆', '昆虫', 0),
(5297, '图书馆', '书馆', 1),
(5298, '图书馆', '英文', 0),
(5299, '图书馆', '想像', 0),
(5300, '图书馆', '诊病', 0),
(5301, '图书馆', '专利', 0),
(5302, '图书馆', '图书', 1),
(5303, '图书馆', '建筑', 0),
(5304, '图书馆', '魔女', 0),
(5305, '图书馆', '达文西', 0),
(5306, '图书馆', '匈牙利', 0),
(5307, '图书馆', '车子', 1),
(5308, '图书馆', '国防', 0),
(5309, '图书馆', '针灸', 0),
(5310, '图书馆', '地球', 0),
(5311, '图书馆', '教育', 1),
(5312, '图书馆', '感恩', 0),
(5313, '图书馆', '妈妈', 0),
(5314, '图书馆', '动画', 0),
(5315, '图书馆', '流感', 0),
(5316, '图书馆', '安东尼', 0),
(5317, '图书馆', '实话', 0),
(5318, '图书馆', '测试', 0),
(5319, '图书馆', '德福', 0),
(5320, '图书馆', '课程', 1),
(5321, '图书馆', '法制教育', 0),
(5322, '图书馆', '土地', 1),
(5323, '图书馆', '寄居蟹', 0),
(5324, '图书馆', '安东尼奥', 0),
(5325, '图书馆', '尼奥', 0),
(5326, '图书馆', '用药', 0),
(5327, '图书馆', '国王', 0),
(5328, '图书馆', '轮子', 0),
(5329, '图书馆', '安东', 0),
(5330, '图书馆', '小朋友', 0),
(5331, '图书馆', '朋友', 1),
(5332, '图书馆', '猴子', 1),
(5333, '图书馆', '能源', 1),
(5334, '图书馆', '故事', 0),
(5335, '图书馆', '防灾', 0),
(5336, '图书馆', '樱花', 0),
(5337, '图书馆', '条文', 0),
(5338, '图书馆', '设备', 0),
(5339, '图书馆', '设计师', 1),
(5340, '图书馆', '父子', 0),
(5341, '图书馆', '产品', 1),
(5342, '图书馆', '口罩', 0),
(5343, '图书馆', '垃圾', 0),
(5344, '图书馆', '药局', 0),
(5345, '图书馆', '手语', 0),
(5346, '图书馆', '偏向', 0),
(5347, '专利', '运动', 0),
(5348, '专利', '螃蟹', 0),
(5349, '专利', '乐器', 0),
(5350, '专利', '华佗', 0),
(5351, '专利', '诺瓦', 0),
(5352, '专利', '选择', 0),
(5353, '专利', '害羞', 0),
(5354, '专利', '张衡', 0),
(5355, '专利', '红毛', 0),
(5356, '专利', '华语', 0),
(5357, '专利', '阅读', 0),
(5358, '专利', '恐龙', 0),
(5359, '专利', '意识', 0),
(5360, '专利', '智库', 0),
(5361, '专利', '教科书', 0),
(5362, '专利', '宠物', 0),
(5363, '专利', '用户', 0),
(5364, '专利', '青年', 0),
(5365, '专利', '数学', 0),
(5366, '专利', '味道', 0),
(5367, '专利', '飞利浦', 0),
(5368, '专利', '想像力', 0),
(5369, '专利', '孩子', 0),
(5370, '专利', '五专', 0),
(5371, '专利', '服务', 0),
(5372, '专利', '职工', 0),
(5373, '专利', '教科', 0),
(5374, '专利', '节能', 0),
(5375, '专利', '海鸥', 0),
(5376, '专利', '种子', 0),
(5377, '专利', '登革热', 0),
(5378, '专利', '素养', 0),
(5379, '专利', '拖鞋', 0),
(5380, '专利', '数位', 0),
(5381, '专利', '猕猴', 0),
(5382, '专利', '法制', 0),
(5383, '专利', '伤口', 0),
(5384, '专利', '长辈', 0),
(5385, '专利', '小龙', 0),
(5386, '专利', '体验', 0),
(5387, '专利', '商品', 0),
(5388, '专利', '癌症', 0),
(5389, '专利', '说实话', 0),
(5390, '专利', '搬家', 0),
(5391, '专利', '检测', 0),
(5392, '专利', '学生会', 0),
(5393, '专利', '啊啊啊', 0),
(5394, '专利', '品德', 0),
(5395, '专利', '昆虫', 0),
(5396, '专利', '书馆', 0),
(5397, '专利', '英文', 0),
(5398, '专利', '想像', 0),
(5399, '专利', '诊病', 0),
(5400, '专利', '图书馆', 0),
(5401, '专利', '图书', 0),
(5402, '专利', '建筑', 0),
(5403, '专利', '魔女', 0),
(5404, '专利', '达文西', 0),
(5405, '专利', '匈牙利', 0),
(5406, '专利', '车子', 0),
(5407, '专利', '国防', 0),
(5408, '专利', '针灸', 0),
(5409, '专利', '地球', 0),
(5410, '专利', '教育', 0),
(5411, '专利', '感恩', 0),
(5412, '专利', '妈妈', 0),
(5413, '专利', '动画', 0),
(5414, '专利', '流感', 0),
(5415, '专利', '安东尼', 0),
(5416, '专利', '实话', 0),
(5417, '专利', '测试', 0),
(5418, '专利', '德福', 0),
(5419, '专利', '课程', 0),
(5420, '专利', '法制教育', 0),
(5421, '专利', '土地', 0),
(5422, '专利', '寄居蟹', 0),
(5423, '专利', '安东尼奥', 0),
(5424, '专利', '尼奥', 0),
(5425, '专利', '用药', 0),
(5426, '专利', '国王', 0),
(5427, '专利', '轮子', 0),
(5428, '专利', '安东', 0),
(5429, '专利', '小朋友', 0),
(5430, '专利', '朋友', 0),
(5431, '专利', '猴子', 0),
(5432, '专利', '能源', 0),
(5433, '专利', '故事', 0),
(5434, '专利', '防灾', 0),
(5435, '专利', '樱花', 0),
(5436, '专利', '条文', 0),
(5437, '专利', '设备', 0),
(5438, '专利', '设计师', 0),
(5439, '专利', '父子', 0),
(5440, '专利', '产品', 0),
(5441, '专利', '口罩', 0),
(5442, '专利', '垃圾', 0),
(5443, '专利', '药局', 0),
(5444, '专利', '手语', 0),
(5445, '专利', '偏向', 0),
(5446, '图书', '运动', 0),
(5447, '图书', '螃蟹', 0),
(5448, '图书', '乐器', 0),
(5449, '图书', '华佗', 0),
(5450, '图书', '诺瓦', 0),
(5451, '图书', '选择', 1),
(5452, '图书', '害羞', 0),
(5453, '图书', '张衡', 0),
(5454, '图书', '红毛', 0),
(5455, '图书', '华语', 0),
(5456, '图书', '阅读', 0),
(5457, '图书', '恐龙', 0),
(5458, '图书', '意识', 0),
(5459, '图书', '智库', 0),
(5460, '图书', '教科书', 0),
(5461, '图书', '宠物', 0),
(5462, '图书', '用户', 1),
(5463, '图书', '青年', 0),
(5464, '图书', '数学', 0),
(5465, '图书', '味道', 0),
(5466, '图书', '飞利浦', 0),
(5467, '图书', '想像力', 0),
(5468, '图书', '孩子', 1),
(5469, '图书', '五专', 0),
(5470, '图书', '服务', 0),
(5471, '图书', '职工', 0),
(5472, '图书', '教科', 0),
(5473, '图书', '节能', 0),
(5474, '图书', '海鸥', 0),
(5475, '图书', '种子', 0),
(5476, '图书', '登革热', 0),
(5477, '图书', '素养', 0),
(5478, '图书', '拖鞋', 0),
(5479, '图书', '数位', 0),
(5480, '图书', '猕猴', 0),
(5481, '图书', '法制', 0),
(5482, '图书', '伤口', 0),
(5483, '图书', '长辈', 0),
(5484, '图书', '小龙', 0),
(5485, '图书', '体验', 1),
(5486, '图书', '商品', 0),
(5487, '图书', '癌症', 0),
(5488, '图书', '说实话', 0),
(5489, '图书', '搬家', 0),
(5490, '图书', '检测', 0),
(5491, '图书', '学生会', 0),
(5492, '图书', '啊啊啊', 0),
(5493, '图书', '品德', 0),
(5494, '图书', '昆虫', 0),
(5495, '图书', '书馆', 1),
(5496, '图书', '英文', 0),
(5497, '图书', '想像', 0),
(5498, '图书', '诊病', 0),
(5499, '图书', '图书馆', 1),
(5500, '图书', '专利', 0),
(5501, '图书', '建筑', 0),
(5502, '图书', '魔女', 0),
(5503, '图书', '达文西', 0),
(5504, '图书', '匈牙利', 0),
(5505, '图书', '车子', 1),
(5506, '图书', '国防', 0),
(5507, '图书', '针灸', 0),
(5508, '图书', '地球', 0),
(5509, '图书', '教育', 1),
(5510, '图书', '感恩', 0),
(5511, '图书', '妈妈', 0),
(5512, '图书', '动画', 0),
(5513, '图书', '流感', 0),
(5514, '图书', '安东尼', 0),
(5515, '图书', '实话', 0),
(5516, '图书', '测试', 0),
(5517, '图书', '德福', 0),
(5518, '图书', '课程', 1),
(5519, '图书', '法制教育', 0),
(5520, '图书', '土地', 1),
(5521, '图书', '寄居蟹', 0),
(5522, '图书', '安东尼奥', 0),
(5523, '图书', '尼奥', 0),
(5524, '图书', '用药', 0),
(5525, '图书', '国王', 0),
(5526, '图书', '轮子', 0),
(5527, '图书', '安东', 0),
(5528, '图书', '小朋友', 0),
(5529, '图书', '朋友', 1),
(5530, '图书', '猴子', 1),
(5531, '图书', '能源', 1),
(5532, '图书', '故事', 0),
(5533, '图书', '防灾', 0),
(5534, '图书', '樱花', 0),
(5535, '图书', '条文', 0),
(5536, '图书', '设备', 0),
(5537, '图书', '设计师', 1),
(5538, '图书', '父子', 0),
(5539, '图书', '产品', 1),
(5540, '图书', '口罩', 0),
(5541, '图书', '垃圾', 0),
(5542, '图书', '药局', 0),
(5543, '图书', '手语', 0),
(5544, '图书', '偏向', 0),
(5545, '建筑', '运动', 2),
(5546, '建筑', '螃蟹', 0),
(5547, '建筑', '乐器', 0),
(5548, '建筑', '华佗', 0),
(5549, '建筑', '诺瓦', 0),
(5550, '建筑', '选择', 1),
(5551, '建筑', '害羞', 0),
(5552, '建筑', '张衡', 0),
(5553, '建筑', '红毛', 0),
(5554, '建筑', '华语', 0),
(5555, '建筑', '阅读', 1),
(5556, '建筑', '恐龙', 0),
(5557, '建筑', '意识', 1),
(5558, '建筑', '智库', 0),
(5559, '建筑', '教科书', 0),
(5560, '建筑', '宠物', 0),
(5561, '建筑', '用户', 2),
(5562, '建筑', '青年', 0),
(5563, '建筑', '数学', 1),
(5564, '建筑', '味道', 0),
(5565, '建筑', '飞利浦', 0),
(5566, '建筑', '想像力', 0),
(5567, '建筑', '孩子', 2),
(5568, '建筑', '五专', 0),
(5569, '建筑', '服务', 2),
(5570, '建筑', '职工', 0),
(5571, '建筑', '教科', 0),
(5572, '建筑', '节能', 1),
(5573, '建筑', '海鸥', 0),
(5574, '建筑', '种子', 0),
(5575, '建筑', '登革热', 0),
(5576, '建筑', '素养', 0),
(5577, '建筑', '拖鞋', 0),
(5578, '建筑', '数位', 2),
(5579, '建筑', '猕猴', 0),
(5580, '建筑', '法制', 0),
(5581, '建筑', '伤口', 1),
(5582, '建筑', '长辈', 0),
(5583, '建筑', '小龙', 0),
(5584, '建筑', '体验', 2),
(5585, '建筑', '商品', 1),
(5586, '建筑', '癌症', 0),
(5587, '建筑', '说实话', 0),
(5588, '建筑', '搬家', 0),
(5589, '建筑', '检测', 0),
(5590, '建筑', '学生会', 0),
(5591, '建筑', '啊啊啊', 0),
(5592, '建筑', '品德', 0),
(5593, '建筑', '昆虫', 0),
(5594, '建筑', '书馆', 1),
(5595, '建筑', '英文', 1),
(5596, '建筑', '想像', 1),
(5597, '建筑', '诊病', 0),
(5598, '建筑', '图书馆', 0),
(5599, '建筑', '专利', 0),
(5600, '建筑', '图书', 0),
(5601, '建筑', '魔女', 0),
(5602, '建筑', '达文西', 1),
(5603, '建筑', '匈牙利', 0),
(5604, '建筑', '车子', 2),
(5605, '建筑', '国防', 0),
(5606, '建筑', '针灸', 0),
(5607, '建筑', '地球', 0),
(5608, '建筑', '教育', 2),
(5609, '建筑', '感恩', 0),
(5610, '建筑', '妈妈', 2),
(5611, '建筑', '动画', 0),
(5612, '建筑', '流感', 0),
(5613, '建筑', '安东尼', 0),
(5614, '建筑', '实话', 1),
(5615, '建筑', '测试', 0),
(5616, '建筑', '德福', 0),
(5617, '建筑', '课程', 2),
(5618, '建筑', '法制教育', 0),
(5619, '建筑', '土地', 1),
(5620, '建筑', '寄居蟹', 0),
(5621, '建筑', '安东尼奥', 0),
(5622, '建筑', '尼奥', 0),
(5623, '建筑', '用药', 0),
(5624, '建筑', '国王', 0),
(5625, '建筑', '轮子', 0),
(5626, '建筑', '安东', 0),
(5627, '建筑', '小朋友', 1),
(5628, '建筑', '朋友', 2),
(5629, '建筑', '猴子', 1),
(5630, '建筑', '能源', 0),
(5631, '建筑', '故事', 1),
(5632, '建筑', '防灾', 0),
(5633, '建筑', '樱花', 0),
(5634, '建筑', '条文', 0),
(5635, '建筑', '设备', 1),
(5636, '建筑', '设计师', 2),
(5637, '建筑', '父子', 0),
(5638, '建筑', '产品', 1),
(5639, '建筑', '口罩', 0),
(5640, '建筑', '垃圾', 0),
(5641, '建筑', '药局', 0),
(5642, '建筑', '手语', 0),
(5643, '建筑', '偏向', 1),
(5644, '魔女', '运动', 0),
(5645, '魔女', '螃蟹', 1),
(5646, '魔女', '乐器', 0),
(5647, '魔女', '华佗', 0),
(5648, '魔女', '诺瓦', 0),
(5649, '魔女', '选择', 0),
(5650, '魔女', '害羞', 1),
(5651, '魔女', '张衡', 0),
(5652, '魔女', '红毛', 0),
(5653, '魔女', '华语', 0),
(5654, '魔女', '阅读', 0),
(5655, '魔女', '恐龙', 0),
(5656, '魔女', '意识', 0),
(5657, '魔女', '智库', 0),
(5658, '魔女', '教科书', 0),
(5659, '魔女', '宠物', 0),
(5660, '魔女', '用户', 0),
(5661, '魔女', '青年', 0),
(5662, '魔女', '数学', 0),
(5663, '魔女', '味道', 0),
(5664, '魔女', '飞利浦', 0),
(5665, '魔女', '想像力', 0),
(5666, '魔女', '孩子', 3),
(5667, '魔女', '五专', 0),
(5668, '魔女', '服务', 0),
(5669, '魔女', '职工', 0),
(5670, '魔女', '教科', 0),
(5671, '魔女', '节能', 0),
(5672, '魔女', '海鸥', 0),
(5673, '魔女', '种子', 0),
(5674, '魔女', '登革热', 0),
(5675, '魔女', '素养', 0),
(5676, '魔女', '拖鞋', 0),
(5677, '魔女', '数位', 0),
(5678, '魔女', '猕猴', 0),
(5679, '魔女', '法制', 0),
(5680, '魔女', '伤口', 0),
(5681, '魔女', '长辈', 0),
(5682, '魔女', '小龙', 0),
(5683, '魔女', '体验', 0),
(5684, '魔女', '商品', 0),
(5685, '魔女', '癌症', 0),
(5686, '魔女', '说实话', 0),
(5687, '魔女', '搬家', 0),
(5688, '魔女', '检测', 0),
(5689, '魔女', '学生会', 0),
(5690, '魔女', '啊啊啊', 1),
(5691, '魔女', '品德', 0),
(5692, '魔女', '昆虫', 0),
(5693, '魔女', '书馆', 0),
(5694, '魔女', '英文', 1),
(5695, '魔女', '想像', 2),
(5696, '魔女', '诊病', 0),
(5697, '魔女', '图书馆', 0),
(5698, '魔女', '专利', 0),
(5699, '魔女', '图书', 0),
(5700, '魔女', '建筑', 0),
(5701, '魔女', '达文西', 0),
(5702, '魔女', '匈牙利', 0),
(5703, '魔女', '车子', 0),
(5704, '魔女', '国防', 0),
(5705, '魔女', '针灸', 0),
(5706, '魔女', '地球', 0),
(5707, '魔女', '教育', 2),
(5708, '魔女', '感恩', 0),
(5709, '魔女', '妈妈', 0),
(5710, '魔女', '动画', 0),
(5711, '魔女', '流感', 0),
(5712, '魔女', '安东尼', 0),
(5713, '魔女', '实话', 0),
(5714, '魔女', '测试', 0),
(5715, '魔女', '德福', 0),
(5716, '魔女', '课程', 0),
(5717, '魔女', '法制教育', 0),
(5718, '魔女', '土地', 0),
(5719, '魔女', '寄居蟹', 0),
(5720, '魔女', '安东尼奥', 0),
(5721, '魔女', '尼奥', 0),
(5722, '魔女', '用药', 0),
(5723, '魔女', '国王', 0),
(5724, '魔女', '轮子', 0),
(5725, '魔女', '安东', 0),
(5726, '魔女', '小朋友', 3),
(5727, '魔女', '朋友', 3),
(5728, '魔女', '猴子', 0),
(5729, '魔女', '能源', 0),
(5730, '魔女', '故事', 3),
(5731, '魔女', '防灾', 0),
(5732, '魔女', '樱花', 0),
(5733, '魔女', '条文', 0),
(5734, '魔女', '设备', 0),
(5735, '魔女', '设计师', 0),
(5736, '魔女', '父子', 0),
(5737, '魔女', '产品', 0),
(5738, '魔女', '口罩', 0),
(5739, '魔女', '垃圾', 1),
(5740, '魔女', '药局', 0),
(5741, '魔女', '手语', 0),
(5742, '魔女', '偏向', 0),
(5743, '达文西', '运动', 1),
(5744, '达文西', '螃蟹', 0),
(5745, '达文西', '乐器', 0),
(5746, '达文西', '华佗', 0),
(5747, '达文西', '诺瓦', 0),
(5748, '达文西', '选择', 1),
(5749, '达文西', '害羞', 0),
(5750, '达文西', '张衡', 0),
(5751, '达文西', '红毛', 0),
(5752, '达文西', '华语', 0),
(5753, '达文西', '阅读', 0),
(5754, '达文西', '恐龙', 0),
(5755, '达文西', '意识', 1),
(5756, '达文西', '智库', 0),
(5757, '达文西', '教科书', 0),
(5758, '达文西', '宠物', 0),
(5759, '达文西', '用户', 1),
(5760, '达文西', '青年', 0),
(5761, '达文西', '数学', 1),
(5762, '达文西', '味道', 0),
(5763, '达文西', '飞利浦', 0),
(5764, '达文西', '想像力', 0),
(5765, '达文西', '孩子', 1),
(5766, '达文西', '五专', 0),
(5767, '达文西', '服务', 1),
(5768, '达文西', '职工', 0),
(5769, '达文西', '教科', 0),
(5770, '达文西', '节能', 1),
(5771, '达文西', '海鸥', 0),
(5772, '达文西', '种子', 0),
(5773, '达文西', '登革热', 0),
(5774, '达文西', '素养', 0),
(5775, '达文西', '拖鞋', 0),
(5776, '达文西', '数位', 1),
(5777, '达文西', '猕猴', 0),
(5778, '达文西', '法制', 0),
(5779, '达文西', '伤口', 1),
(5780, '达文西', '长辈', 0),
(5781, '达文西', '小龙', 0),
(5782, '达文西', '体验', 1),
(5783, '达文西', '商品', 1),
(5784, '达文西', '癌症', 0),
(5785, '达文西', '说实话', 0),
(5786, '达文西', '搬家', 0),
(5787, '达文西', '检测', 0),
(5788, '达文西', '学生会', 0),
(5789, '达文西', '啊啊啊', 0),
(5790, '达文西', '品德', 0),
(5791, '达文西', '昆虫', 0),
(5792, '达文西', '书馆', 0),
(5793, '达文西', '英文', 1),
(5794, '达文西', '想像', 0),
(5795, '达文西', '诊病', 0),
(5796, '达文西', '图书馆', 0),
(5797, '达文西', '专利', 0),
(5798, '达文西', '图书', 0),
(5799, '达文西', '建筑', 1),
(5800, '达文西', '魔女', 0),
(5801, '达文西', '匈牙利', 0),
(5802, '达文西', '车子', 1),
(5803, '达文西', '国防', 0),
(5804, '达文西', '针灸', 0),
(5805, '达文西', '地球', 0),
(5806, '达文西', '教育', 1),
(5807, '达文西', '感恩', 0),
(5808, '达文西', '妈妈', 1),
(5809, '达文西', '动画', 0),
(5810, '达文西', '流感', 0),
(5811, '达文西', '安东尼', 0),
(5812, '达文西', '实话', 1),
(5813, '达文西', '测试', 0),
(5814, '达文西', '德福', 0),
(5815, '达文西', '课程', 1),
(5816, '达文西', '法制教育', 0),
(5817, '达文西', '土地', 0),
(5818, '达文西', '寄居蟹', 0),
(5819, '达文西', '安东尼奥', 0),
(5820, '达文西', '尼奥', 0),
(5821, '达文西', '用药', 0),
(5822, '达文西', '国王', 0),
(5823, '达文西', '轮子', 0),
(5824, '达文西', '安东', 0),
(5825, '达文西', '小朋友', 1),
(5826, '达文西', '朋友', 1),
(5827, '达文西', '猴子', 1),
(5828, '达文西', '能源', 0),
(5829, '达文西', '故事', 0),
(5830, '达文西', '防灾', 0),
(5831, '达文西', '樱花', 0),
(5832, '达文西', '条文', 0),
(5833, '达文西', '设备', 1),
(5834, '达文西', '设计师', 1),
(5835, '达文西', '父子', 0),
(5836, '达文西', '产品', 1),
(5837, '达文西', '口罩', 0),
(5838, '达文西', '垃圾', 0),
(5839, '达文西', '药局', 0),
(5840, '达文西', '手语', 0),
(5841, '达文西', '偏向', 1),
(5842, '匈牙利', '运动', 0),
(5843, '匈牙利', '螃蟹', 0),
(5844, '匈牙利', '乐器', 0),
(5845, '匈牙利', '华佗', 0),
(5846, '匈牙利', '诺瓦', 0),
(5847, '匈牙利', '选择', 0),
(5848, '匈牙利', '害羞', 0),
(5849, '匈牙利', '张衡', 0),
(5850, '匈牙利', '红毛', 0),
(5851, '匈牙利', '华语', 0),
(5852, '匈牙利', '阅读', 0),
(5853, '匈牙利', '恐龙', 0),
(5854, '匈牙利', '意识', 0),
(5855, '匈牙利', '智库', 0),
(5856, '匈牙利', '教科书', 0),
(5857, '匈牙利', '宠物', 0),
(5858, '匈牙利', '用户', 0),
(5859, '匈牙利', '青年', 1),
(5860, '匈牙利', '数学', 0),
(5861, '匈牙利', '味道', 0),
(5862, '匈牙利', '飞利浦', 0),
(5863, '匈牙利', '想像力', 0),
(5864, '匈牙利', '孩子', 1),
(5865, '匈牙利', '五专', 0),
(5866, '匈牙利', '服务', 0),
(5867, '匈牙利', '职工', 0),
(5868, '匈牙利', '教科', 1),
(5869, '匈牙利', '节能', 0),
(5870, '匈牙利', '海鸥', 0),
(5871, '匈牙利', '种子', 0),
(5872, '匈牙利', '登革热', 0),
(5873, '匈牙利', '素养', 0),
(5874, '匈牙利', '拖鞋', 0),
(5875, '匈牙利', '数位', 0),
(5876, '匈牙利', '猕猴', 0),
(5877, '匈牙利', '法制', 0),
(5878, '匈牙利', '伤口', 0),
(5879, '匈牙利', '长辈', 0),
(5880, '匈牙利', '小龙', 0),
(5881, '匈牙利', '体验', 0),
(5882, '匈牙利', '商品', 2),
(5883, '匈牙利', '癌症', 0),
(5884, '匈牙利', '说实话', 0),
(5885, '匈牙利', '搬家', 0),
(5886, '匈牙利', '检测', 0),
(5887, '匈牙利', '学生会', 0),
(5888, '匈牙利', '啊啊啊', 0),
(5889, '匈牙利', '品德', 0),
(5890, '匈牙利', '昆虫', 0),
(5891, '匈牙利', '书馆', 0),
(5892, '匈牙利', '英文', 2),
(5893, '匈牙利', '想像', 0),
(5894, '匈牙利', '诊病', 0),
(5895, '匈牙利', '图书馆', 0),
(5896, '匈牙利', '专利', 0),
(5897, '匈牙利', '图书', 0),
(5898, '匈牙利', '建筑', 0),
(5899, '匈牙利', '魔女', 0),
(5900, '匈牙利', '达文西', 0),
(5901, '匈牙利', '车子', 0),
(5902, '匈牙利', '国防', 0),
(5903, '匈牙利', '针灸', 0),
(5904, '匈牙利', '地球', 0),
(5905, '匈牙利', '教育', 2),
(5906, '匈牙利', '感恩', 0),
(5907, '匈牙利', '妈妈', 0),
(5908, '匈牙利', '动画', 0),
(5909, '匈牙利', '流感', 0),
(5910, '匈牙利', '安东尼', 0),
(5911, '匈牙利', '实话', 0),
(5912, '匈牙利', '测试', 0),
(5913, '匈牙利', '德福', 0),
(5914, '匈牙利', '课程', 0),
(5915, '匈牙利', '法制教育', 0),
(5916, '匈牙利', '土地', 1),
(5917, '匈牙利', '寄居蟹', 0),
(5918, '匈牙利', '安东尼奥', 0),
(5919, '匈牙利', '尼奥', 0),
(5920, '匈牙利', '用药', 0),
(5921, '匈牙利', '国王', 0),
(5922, '匈牙利', '轮子', 0),
(5923, '匈牙利', '安东', 0),
(5924, '匈牙利', '小朋友', 1),
(5925, '匈牙利', '朋友', 2),
(5926, '匈牙利', '猴子', 1),
(5927, '匈牙利', '能源', 0),
(5928, '匈牙利', '故事', 0),
(5929, '匈牙利', '防灾', 0),
(5930, '匈牙利', '樱花', 0),
(5931, '匈牙利', '条文', 0),
(5932, '匈牙利', '设备', 0),
(5933, '匈牙利', '设计师', 0),
(5934, '匈牙利', '父子', 0),
(5935, '匈牙利', '产品', 0),
(5936, '匈牙利', '口罩', 0),
(5937, '匈牙利', '垃圾', 0),
(5938, '匈牙利', '药局', 0),
(5939, '匈牙利', '手语', 0),
(5940, '匈牙利', '偏向', 1),
(5941, '车子', '运动', 2),
(5942, '车子', '螃蟹', 0),
(5943, '车子', '乐器', 0),
(5944, '车子', '华佗', 0),
(5945, '车子', '诺瓦', 0),
(5946, '车子', '选择', 3),
(5947, '车子', '害羞', 0),
(5948, '车子', '张衡', 0),
(5949, '车子', '红毛', 0),
(5950, '车子', '华语', 0),
(5951, '车子', '阅读', 2),
(5952, '车子', '恐龙', 0),
(5953, '车子', '意识', 1),
(5954, '车子', '智库', 0),
(5955, '车子', '教科书', 0),
(5956, '车子', '宠物', 0),
(5957, '车子', '用户', 5),
(5958, '车子', '青年', 0),
(5959, '车子', '数学', 1),
(5960, '车子', '味道', 0),
(5961, '车子', '飞利浦', 0),
(5962, '车子', '想像力', 0),
(5963, '车子', '孩子', 3),
(5964, '车子', '五专', 0),
(5965, '车子', '服务', 4),
(5966, '车子', '职工', 0),
(5967, '车子', '教科', 0),
(5968, '车子', '节能', 1),
(5969, '车子', '海鸥', 0),
(5970, '车子', '种子', 0),
(5971, '车子', '登革热', 0),
(5972, '车子', '素养', 0),
(5973, '车子', '拖鞋', 0),
(5974, '车子', '数位', 2),
(5975, '车子', '猕猴', 0),
(5976, '车子', '法制', 0),
(5977, '车子', '伤口', 1),
(5978, '车子', '长辈', 0),
(5979, '车子', '小龙', 0),
(5980, '车子', '体验', 5),
(5981, '车子', '商品', 1),
(5982, '车子', '癌症', 0),
(5983, '车子', '说实话', 0),
(5984, '车子', '搬家', 0),
(5985, '车子', '检测', 0),
(5986, '车子', '学生会', 0),
(5987, '车子', '啊啊啊', 0),
(5988, '车子', '品德', 0),
(5989, '车子', '昆虫', 0),
(5990, '车子', '书馆', 2),
(5991, '车子', '英文', 2),
(5992, '车子', '想像', 1),
(5993, '车子', '诊病', 0),
(5994, '车子', '图书馆', 1),
(5995, '车子', '专利', 0),
(5996, '车子', '图书', 1),
(5997, '车子', '建筑', 2),
(5998, '车子', '魔女', 0),
(5999, '车子', '达文西', 1),
(6000, '车子', '匈牙利', 0),
(6001, '车子', '国防', 0),
(6002, '车子', '针灸', 0),
(6003, '车子', '地球', 0),
(6004, '车子', '教育', 5),
(6005, '车子', '感恩', 0),
(6006, '车子', '妈妈', 3),
(6007, '车子', '动画', 0),
(6008, '车子', '流感', 0),
(6009, '车子', '安东尼', 0),
(6010, '车子', '实话', 1),
(6011, '车子', '测试', 2),
(6012, '车子', '德福', 0),
(6013, '车子', '课程', 4),
(6014, '车子', '法制教育', 0),
(6015, '车子', '土地', 2),
(6016, '车子', '寄居蟹', 0),
(6017, '车子', '安东尼奥', 0),
(6018, '车子', '尼奥', 0),
(6019, '车子', '用药', 1),
(6020, '车子', '国王', 0),
(6021, '车子', '轮子', 1),
(6022, '车子', '安东', 0),
(6023, '车子', '小朋友', 2),
(6024, '车子', '朋友', 5),
(6025, '车子', '猴子', 2),
(6026, '车子', '能源', 3),
(6027, '车子', '故事', 2),
(6028, '车子', '防灾', 0),
(6029, '车子', '樱花', 0),
(6030, '车子', '条文', 0),
(6031, '车子', '设备', 3),
(6032, '车子', '设计师', 5),
(6033, '车子', '父子', 0),
(6034, '车子', '产品', 4),
(6035, '车子', '口罩', 0),
(6036, '车子', '垃圾', 0),
(6037, '车子', '药局', 0),
(6038, '车子', '手语', 0),
(6039, '车子', '偏向', 1),
(6040, '国防', '运动', 0),
(6041, '国防', '螃蟹', 0),
(6042, '国防', '乐器', 0),
(6043, '国防', '华佗', 0),
(6044, '国防', '诺瓦', 0),
(6045, '国防', '选择', 0),
(6046, '国防', '害羞', 0),
(6047, '国防', '张衡', 0),
(6048, '国防', '红毛', 0),
(6049, '国防', '华语', 0),
(6050, '国防', '阅读', 0),
(6051, '国防', '恐龙', 0),
(6052, '国防', '意识', 0),
(6053, '国防', '智库', 0),
(6054, '国防', '教科书', 0),
(6055, '国防', '宠物', 0),
(6056, '国防', '用户', 0),
(6057, '国防', '青年', 0),
(6058, '国防', '数学', 0),
(6059, '国防', '味道', 0),
(6060, '国防', '飞利浦', 0),
(6061, '国防', '想像力', 0),
(6062, '国防', '孩子', 0),
(6063, '国防', '五专', 0),
(6064, '国防', '服务', 0),
(6065, '国防', '职工', 0),
(6066, '国防', '教科', 0),
(6067, '国防', '节能', 0),
(6068, '国防', '海鸥', 0),
(6069, '国防', '种子', 0),
(6070, '国防', '登革热', 0),
(6071, '国防', '素养', 0),
(6072, '国防', '拖鞋', 0),
(6073, '国防', '数位', 0),
(6074, '国防', '猕猴', 0),
(6075, '国防', '法制', 0),
(6076, '国防', '伤口', 0),
(6077, '国防', '长辈', 0),
(6078, '国防', '小龙', 0),
(6079, '国防', '体验', 0),
(6080, '国防', '商品', 0),
(6081, '国防', '癌症', 0),
(6082, '国防', '说实话', 0),
(6083, '国防', '搬家', 0),
(6084, '国防', '检测', 0),
(6085, '国防', '学生会', 0),
(6086, '国防', '啊啊啊', 0),
(6087, '国防', '品德', 0),
(6088, '国防', '昆虫', 0),
(6089, '国防', '书馆', 0),
(6090, '国防', '英文', 0),
(6091, '国防', '想像', 0),
(6092, '国防', '诊病', 0),
(6093, '国防', '图书馆', 0),
(6094, '国防', '专利', 0),
(6095, '国防', '图书', 0),
(6096, '国防', '建筑', 0),
(6097, '国防', '魔女', 0),
(6098, '国防', '达文西', 0),
(6099, '国防', '匈牙利', 0),
(6100, '国防', '车子', 0),
(6101, '国防', '针灸', 0),
(6102, '国防', '地球', 0),
(6103, '国防', '教育', 0),
(6104, '国防', '感恩', 0),
(6105, '国防', '妈妈', 0),
(6106, '国防', '动画', 0),
(6107, '国防', '流感', 0),
(6108, '国防', '安东尼', 0),
(6109, '国防', '实话', 0),
(6110, '国防', '测试', 0),
(6111, '国防', '德福', 0),
(6112, '国防', '课程', 0),
(6113, '国防', '法制教育', 0),
(6114, '国防', '土地', 0),
(6115, '国防', '寄居蟹', 0),
(6116, '国防', '安东尼奥', 0),
(6117, '国防', '尼奥', 0),
(6118, '国防', '用药', 0),
(6119, '国防', '国王', 0),
(6120, '国防', '轮子', 0),
(6121, '国防', '安东', 0),
(6122, '国防', '小朋友', 0),
(6123, '国防', '朋友', 0),
(6124, '国防', '猴子', 0),
(6125, '国防', '能源', 0),
(6126, '国防', '故事', 0),
(6127, '国防', '防灾', 0),
(6128, '国防', '樱花', 0),
(6129, '国防', '条文', 0),
(6130, '国防', '设备', 0),
(6131, '国防', '设计师', 0),
(6132, '国防', '父子', 0),
(6133, '国防', '产品', 0),
(6134, '国防', '口罩', 0),
(6135, '国防', '垃圾', 0),
(6136, '国防', '药局', 0),
(6137, '国防', '手语', 0),
(6138, '国防', '偏向', 0),
(6139, '针灸', '运动', 0),
(6140, '针灸', '螃蟹', 0),
(6141, '针灸', '乐器', 0),
(6142, '针灸', '华佗', 0),
(6143, '针灸', '诺瓦', 0),
(6144, '针灸', '选择', 0),
(6145, '针灸', '害羞', 0),
(6146, '针灸', '张衡', 0),
(6147, '针灸', '红毛', 0),
(6148, '针灸', '华语', 0),
(6149, '针灸', '阅读', 0),
(6150, '针灸', '恐龙', 0),
(6151, '针灸', '意识', 0),
(6152, '针灸', '智库', 0),
(6153, '针灸', '教科书', 0),
(6154, '针灸', '宠物', 0),
(6155, '针灸', '用户', 0),
(6156, '针灸', '青年', 0),
(6157, '针灸', '数学', 0),
(6158, '针灸', '味道', 0),
(6159, '针灸', '飞利浦', 0),
(6160, '针灸', '想像力', 0),
(6161, '针灸', '孩子', 0),
(6162, '针灸', '五专', 0),
(6163, '针灸', '服务', 0),
(6164, '针灸', '职工', 0),
(6165, '针灸', '教科', 0),
(6166, '针灸', '节能', 0),
(6167, '针灸', '海鸥', 0),
(6168, '针灸', '种子', 0),
(6169, '针灸', '登革热', 0),
(6170, '针灸', '素养', 0),
(6171, '针灸', '拖鞋', 0),
(6172, '针灸', '数位', 0),
(6173, '针灸', '猕猴', 0),
(6174, '针灸', '法制', 0),
(6175, '针灸', '伤口', 0),
(6176, '针灸', '长辈', 0),
(6177, '针灸', '小龙', 0),
(6178, '针灸', '体验', 0),
(6179, '针灸', '商品', 0),
(6180, '针灸', '癌症', 0),
(6181, '针灸', '说实话', 0),
(6182, '针灸', '搬家', 0),
(6183, '针灸', '检测', 0),
(6184, '针灸', '学生会', 0),
(6185, '针灸', '啊啊啊', 0),
(6186, '针灸', '品德', 0),
(6187, '针灸', '昆虫', 0),
(6188, '针灸', '书馆', 0),
(6189, '针灸', '英文', 0),
(6190, '针灸', '想像', 0),
(6191, '针灸', '诊病', 0),
(6192, '针灸', '图书馆', 0),
(6193, '针灸', '专利', 0),
(6194, '针灸', '图书', 0),
(6195, '针灸', '建筑', 0),
(6196, '针灸', '魔女', 0),
(6197, '针灸', '达文西', 0),
(6198, '针灸', '匈牙利', 0),
(6199, '针灸', '车子', 0),
(6200, '针灸', '国防', 0),
(6201, '针灸', '地球', 0),
(6202, '针灸', '教育', 0),
(6203, '针灸', '感恩', 0),
(6204, '针灸', '妈妈', 0),
(6205, '针灸', '动画', 0),
(6206, '针灸', '流感', 0),
(6207, '针灸', '安东尼', 0),
(6208, '针灸', '实话', 0),
(6209, '针灸', '测试', 0),
(6210, '针灸', '德福', 0),
(6211, '针灸', '课程', 0),
(6212, '针灸', '法制教育', 0),
(6213, '针灸', '土地', 0),
(6214, '针灸', '寄居蟹', 0),
(6215, '针灸', '安东尼奥', 0),
(6216, '针灸', '尼奥', 0),
(6217, '针灸', '用药', 0),
(6218, '针灸', '国王', 0),
(6219, '针灸', '轮子', 0),
(6220, '针灸', '安东', 0),
(6221, '针灸', '小朋友', 0),
(6222, '针灸', '朋友', 0),
(6223, '针灸', '猴子', 0),
(6224, '针灸', '能源', 0),
(6225, '针灸', '故事', 0),
(6226, '针灸', '防灾', 0),
(6227, '针灸', '樱花', 0),
(6228, '针灸', '条文', 0),
(6229, '针灸', '设备', 0),
(6230, '针灸', '设计师', 0),
(6231, '针灸', '父子', 0),
(6232, '针灸', '产品', 0),
(6233, '针灸', '口罩', 0),
(6234, '针灸', '垃圾', 0),
(6235, '针灸', '药局', 0),
(6236, '针灸', '手语', 0),
(6237, '针灸', '偏向', 0),
(6238, '地球', '运动', 0),
(6239, '地球', '螃蟹', 5),
(6240, '地球', '乐器', 0),
(6241, '地球', '华佗', 0),
(6242, '地球', '诺瓦', 0),
(6243, '地球', '选择', 0),
(6244, '地球', '害羞', 1),
(6245, '地球', '张衡', 0),
(6246, '地球', '红毛', 0),
(6247, '地球', '华语', 0),
(6248, '地球', '阅读', 0),
(6249, '地球', '恐龙', 0),
(6250, '地球', '意识', 0),
(6251, '地球', '智库', 0),
(6252, '地球', '教科书', 0),
(6253, '地球', '宠物', 0),
(6254, '地球', '用户', 0),
(6255, '地球', '青年', 5),
(6256, '地球', '数学', 0),
(6257, '地球', '味道', 12),
(6258, '地球', '飞利浦', 0),
(6259, '地球', '想像力', 8),
(6260, '地球', '孩子', 39),
(6261, '地球', '五专', 0),
(6262, '地球', '服务', 0),
(6263, '地球', '职工', 0),
(6264, '地球', '教科', 4),
(6265, '地球', '节能', 0),
(6266, '地球', '海鸥', 0),
(6267, '地球', '种子', 0),
(6268, '地球', '登革热', 0),
(6269, '地球', '素养', 0),
(6270, '地球', '拖鞋', 0),
(6271, '地球', '数位', 0),
(6272, '地球', '猕猴', 0),
(6273, '地球', '法制', 1),
(6274, '地球', '伤口', 0),
(6275, '地球', '长辈', 0),
(6276, '地球', '小龙', 0),
(6277, '地球', '体验', 0),
(6278, '地球', '商品', 7),
(6279, '地球', '癌症', 7),
(6280, '地球', '说实话', 0),
(6281, '地球', '搬家', 2),
(6282, '地球', '检测', 0),
(6283, '地球', '学生会', 0),
(6284, '地球', '啊啊啊', 10),
(6285, '地球', '品德', 5),
(6286, '地球', '昆虫', 0),
(6287, '地球', '书馆', 0),
(6288, '地球', '英文', 9),
(6289, '地球', '想像', 24),
(6290, '地球', '诊病', 0),
(6291, '地球', '图书馆', 0),
(6292, '地球', '专利', 0),
(6293, '地球', '图书', 0),
(6294, '地球', '建筑', 0),
(6295, '地球', '魔女', 0),
(6296, '地球', '达文西', 0),
(6297, '地球', '匈牙利', 0),
(6298, '地球', '车子', 0),
(6299, '地球', '国防', 0),
(6300, '地球', '针灸', 0),
(6301, '地球', '教育', 45),
(6302, '地球', '感恩', 1),
(6303, '地球', '妈妈', 0),
(6304, '地球', '动画', 0),
(6305, '地球', '流感', 2),
(6306, '地球', '安东尼', 0),
(6307, '地球', '实话', 0),
(6308, '地球', '测试', 0),
(6309, '地球', '德福', 0),
(6310, '地球', '课程', 0),
(6311, '地球', '法制教育', 1),
(6312, '地球', '土地', 9),
(6313, '地球', '寄居蟹', 0),
(6314, '地球', '安东尼奥', 0),
(6315, '地球', '尼奥', 0),
(6316, '地球', '用药', 0),
(6317, '地球', '国王', 0),
(6318, '地球', '轮子', 0),
(6319, '地球', '安东', 0),
(6320, '地球', '小朋友', 36),
(6321, '地球', '朋友', 48),
(6322, '地球', '猴子', 4),
(6323, '地球', '能源', 5),
(6324, '地球', '故事', 33),
(6325, '地球', '防灾', 0),
(6326, '地球', '樱花', 0),
(6327, '地球', '条文', 0),
(6328, '地球', '设备', 0),
(6329, '地球', '设计师', 0),
(6330, '地球', '父子', 2),
(6331, '地球', '产品', 0),
(6332, '地球', '口罩', 2),
(6333, '地球', '垃圾', 13),
(6334, '地球', '药局', 0),
(6335, '地球', '手语', 0),
(6336, '地球', '偏向', 6),
(6337, '教育', '运动', 2),
(6338, '教育', '螃蟹', 12),
(6339, '教育', '乐器', 0),
(6340, '教育', '华佗', 0),
(6341, '教育', '诺瓦', 0),
(6342, '教育', '选择', 3),
(6343, '教育', '害羞', 9),
(6344, '教育', '张衡', 0),
(6345, '教育', '红毛', 0),
(6346, '教育', '华语', 0),
(6347, '教育', '阅读', 2),
(6348, '教育', '恐龙', 0),
(6349, '教育', '意识', 1),
(6350, '教育', '智库', 0),
(6351, '教育', '教科书', 0),
(6352, '教育', '宠物', 0),
(6353, '教育', '用户', 5),
(6354, '教育', '青年', 50),
(6355, '教育', '数学', 1),
(6356, '教育', '味道', 31),
(6357, '教育', '飞利浦', 0),
(6358, '教育', '想像力', 24),
(6359, '教育', '孩子', 208),
(6360, '教育', '五专', 0),
(6361, '教育', '服务', 4),
(6362, '教育', '职工', 0),
(6363, '教育', '教科', 25),
(6364, '教育', '节能', 1),
(6365, '教育', '海鸥', 0),
(6366, '教育', '种子', 0),
(6367, '教育', '登革热', 0),
(6368, '教育', '素养', 0),
(6369, '教育', '拖鞋', 6),
(6370, '教育', '数位', 2),
(6371, '教育', '猕猴', 0),
(6372, '教育', '法制', 6),
(6373, '教育', '伤口', 1),
(6374, '教育', '长辈', 0),
(6375, '教育', '小龙', 0),
(6376, '教育', '体验', 5),
(6377, '教育', '商品', 42),
(6378, '教育', '癌症', 18),
(6379, '教育', '说实话', 0),
(6380, '教育', '搬家', 10),
(6381, '教育', '检测', 0),
(6382, '教育', '学生会', 0),
(6383, '教育', '啊啊啊', 30),
(6384, '教育', '品德', 19),
(6385, '教育', '昆虫', 0),
(6386, '教育', '书馆', 2),
(6387, '教育', '英文', 82),
(6388, '教育', '想像', 95),
(6389, '教育', '诊病', 0),
(6390, '教育', '图书馆', 1),
(6391, '教育', '专利', 0),
(6392, '教育', '图书', 1),
(6393, '教育', '建筑', 2),
(6394, '教育', '魔女', 2),
(6395, '教育', '达文西', 1),
(6396, '教育', '匈牙利', 2),
(6397, '教育', '车子', 5),
(6398, '教育', '国防', 0),
(6399, '教育', '针灸', 0),
(6400, '教育', '地球', 45),
(6401, '教育', '感恩', 8),
(6402, '教育', '妈妈', 3),
(6403, '教育', '动画', 0),
(6404, '教育', '流感', 6),
(6405, '教育', '安东尼', 0),
(6406, '教育', '实话', 1),
(6407, '教育', '测试', 2),
(6408, '教育', '德福', 8),
(6409, '教育', '课程', 4),
(6410, '教育', '法制教育', 2),
(6411, '教育', '土地', 45),
(6412, '教育', '寄居蟹', 2),
(6413, '教育', '安东尼奥', 0),
(6414, '教育', '尼奥', 0),
(6415, '教育', '用药', 1),
(6416, '教育', '国王', 0),
(6417, '教育', '轮子', 1),
(6418, '教育', '安东', 0),
(6419, '教育', '小朋友', 157),
(6420, '教育', '朋友', 253),
(6421, '教育', '猴子', 19),
(6422, '教育', '能源', 28),
(6423, '教育', '故事', 167),
(6424, '教育', '防灾', 0),
(6425, '教育', '樱花', 0),
(6426, '教育', '条文', 0),
(6427, '教育', '设备', 3),
(6428, '教育', '设计师', 5),
(6429, '教育', '父子', 8),
(6430, '教育', '产品', 4),
(6431, '教育', '口罩', 3),
(6432, '教育', '垃圾', 44),
(6433, '教育', '药局', 0),
(6434, '教育', '手语', 0),
(6435, '教育', '偏向', 43),
(6436, '感恩', '运动', 0),
(6437, '感恩', '螃蟹', 0),
(6438, '感恩', '乐器', 0),
(6439, '感恩', '华佗', 0),
(6440, '感恩', '诺瓦', 0),
(6441, '感恩', '选择', 0),
(6442, '感恩', '害羞', 0),
(6443, '感恩', '张衡', 0),
(6444, '感恩', '红毛', 0),
(6445, '感恩', '华语', 0),
(6446, '感恩', '阅读', 0),
(6447, '感恩', '恐龙', 0),
(6448, '感恩', '意识', 0),
(6449, '感恩', '智库', 0),
(6450, '感恩', '教科书', 0),
(6451, '感恩', '宠物', 0),
(6452, '感恩', '用户', 0),
(6453, '感恩', '青年', 2),
(6454, '感恩', '数学', 0),
(6455, '感恩', '味道', 2),
(6456, '感恩', '飞利浦', 0),
(6457, '感恩', '想像力', 0),
(6458, '感恩', '孩子', 8),
(6459, '感恩', '五专', 0),
(6460, '感恩', '服务', 0),
(6461, '感恩', '职工', 0),
(6462, '感恩', '教科', 1),
(6463, '感恩', '节能', 0),
(6464, '感恩', '海鸥', 0),
(6465, '感恩', '种子', 0),
(6466, '感恩', '登革热', 0),
(6467, '感恩', '素养', 0),
(6468, '感恩', '拖鞋', 0),
(6469, '感恩', '数位', 0),
(6470, '感恩', '猕猴', 0),
(6471, '感恩', '法制', 0),
(6472, '感恩', '伤口', 0),
(6473, '感恩', '长辈', 0),
(6474, '感恩', '小龙', 0),
(6475, '感恩', '体验', 0),
(6476, '感恩', '商品', 1),
(6477, '感恩', '癌症', 4),
(6478, '感恩', '说实话', 0),
(6479, '感恩', '搬家', 0),
(6480, '感恩', '检测', 0),
(6481, '感恩', '学生会', 0),
(6482, '感恩', '啊啊啊', 1),
(6483, '感恩', '品德', 0),
(6484, '感恩', '昆虫', 0),
(6485, '感恩', '书馆', 0),
(6486, '感恩', '英文', 2),
(6487, '感恩', '想像', 4),
(6488, '感恩', '诊病', 0),
(6489, '感恩', '图书馆', 0),
(6490, '感恩', '专利', 0),
(6491, '感恩', '图书', 0),
(6492, '感恩', '建筑', 0),
(6493, '感恩', '魔女', 0),
(6494, '感恩', '达文西', 0),
(6495, '感恩', '匈牙利', 0),
(6496, '感恩', '车子', 0),
(6497, '感恩', '国防', 0),
(6498, '感恩', '针灸', 0),
(6499, '感恩', '地球', 1),
(6500, '感恩', '教育', 8),
(6501, '感恩', '妈妈', 0),
(6502, '感恩', '动画', 0),
(6503, '感恩', '流感', 1),
(6504, '感恩', '安东尼', 0),
(6505, '感恩', '实话', 0),
(6506, '感恩', '测试', 0),
(6507, '感恩', '德福', 0),
(6508, '感恩', '课程', 0),
(6509, '感恩', '法制教育', 0),
(6510, '感恩', '土地', 2),
(6511, '感恩', '寄居蟹', 0),
(6512, '感恩', '安东尼奥', 0),
(6513, '感恩', '尼奥', 0),
(6514, '感恩', '用药', 0),
(6515, '感恩', '国王', 0),
(6516, '感恩', '轮子', 0),
(6517, '感恩', '安东', 0),
(6518, '感恩', '小朋友', 4),
(6519, '感恩', '朋友', 7),
(6520, '感恩', '猴子', 0),
(6521, '感恩', '能源', 1),
(6522, '感恩', '故事', 6),
(6523, '感恩', '防灾', 0),
(6524, '感恩', '樱花', 0),
(6525, '感恩', '条文', 0),
(6526, '感恩', '设备', 0),
(6527, '感恩', '设计师', 0),
(6528, '感恩', '父子', 0),
(6529, '感恩', '产品', 0),
(6530, '感恩', '口罩', 1),
(6531, '感恩', '垃圾', 0),
(6532, '感恩', '药局', 0),
(6533, '感恩', '手语', 0),
(6534, '感恩', '偏向', 0),
(6535, '妈妈', '运动', 2),
(6536, '妈妈', '螃蟹', 0),
(6537, '妈妈', '乐器', 0),
(6538, '妈妈', '华佗', 0),
(6539, '妈妈', '诺瓦', 0),
(6540, '妈妈', '选择', 1),
(6541, '妈妈', '害羞', 0),
(6542, '妈妈', '张衡', 0),
(6543, '妈妈', '红毛', 0),
(6544, '妈妈', '华语', 0),
(6545, '妈妈', '阅读', 2),
(6546, '妈妈', '恐龙', 0),
(6547, '妈妈', '意识', 1),
(6548, '妈妈', '智库', 0),
(6549, '妈妈', '教科书', 0),
(6550, '妈妈', '宠物', 0),
(6551, '妈妈', '用户', 3),
(6552, '妈妈', '青年', 0),
(6553, '妈妈', '数学', 1),
(6554, '妈妈', '味道', 0),
(6555, '妈妈', '飞利浦', 0),
(6556, '妈妈', '想像力', 0),
(6557, '妈妈', '孩子', 2),
(6558, '妈妈', '五专', 0),
(6559, '妈妈', '服务', 3),
(6560, '妈妈', '职工', 0),
(6561, '妈妈', '教科', 0),
(6562, '妈妈', '节能', 1),
(6563, '妈妈', '海鸥', 0),
(6564, '妈妈', '种子', 0),
(6565, '妈妈', '登革热', 0),
(6566, '妈妈', '素养', 0),
(6567, '妈妈', '拖鞋', 0),
(6568, '妈妈', '数位', 2),
(6569, '妈妈', '猕猴', 0),
(6570, '妈妈', '法制', 0),
(6571, '妈妈', '伤口', 1),
(6572, '妈妈', '长辈', 0),
(6573, '妈妈', '小龙', 0),
(6574, '妈妈', '体验', 3),
(6575, '妈妈', '商品', 1),
(6576, '妈妈', '癌症', 0),
(6577, '妈妈', '说实话', 0),
(6578, '妈妈', '搬家', 0),
(6579, '妈妈', '检测', 0),
(6580, '妈妈', '学生会', 0),
(6581, '妈妈', '啊啊啊', 0),
(6582, '妈妈', '品德', 0),
(6583, '妈妈', '昆虫', 0),
(6584, '妈妈', '书馆', 1),
(6585, '妈妈', '英文', 1),
(6586, '妈妈', '想像', 1),
(6587, '妈妈', '诊病', 0),
(6588, '妈妈', '图书馆', 0),
(6589, '妈妈', '专利', 0),
(6590, '妈妈', '图书', 0),
(6591, '妈妈', '建筑', 2),
(6592, '妈妈', '魔女', 0),
(6593, '妈妈', '达文西', 1),
(6594, '妈妈', '匈牙利', 0),
(6595, '妈妈', '车子', 3),
(6596, '妈妈', '国防', 0),
(6597, '妈妈', '针灸', 0),
(6598, '妈妈', '地球', 0),
(6599, '妈妈', '教育', 3),
(6600, '妈妈', '感恩', 0),
(6601, '妈妈', '动画', 0),
(6602, '妈妈', '流感', 0),
(6603, '妈妈', '安东尼', 0),
(6604, '妈妈', '实话', 1),
(6605, '妈妈', '测试', 1),
(6606, '妈妈', '德福', 0),
(6607, '妈妈', '课程', 3),
(6608, '妈妈', '法制教育', 0),
(6609, '妈妈', '土地', 1),
(6610, '妈妈', '寄居蟹', 0),
(6611, '妈妈', '安东尼奥', 0),
(6612, '妈妈', '尼奥', 0),
(6613, '妈妈', '用药', 0),
(6614, '妈妈', '国王', 0),
(6615, '妈妈', '轮子', 0),
(6616, '妈妈', '安东', 0),
(6617, '妈妈', '小朋友', 2),
(6618, '妈妈', '朋友', 3),
(6619, '妈妈', '猴子', 1),
(6620, '妈妈', '能源', 1),
(6621, '妈妈', '故事', 1),
(6622, '妈妈', '防灾', 0),
(6623, '妈妈', '樱花', 0),
(6624, '妈妈', '条文', 0),
(6625, '妈妈', '设备', 2),
(6626, '妈妈', '设计师', 3),
(6627, '妈妈', '父子', 0),
(6628, '妈妈', '产品', 2),
(6629, '妈妈', '口罩', 0),
(6630, '妈妈', '垃圾', 0),
(6631, '妈妈', '药局', 0),
(6632, '妈妈', '手语', 0),
(6633, '妈妈', '偏向', 1),
(6634, '动画', '运动', 0),
(6635, '动画', '螃蟹', 0),
(6636, '动画', '乐器', 0),
(6637, '动画', '华佗', 0),
(6638, '动画', '诺瓦', 0),
(6639, '动画', '选择', 0),
(6640, '动画', '害羞', 0),
(6641, '动画', '张衡', 0),
(6642, '动画', '红毛', 0),
(6643, '动画', '华语', 0),
(6644, '动画', '阅读', 0),
(6645, '动画', '恐龙', 0),
(6646, '动画', '意识', 0),
(6647, '动画', '智库', 0),
(6648, '动画', '教科书', 0),
(6649, '动画', '宠物', 0),
(6650, '动画', '用户', 0),
(6651, '动画', '青年', 0),
(6652, '动画', '数学', 0),
(6653, '动画', '味道', 0),
(6654, '动画', '飞利浦', 0),
(6655, '动画', '想像力', 0),
(6656, '动画', '孩子', 0),
(6657, '动画', '五专', 0),
(6658, '动画', '服务', 0),
(6659, '动画', '职工', 0),
(6660, '动画', '教科', 0),
(6661, '动画', '节能', 0),
(6662, '动画', '海鸥', 0),
(6663, '动画', '种子', 0),
(6664, '动画', '登革热', 0),
(6665, '动画', '素养', 0),
(6666, '动画', '拖鞋', 0),
(6667, '动画', '数位', 0),
(6668, '动画', '猕猴', 0),
(6669, '动画', '法制', 0),
(6670, '动画', '伤口', 0),
(6671, '动画', '长辈', 0),
(6672, '动画', '小龙', 0),
(6673, '动画', '体验', 0),
(6674, '动画', '商品', 0),
(6675, '动画', '癌症', 0),
(6676, '动画', '说实话', 0),
(6677, '动画', '搬家', 0),
(6678, '动画', '检测', 0),
(6679, '动画', '学生会', 0),
(6680, '动画', '啊啊啊', 0),
(6681, '动画', '品德', 0),
(6682, '动画', '昆虫', 0),
(6683, '动画', '书馆', 0),
(6684, '动画', '英文', 0),
(6685, '动画', '想像', 0),
(6686, '动画', '诊病', 0),
(6687, '动画', '图书馆', 0),
(6688, '动画', '专利', 0),
(6689, '动画', '图书', 0),
(6690, '动画', '建筑', 0),
(6691, '动画', '魔女', 0),
(6692, '动画', '达文西', 0),
(6693, '动画', '匈牙利', 0),
(6694, '动画', '车子', 0),
(6695, '动画', '国防', 0),
(6696, '动画', '针灸', 0),
(6697, '动画', '地球', 0),
(6698, '动画', '教育', 0),
(6699, '动画', '感恩', 0),
(6700, '动画', '妈妈', 0),
(6701, '动画', '流感', 0),
(6702, '动画', '安东尼', 0),
(6703, '动画', '实话', 0),
(6704, '动画', '测试', 0),
(6705, '动画', '德福', 0),
(6706, '动画', '课程', 0),
(6707, '动画', '法制教育', 0),
(6708, '动画', '土地', 0),
(6709, '动画', '寄居蟹', 0),
(6710, '动画', '安东尼奥', 0),
(6711, '动画', '尼奥', 0),
(6712, '动画', '用药', 0),
(6713, '动画', '国王', 0),
(6714, '动画', '轮子', 0),
(6715, '动画', '安东', 0),
(6716, '动画', '小朋友', 0),
(6717, '动画', '朋友', 0),
(6718, '动画', '猴子', 0),
(6719, '动画', '能源', 0),
(6720, '动画', '故事', 0),
(6721, '动画', '防灾', 0),
(6722, '动画', '樱花', 0),
(6723, '动画', '条文', 0),
(6724, '动画', '设备', 0),
(6725, '动画', '设计师', 0),
(6726, '动画', '父子', 0),
(6727, '动画', '产品', 0),
(6728, '动画', '口罩', 0),
(6729, '动画', '垃圾', 0),
(6730, '动画', '药局', 0),
(6731, '动画', '手语', 0),
(6732, '动画', '偏向', 0),
(6733, '流感', '运动', 0),
(6734, '流感', '螃蟹', 0),
(6735, '流感', '乐器', 0),
(6736, '流感', '华佗', 0),
(6737, '流感', '诺瓦', 0),
(6738, '流感', '选择', 0),
(6739, '流感', '害羞', 0),
(6740, '流感', '张衡', 0),
(6741, '流感', '红毛', 0),
(6742, '流感', '华语', 0),
(6743, '流感', '阅读', 0),
(6744, '流感', '恐龙', 0),
(6745, '流感', '意识', 0),
(6746, '流感', '智库', 0),
(6747, '流感', '教科书', 0),
(6748, '流感', '宠物', 0),
(6749, '流感', '用户', 0),
(6750, '流感', '青年', 1),
(6751, '流感', '数学', 0),
(6752, '流感', '味道', 0),
(6753, '流感', '飞利浦', 0),
(6754, '流感', '想像力', 2),
(6755, '流感', '孩子', 6),
(6756, '流感', '五专', 0),
(6757, '流感', '服务', 0),
(6758, '流感', '职工', 0),
(6759, '流感', '教科', 2),
(6760, '流感', '节能', 0),
(6761, '流感', '海鸥', 0),
(6762, '流感', '种子', 0),
(6763, '流感', '登革热', 0),
(6764, '流感', '素养', 0),
(6765, '流感', '拖鞋', 0),
(6766, '流感', '数位', 0),
(6767, '流感', '猕猴', 0),
(6768, '流感', '法制', 0),
(6769, '流感', '伤口', 0),
(6770, '流感', '长辈', 0),
(6771, '流感', '小龙', 0),
(6772, '流感', '体验', 0),
(6773, '流感', '商品', 2),
(6774, '流感', '癌症', 0),
(6775, '流感', '说实话', 0),
(6776, '流感', '搬家', 0),
(6777, '流感', '检测', 0),
(6778, '流感', '学生会', 0),
(6779, '流感', '啊啊啊', 1),
(6780, '流感', '品德', 0),
(6781, '流感', '昆虫', 0),
(6782, '流感', '书馆', 0),
(6783, '流感', '英文', 2),
(6784, '流感', '想像', 2),
(6785, '流感', '诊病', 0),
(6786, '流感', '图书馆', 0),
(6787, '流感', '专利', 0),
(6788, '流感', '图书', 0),
(6789, '流感', '建筑', 0),
(6790, '流感', '魔女', 0),
(6791, '流感', '达文西', 0),
(6792, '流感', '匈牙利', 0),
(6793, '流感', '车子', 0),
(6794, '流感', '国防', 0),
(6795, '流感', '针灸', 0),
(6796, '流感', '地球', 2),
(6797, '流感', '教育', 6),
(6798, '流感', '感恩', 1),
(6799, '流感', '妈妈', 0),
(6800, '流感', '动画', 0),
(6801, '流感', '安东尼', 0),
(6802, '流感', '实话', 0),
(6803, '流感', '测试', 0),
(6804, '流感', '德福', 0),
(6805, '流感', '课程', 0),
(6806, '流感', '法制教育', 0),
(6807, '流感', '土地', 0),
(6808, '流感', '寄居蟹', 0),
(6809, '流感', '安东尼奥', 0),
(6810, '流感', '尼奥', 0),
(6811, '流感', '用药', 0),
(6812, '流感', '国王', 0),
(6813, '流感', '轮子', 0),
(6814, '流感', '安东', 0),
(6815, '流感', '小朋友', 3),
(6816, '流感', '朋友', 6),
(6817, '流感', '猴子', 0),
(6818, '流感', '能源', 2),
(6819, '流感', '故事', 2),
(6820, '流感', '防灾', 0),
(6821, '流感', '樱花', 0),
(6822, '流感', '条文', 0),
(6823, '流感', '设备', 0),
(6824, '流感', '设计师', 0),
(6825, '流感', '父子', 0),
(6826, '流感', '产品', 0),
(6827, '流感', '口罩', 1),
(6828, '流感', '垃圾', 0),
(6829, '流感', '药局', 0),
(6830, '流感', '手语', 0),
(6831, '流感', '偏向', 2),
(6832, '安东尼', '运动', 0),
(6833, '安东尼', '螃蟹', 0),
(6834, '安东尼', '乐器', 0),
(6835, '安东尼', '华佗', 0),
(6836, '安东尼', '诺瓦', 0),
(6837, '安东尼', '选择', 0),
(6838, '安东尼', '害羞', 0),
(6839, '安东尼', '张衡', 0),
(6840, '安东尼', '红毛', 0),
(6841, '安东尼', '华语', 0),
(6842, '安东尼', '阅读', 0),
(6843, '安东尼', '恐龙', 0),
(6844, '安东尼', '意识', 0),
(6845, '安东尼', '智库', 0),
(6846, '安东尼', '教科书', 0),
(6847, '安东尼', '宠物', 0),
(6848, '安东尼', '用户', 0),
(6849, '安东尼', '青年', 0),
(6850, '安东尼', '数学', 0),
(6851, '安东尼', '味道', 0),
(6852, '安东尼', '飞利浦', 0),
(6853, '安东尼', '想像力', 0),
(6854, '安东尼', '孩子', 0),
(6855, '安东尼', '五专', 0),
(6856, '安东尼', '服务', 0),
(6857, '安东尼', '职工', 0),
(6858, '安东尼', '教科', 0),
(6859, '安东尼', '节能', 0),
(6860, '安东尼', '海鸥', 0),
(6861, '安东尼', '种子', 0),
(6862, '安东尼', '登革热', 0),
(6863, '安东尼', '素养', 0),
(6864, '安东尼', '拖鞋', 0),
(6865, '安东尼', '数位', 0),
(6866, '安东尼', '猕猴', 0),
(6867, '安东尼', '法制', 0),
(6868, '安东尼', '伤口', 0),
(6869, '安东尼', '长辈', 0),
(6870, '安东尼', '小龙', 0),
(6871, '安东尼', '体验', 0),
(6872, '安东尼', '商品', 0),
(6873, '安东尼', '癌症', 0),
(6874, '安东尼', '说实话', 0),
(6875, '安东尼', '搬家', 0),
(6876, '安东尼', '检测', 0),
(6877, '安东尼', '学生会', 0),
(6878, '安东尼', '啊啊啊', 0),
(6879, '安东尼', '品德', 0),
(6880, '安东尼', '昆虫', 0),
(6881, '安东尼', '书馆', 0),
(6882, '安东尼', '英文', 0),
(6883, '安东尼', '想像', 0),
(6884, '安东尼', '诊病', 0),
(6885, '安东尼', '图书馆', 0),
(6886, '安东尼', '专利', 0),
(6887, '安东尼', '图书', 0),
(6888, '安东尼', '建筑', 0),
(6889, '安东尼', '魔女', 0),
(6890, '安东尼', '达文西', 0),
(6891, '安东尼', '匈牙利', 0),
(6892, '安东尼', '车子', 0),
(6893, '安东尼', '国防', 0),
(6894, '安东尼', '针灸', 0),
(6895, '安东尼', '地球', 0),
(6896, '安东尼', '教育', 0),
(6897, '安东尼', '感恩', 0),
(6898, '安东尼', '妈妈', 0),
(6899, '安东尼', '动画', 0),
(6900, '安东尼', '流感', 0),
(6901, '安东尼', '实话', 0),
(6902, '安东尼', '测试', 0),
(6903, '安东尼', '德福', 0),
(6904, '安东尼', '课程', 0),
(6905, '安东尼', '法制教育', 0),
(6906, '安东尼', '土地', 0),
(6907, '安东尼', '寄居蟹', 0),
(6908, '安东尼', '安东尼奥', 0),
(6909, '安东尼', '尼奥', 0),
(6910, '安东尼', '用药', 0),
(6911, '安东尼', '国王', 0),
(6912, '安东尼', '轮子', 0),
(6913, '安东尼', '安东', 0),
(6914, '安东尼', '小朋友', 0),
(6915, '安东尼', '朋友', 0),
(6916, '安东尼', '猴子', 0),
(6917, '安东尼', '能源', 0),
(6918, '安东尼', '故事', 0),
(6919, '安东尼', '防灾', 0),
(6920, '安东尼', '樱花', 0),
(6921, '安东尼', '条文', 0),
(6922, '安东尼', '设备', 0),
(6923, '安东尼', '设计师', 0),
(6924, '安东尼', '父子', 0),
(6925, '安东尼', '产品', 0),
(6926, '安东尼', '口罩', 0),
(6927, '安东尼', '垃圾', 0),
(6928, '安东尼', '药局', 0),
(6929, '安东尼', '手语', 0),
(6930, '安东尼', '偏向', 0),
(6931, '实话', '运动', 1),
(6932, '实话', '螃蟹', 0),
(6933, '实话', '乐器', 0),
(6934, '实话', '华佗', 0),
(6935, '实话', '诺瓦', 0),
(6936, '实话', '选择', 1),
(6937, '实话', '害羞', 0),
(6938, '实话', '张衡', 0),
(6939, '实话', '红毛', 0),
(6940, '实话', '华语', 0),
(6941, '实话', '阅读', 0),
(6942, '实话', '恐龙', 0),
(6943, '实话', '意识', 1),
(6944, '实话', '智库', 0),
(6945, '实话', '教科书', 0),
(6946, '实话', '宠物', 0),
(6947, '实话', '用户', 1),
(6948, '实话', '青年', 0),
(6949, '实话', '数学', 1),
(6950, '实话', '味道', 0),
(6951, '实话', '飞利浦', 0),
(6952, '实话', '想像力', 0),
(6953, '实话', '孩子', 1),
(6954, '实话', '五专', 0),
(6955, '实话', '服务', 1),
(6956, '实话', '职工', 0),
(6957, '实话', '教科', 0),
(6958, '实话', '节能', 1),
(6959, '实话', '海鸥', 0),
(6960, '实话', '种子', 0),
(6961, '实话', '登革热', 0),
(6962, '实话', '素养', 0),
(6963, '实话', '拖鞋', 0),
(6964, '实话', '数位', 1),
(6965, '实话', '猕猴', 0),
(6966, '实话', '法制', 0),
(6967, '实话', '伤口', 1),
(6968, '实话', '长辈', 0),
(6969, '实话', '小龙', 0),
(6970, '实话', '体验', 1),
(6971, '实话', '商品', 1),
(6972, '实话', '癌症', 0),
(6973, '实话', '说实话', 0),
(6974, '实话', '搬家', 0),
(6975, '实话', '检测', 0),
(6976, '实话', '学生会', 0),
(6977, '实话', '啊啊啊', 0),
(6978, '实话', '品德', 0),
(6979, '实话', '昆虫', 0),
(6980, '实话', '书馆', 0),
(6981, '实话', '英文', 1),
(6982, '实话', '想像', 0),
(6983, '实话', '诊病', 0),
(6984, '实话', '图书馆', 0),
(6985, '实话', '专利', 0),
(6986, '实话', '图书', 0),
(6987, '实话', '建筑', 1),
(6988, '实话', '魔女', 0),
(6989, '实话', '达文西', 1),
(6990, '实话', '匈牙利', 0),
(6991, '实话', '车子', 1),
(6992, '实话', '国防', 0),
(6993, '实话', '针灸', 0),
(6994, '实话', '地球', 0),
(6995, '实话', '教育', 1),
(6996, '实话', '感恩', 0),
(6997, '实话', '妈妈', 1),
(6998, '实话', '动画', 0),
(6999, '实话', '流感', 0),
(7000, '实话', '安东尼', 0),
(7001, '实话', '测试', 0),
(7002, '实话', '德福', 0),
(7003, '实话', '课程', 1),
(7004, '实话', '法制教育', 0),
(7005, '实话', '土地', 0),
(7006, '实话', '寄居蟹', 0),
(7007, '实话', '安东尼奥', 0),
(7008, '实话', '尼奥', 0),
(7009, '实话', '用药', 0),
(7010, '实话', '国王', 0),
(7011, '实话', '轮子', 0),
(7012, '实话', '安东', 0),
(7013, '实话', '小朋友', 1),
(7014, '实话', '朋友', 1),
(7015, '实话', '猴子', 1),
(7016, '实话', '能源', 0),
(7017, '实话', '故事', 0),
(7018, '实话', '防灾', 0),
(7019, '实话', '樱花', 0),
(7020, '实话', '条文', 0),
(7021, '实话', '设备', 1),
(7022, '实话', '设计师', 1),
(7023, '实话', '父子', 0),
(7024, '实话', '产品', 1),
(7025, '实话', '口罩', 0),
(7026, '实话', '垃圾', 0),
(7027, '实话', '药局', 0),
(7028, '实话', '手语', 0),
(7029, '实话', '偏向', 1),
(7030, '测试', '运动', 0),
(7031, '测试', '螃蟹', 0),
(7032, '测试', '乐器', 0),
(7033, '测试', '华佗', 0),
(7034, '测试', '诺瓦', 0),
(7035, '测试', '选择', 1),
(7036, '测试', '害羞', 0),
(7037, '测试', '张衡', 0),
(7038, '测试', '红毛', 0),
(7039, '测试', '华语', 0),
(7040, '测试', '阅读', 1),
(7041, '测试', '恐龙', 0),
(7042, '测试', '意识', 0),
(7043, '测试', '智库', 0),
(7044, '测试', '教科书', 0),
(7045, '测试', '宠物', 0),
(7046, '测试', '用户', 2),
(7047, '测试', '青年', 0),
(7048, '测试', '数学', 0),
(7049, '测试', '味道', 0),
(7050, '测试', '飞利浦', 0),
(7051, '测试', '想像力', 0),
(7052, '测试', '孩子', 0),
(7053, '测试', '五专', 0),
(7054, '测试', '服务', 2),
(7055, '测试', '职工', 0),
(7056, '测试', '教科', 0),
(7057, '测试', '节能', 0),
(7058, '测试', '海鸥', 0),
(7059, '测试', '种子', 0),
(7060, '测试', '登革热', 0),
(7061, '测试', '素养', 0),
(7062, '测试', '拖鞋', 0),
(7063, '测试', '数位', 0);
INSERT INTO `keywords_table` (`keywords_id`, `keyword1`, `keyword2`, `count`) VALUES
(7064, '测试', '猕猴', 0),
(7065, '测试', '法制', 0),
(7066, '测试', '伤口', 0),
(7067, '测试', '长辈', 0),
(7068, '测试', '小龙', 0),
(7069, '测试', '体验', 2),
(7070, '测试', '商品', 0),
(7071, '测试', '癌症', 0),
(7072, '测试', '说实话', 0),
(7073, '测试', '搬家', 0),
(7074, '测试', '检测', 0),
(7075, '测试', '学生会', 0),
(7076, '测试', '啊啊啊', 0),
(7077, '测试', '品德', 0),
(7078, '测试', '昆虫', 0),
(7079, '测试', '书馆', 0),
(7080, '测试', '英文', 1),
(7081, '测试', '想像', 0),
(7082, '测试', '诊病', 0),
(7083, '测试', '图书馆', 0),
(7084, '测试', '专利', 0),
(7085, '测试', '图书', 0),
(7086, '测试', '建筑', 0),
(7087, '测试', '魔女', 0),
(7088, '测试', '达文西', 0),
(7089, '测试', '匈牙利', 0),
(7090, '测试', '车子', 2),
(7091, '测试', '国防', 0),
(7092, '测试', '针灸', 0),
(7093, '测试', '地球', 0),
(7094, '测试', '教育', 2),
(7095, '测试', '感恩', 0),
(7096, '测试', '妈妈', 1),
(7097, '测试', '动画', 0),
(7098, '测试', '流感', 0),
(7099, '测试', '安东尼', 0),
(7100, '测试', '实话', 0),
(7101, '测试', '德福', 0),
(7102, '测试', '课程', 1),
(7103, '测试', '法制教育', 0),
(7104, '测试', '土地', 0),
(7105, '测试', '寄居蟹', 0),
(7106, '测试', '安东尼奥', 0),
(7107, '测试', '尼奥', 0),
(7108, '测试', '用药', 1),
(7109, '测试', '国王', 0),
(7110, '测试', '轮子', 1),
(7111, '测试', '安东', 0),
(7112, '测试', '小朋友', 1),
(7113, '测试', '朋友', 2),
(7114, '测试', '猴子', 0),
(7115, '测试', '能源', 2),
(7116, '测试', '故事', 1),
(7117, '测试', '防灾', 0),
(7118, '测试', '樱花', 0),
(7119, '测试', '条文', 0),
(7120, '测试', '设备', 2),
(7121, '测试', '设计师', 2),
(7122, '测试', '父子', 0),
(7123, '测试', '产品', 2),
(7124, '测试', '口罩', 0),
(7125, '测试', '垃圾', 0),
(7126, '测试', '药局', 0),
(7127, '测试', '手语', 0),
(7128, '测试', '偏向', 0),
(7129, '德福', '运动', 0),
(7130, '德福', '螃蟹', 0),
(7131, '德福', '乐器', 0),
(7132, '德福', '华佗', 0),
(7133, '德福', '诺瓦', 0),
(7134, '德福', '选择', 0),
(7135, '德福', '害羞', 0),
(7136, '德福', '张衡', 0),
(7137, '德福', '红毛', 0),
(7138, '德福', '华语', 0),
(7139, '德福', '阅读', 0),
(7140, '德福', '恐龙', 0),
(7141, '德福', '意识', 0),
(7142, '德福', '智库', 0),
(7143, '德福', '教科书', 0),
(7144, '德福', '宠物', 0),
(7145, '德福', '用户', 0),
(7146, '德福', '青年', 1),
(7147, '德福', '数学', 0),
(7148, '德福', '味道', 1),
(7149, '德福', '飞利浦', 0),
(7150, '德福', '想像力', 1),
(7151, '德福', '孩子', 8),
(7152, '德福', '五专', 0),
(7153, '德福', '服务', 0),
(7154, '德福', '职工', 0),
(7155, '德福', '教科', 1),
(7156, '德福', '节能', 0),
(7157, '德福', '海鸥', 0),
(7158, '德福', '种子', 0),
(7159, '德福', '登革热', 0),
(7160, '德福', '素养', 0),
(7161, '德福', '拖鞋', 0),
(7162, '德福', '数位', 0),
(7163, '德福', '猕猴', 0),
(7164, '德福', '法制', 0),
(7165, '德福', '伤口', 0),
(7166, '德福', '长辈', 0),
(7167, '德福', '小龙', 0),
(7168, '德福', '体验', 0),
(7169, '德福', '商品', 0),
(7170, '德福', '癌症', 0),
(7171, '德福', '说实话', 0),
(7172, '德福', '搬家', 0),
(7173, '德福', '检测', 0),
(7174, '德福', '学生会', 0),
(7175, '德福', '啊啊啊', 2),
(7176, '德福', '品德', 0),
(7177, '德福', '昆虫', 0),
(7178, '德福', '书馆', 0),
(7179, '德福', '英文', 1),
(7180, '德福', '想像', 3),
(7181, '德福', '诊病', 0),
(7182, '德福', '图书馆', 0),
(7183, '德福', '专利', 0),
(7184, '德福', '图书', 0),
(7185, '德福', '建筑', 0),
(7186, '德福', '魔女', 0),
(7187, '德福', '达文西', 0),
(7188, '德福', '匈牙利', 0),
(7189, '德福', '车子', 0),
(7190, '德福', '国防', 0),
(7191, '德福', '针灸', 0),
(7192, '德福', '地球', 0),
(7193, '德福', '教育', 8),
(7194, '德福', '感恩', 0),
(7195, '德福', '妈妈', 0),
(7196, '德福', '动画', 0),
(7197, '德福', '流感', 0),
(7198, '德福', '安东尼', 0),
(7199, '德福', '实话', 0),
(7200, '德福', '测试', 0),
(7201, '德福', '课程', 0),
(7202, '德福', '法制教育', 0),
(7203, '德福', '土地', 0),
(7204, '德福', '寄居蟹', 0),
(7205, '德福', '安东尼奥', 0),
(7206, '德福', '尼奥', 0),
(7207, '德福', '用药', 0),
(7208, '德福', '国王', 0),
(7209, '德福', '轮子', 0),
(7210, '德福', '安东', 0),
(7211, '德福', '小朋友', 6),
(7212, '德福', '朋友', 7),
(7213, '德福', '猴子', 0),
(7214, '德福', '能源', 0),
(7215, '德福', '故事', 4),
(7216, '德福', '防灾', 0),
(7217, '德福', '樱花', 0),
(7218, '德福', '条文', 0),
(7219, '德福', '设备', 0),
(7220, '德福', '设计师', 0),
(7221, '德福', '父子', 0),
(7222, '德福', '产品', 0),
(7223, '德福', '口罩', 0),
(7224, '德福', '垃圾', 1),
(7225, '德福', '药局', 0),
(7226, '德福', '手语', 0),
(7227, '德福', '偏向', 0),
(7228, '课程', '运动', 2),
(7229, '课程', '螃蟹', 0),
(7230, '课程', '乐器', 0),
(7231, '课程', '华佗', 0),
(7232, '课程', '诺瓦', 0),
(7233, '课程', '选择', 2),
(7234, '课程', '害羞', 0),
(7235, '课程', '张衡', 0),
(7236, '课程', '红毛', 0),
(7237, '课程', '华语', 0),
(7238, '课程', '阅读', 2),
(7239, '课程', '恐龙', 0),
(7240, '课程', '意识', 1),
(7241, '课程', '智库', 0),
(7242, '课程', '教科书', 0),
(7243, '课程', '宠物', 0),
(7244, '课程', '用户', 4),
(7245, '课程', '青年', 0),
(7246, '课程', '数学', 1),
(7247, '课程', '味道', 0),
(7248, '课程', '飞利浦', 0),
(7249, '课程', '想像力', 0),
(7250, '课程', '孩子', 3),
(7251, '课程', '五专', 0),
(7252, '课程', '服务', 3),
(7253, '课程', '职工', 0),
(7254, '课程', '教科', 0),
(7255, '课程', '节能', 1),
(7256, '课程', '海鸥', 0),
(7257, '课程', '种子', 0),
(7258, '课程', '登革热', 0),
(7259, '课程', '素养', 0),
(7260, '课程', '拖鞋', 0),
(7261, '课程', '数位', 2),
(7262, '课程', '猕猴', 0),
(7263, '课程', '法制', 0),
(7264, '课程', '伤口', 1),
(7265, '课程', '长辈', 0),
(7266, '课程', '小龙', 0),
(7267, '课程', '体验', 4),
(7268, '课程', '商品', 1),
(7269, '课程', '癌症', 0),
(7270, '课程', '说实话', 0),
(7271, '课程', '搬家', 0),
(7272, '课程', '检测', 0),
(7273, '课程', '学生会', 0),
(7274, '课程', '啊啊啊', 0),
(7275, '课程', '品德', 0),
(7276, '课程', '昆虫', 0),
(7277, '课程', '书馆', 2),
(7278, '课程', '英文', 1),
(7279, '课程', '想像', 1),
(7280, '课程', '诊病', 0),
(7281, '课程', '图书馆', 1),
(7282, '课程', '专利', 0),
(7283, '课程', '图书', 1),
(7284, '课程', '建筑', 2),
(7285, '课程', '魔女', 0),
(7286, '课程', '达文西', 1),
(7287, '课程', '匈牙利', 0),
(7288, '课程', '车子', 4),
(7289, '课程', '国防', 0),
(7290, '课程', '针灸', 0),
(7291, '课程', '地球', 0),
(7292, '课程', '教育', 4),
(7293, '课程', '感恩', 0),
(7294, '课程', '妈妈', 3),
(7295, '课程', '动画', 0),
(7296, '课程', '流感', 0),
(7297, '课程', '安东尼', 0),
(7298, '课程', '实话', 1),
(7299, '课程', '测试', 1),
(7300, '课程', '德福', 0),
(7301, '课程', '法制教育', 0),
(7302, '课程', '土地', 2),
(7303, '课程', '寄居蟹', 0),
(7304, '课程', '安东尼奥', 0),
(7305, '课程', '尼奥', 0),
(7306, '课程', '用药', 0),
(7307, '课程', '国王', 0),
(7308, '课程', '轮子', 0),
(7309, '课程', '安东', 0),
(7310, '课程', '小朋友', 2),
(7311, '课程', '朋友', 4),
(7312, '课程', '猴子', 2),
(7313, '课程', '能源', 2),
(7314, '课程', '故事', 1),
(7315, '课程', '防灾', 0),
(7316, '课程', '樱花', 0),
(7317, '课程', '条文', 0),
(7318, '课程', '设备', 2),
(7319, '课程', '设计师', 4),
(7320, '课程', '父子', 0),
(7321, '课程', '产品', 3),
(7322, '课程', '口罩', 0),
(7323, '课程', '垃圾', 0),
(7324, '课程', '药局', 0),
(7325, '课程', '手语', 0),
(7326, '课程', '偏向', 1),
(7327, '法制教育', '运动', 0),
(7328, '法制教育', '螃蟹', 0),
(7329, '法制教育', '乐器', 0),
(7330, '法制教育', '华佗', 0),
(7331, '法制教育', '诺瓦', 0),
(7332, '法制教育', '选择', 0),
(7333, '法制教育', '害羞', 0),
(7334, '法制教育', '张衡', 0),
(7335, '法制教育', '红毛', 0),
(7336, '法制教育', '华语', 0),
(7337, '法制教育', '阅读', 0),
(7338, '法制教育', '恐龙', 0),
(7339, '法制教育', '意识', 0),
(7340, '法制教育', '智库', 0),
(7341, '法制教育', '教科书', 0),
(7342, '法制教育', '宠物', 0),
(7343, '法制教育', '用户', 0),
(7344, '法制教育', '青年', 0),
(7345, '法制教育', '数学', 0),
(7346, '法制教育', '味道', 0),
(7347, '法制教育', '飞利浦', 0),
(7348, '法制教育', '想像力', 0),
(7349, '法制教育', '孩子', 2),
(7350, '法制教育', '五专', 0),
(7351, '法制教育', '服务', 0),
(7352, '法制教育', '职工', 0),
(7353, '法制教育', '教科', 1),
(7354, '法制教育', '节能', 0),
(7355, '法制教育', '海鸥', 0),
(7356, '法制教育', '种子', 0),
(7357, '法制教育', '登革热', 0),
(7358, '法制教育', '素养', 0),
(7359, '法制教育', '拖鞋', 0),
(7360, '法制教育', '数位', 0),
(7361, '法制教育', '猕猴', 0),
(7362, '法制教育', '法制', 2),
(7363, '法制教育', '伤口', 0),
(7364, '法制教育', '长辈', 0),
(7365, '法制教育', '小龙', 0),
(7366, '法制教育', '体验', 0),
(7367, '法制教育', '商品', 0),
(7368, '法制教育', '癌症', 0),
(7369, '法制教育', '说实话', 0),
(7370, '法制教育', '搬家', 0),
(7371, '法制教育', '检测', 0),
(7372, '法制教育', '学生会', 0),
(7373, '法制教育', '啊啊啊', 0),
(7374, '法制教育', '品德', 1),
(7375, '法制教育', '昆虫', 0),
(7376, '法制教育', '书馆', 0),
(7377, '法制教育', '英文', 0),
(7378, '法制教育', '想像', 0),
(7379, '法制教育', '诊病', 0),
(7380, '法制教育', '图书馆', 0),
(7381, '法制教育', '专利', 0),
(7382, '法制教育', '图书', 0),
(7383, '法制教育', '建筑', 0),
(7384, '法制教育', '魔女', 0),
(7385, '法制教育', '达文西', 0),
(7386, '法制教育', '匈牙利', 0),
(7387, '法制教育', '车子', 0),
(7388, '法制教育', '国防', 0),
(7389, '法制教育', '针灸', 0),
(7390, '法制教育', '地球', 1),
(7391, '法制教育', '教育', 2),
(7392, '法制教育', '感恩', 0),
(7393, '法制教育', '妈妈', 0),
(7394, '法制教育', '动画', 0),
(7395, '法制教育', '流感', 0),
(7396, '法制教育', '安东尼', 0),
(7397, '法制教育', '实话', 0),
(7398, '法制教育', '测试', 0),
(7399, '法制教育', '德福', 0),
(7400, '法制教育', '课程', 0),
(7401, '法制教育', '土地', 1),
(7402, '法制教育', '寄居蟹', 0),
(7403, '法制教育', '安东尼奥', 0),
(7404, '法制教育', '尼奥', 0),
(7405, '法制教育', '用药', 0),
(7406, '法制教育', '国王', 0),
(7407, '法制教育', '轮子', 0),
(7408, '法制教育', '安东', 0),
(7409, '法制教育', '小朋友', 2),
(7410, '法制教育', '朋友', 2),
(7411, '法制教育', '猴子', 0),
(7412, '法制教育', '能源', 0),
(7413, '法制教育', '故事', 2),
(7414, '法制教育', '防灾', 0),
(7415, '法制教育', '樱花', 0),
(7416, '法制教育', '条文', 0),
(7417, '法制教育', '设备', 0),
(7418, '法制教育', '设计师', 0),
(7419, '法制教育', '父子', 0),
(7420, '法制教育', '产品', 0),
(7421, '法制教育', '口罩', 0),
(7422, '法制教育', '垃圾', 0),
(7423, '法制教育', '药局', 0),
(7424, '法制教育', '手语', 0),
(7425, '法制教育', '偏向', 0),
(7426, '土地', '运动', 1),
(7427, '土地', '螃蟹', 0),
(7428, '土地', '乐器', 0),
(7429, '土地', '华佗', 0),
(7430, '土地', '诺瓦', 0),
(7431, '土地', '选择', 1),
(7432, '土地', '害羞', 0),
(7433, '土地', '张衡', 0),
(7434, '土地', '红毛', 0),
(7435, '土地', '华语', 0),
(7436, '土地', '阅读', 1),
(7437, '土地', '恐龙', 0),
(7438, '土地', '意识', 0),
(7439, '土地', '智库', 0),
(7440, '土地', '教科书', 0),
(7441, '土地', '宠物', 0),
(7442, '土地', '用户', 2),
(7443, '土地', '青年', 17),
(7444, '土地', '数学', 0),
(7445, '土地', '味道', 6),
(7446, '土地', '飞利浦', 0),
(7447, '土地', '想像力', 5),
(7448, '土地', '孩子', 38),
(7449, '土地', '五专', 0),
(7450, '土地', '服务', 1),
(7451, '土地', '职工', 0),
(7452, '土地', '教科', 5),
(7453, '土地', '节能', 0),
(7454, '土地', '海鸥', 0),
(7455, '土地', '种子', 0),
(7456, '土地', '登革热', 0),
(7457, '土地', '素养', 0),
(7458, '土地', '拖鞋', 1),
(7459, '土地', '数位', 1),
(7460, '土地', '猕猴', 0),
(7461, '土地', '法制', 2),
(7462, '土地', '伤口', 0),
(7463, '土地', '长辈', 0),
(7464, '土地', '小龙', 0),
(7465, '土地', '体验', 2),
(7466, '土地', '商品', 10),
(7467, '土地', '癌症', 6),
(7468, '土地', '说实话', 0),
(7469, '土地', '搬家', 1),
(7470, '土地', '检测', 0),
(7471, '土地', '学生会', 0),
(7472, '土地', '啊啊啊', 6),
(7473, '土地', '品德', 5),
(7474, '土地', '昆虫', 0),
(7475, '土地', '书馆', 2),
(7476, '土地', '英文', 14),
(7477, '土地', '想像', 14),
(7478, '土地', '诊病', 0),
(7479, '土地', '图书馆', 1),
(7480, '土地', '专利', 0),
(7481, '土地', '图书', 1),
(7482, '土地', '建筑', 1),
(7483, '土地', '魔女', 0),
(7484, '土地', '达文西', 0),
(7485, '土地', '匈牙利', 1),
(7486, '土地', '车子', 2),
(7487, '土地', '国防', 0),
(7488, '土地', '针灸', 0),
(7489, '土地', '地球', 9),
(7490, '土地', '教育', 45),
(7491, '土地', '感恩', 2),
(7492, '土地', '妈妈', 1),
(7493, '土地', '动画', 0),
(7494, '土地', '流感', 0),
(7495, '土地', '安东尼', 0),
(7496, '土地', '实话', 0),
(7497, '土地', '测试', 0),
(7498, '土地', '德福', 0),
(7499, '土地', '课程', 2),
(7500, '土地', '法制教育', 1),
(7501, '土地', '寄居蟹', 1),
(7502, '土地', '安东尼奥', 0),
(7503, '土地', '尼奥', 0),
(7504, '土地', '用药', 0),
(7505, '土地', '国王', 0),
(7506, '土地', '轮子', 0),
(7507, '土地', '安东', 0),
(7508, '土地', '小朋友', 22),
(7509, '土地', '朋友', 45),
(7510, '土地', '猴子', 6),
(7511, '土地', '能源', 3),
(7512, '土地', '故事', 33),
(7513, '土地', '防灾', 0),
(7514, '土地', '樱花', 0),
(7515, '土地', '条文', 0),
(7516, '土地', '设备', 0),
(7517, '土地', '设计师', 2),
(7518, '土地', '父子', 1),
(7519, '土地', '产品', 1),
(7520, '土地', '口罩', 0),
(7521, '土地', '垃圾', 6),
(7522, '土地', '药局', 0),
(7523, '土地', '手语', 0),
(7524, '土地', '偏向', 8),
(7525, '寄居蟹', '运动', 0),
(7526, '寄居蟹', '螃蟹', 1),
(7527, '寄居蟹', '乐器', 0),
(7528, '寄居蟹', '华佗', 0),
(7529, '寄居蟹', '诺瓦', 0),
(7530, '寄居蟹', '选择', 0),
(7531, '寄居蟹', '害羞', 0),
(7532, '寄居蟹', '张衡', 0),
(7533, '寄居蟹', '红毛', 0),
(7534, '寄居蟹', '华语', 0),
(7535, '寄居蟹', '阅读', 0),
(7536, '寄居蟹', '恐龙', 0),
(7537, '寄居蟹', '意识', 0),
(7538, '寄居蟹', '智库', 0),
(7539, '寄居蟹', '教科书', 0),
(7540, '寄居蟹', '宠物', 0),
(7541, '寄居蟹', '用户', 0),
(7542, '寄居蟹', '青年', 1),
(7543, '寄居蟹', '数学', 0),
(7544, '寄居蟹', '味道', 0),
(7545, '寄居蟹', '飞利浦', 0),
(7546, '寄居蟹', '想像力', 1),
(7547, '寄居蟹', '孩子', 2),
(7548, '寄居蟹', '五专', 0),
(7549, '寄居蟹', '服务', 0),
(7550, '寄居蟹', '职工', 0),
(7551, '寄居蟹', '教科', 0),
(7552, '寄居蟹', '节能', 0),
(7553, '寄居蟹', '海鸥', 0),
(7554, '寄居蟹', '种子', 0),
(7555, '寄居蟹', '登革热', 0),
(7556, '寄居蟹', '素养', 0),
(7557, '寄居蟹', '拖鞋', 0),
(7558, '寄居蟹', '数位', 0),
(7559, '寄居蟹', '猕猴', 0),
(7560, '寄居蟹', '法制', 0),
(7561, '寄居蟹', '伤口', 0),
(7562, '寄居蟹', '长辈', 0),
(7563, '寄居蟹', '小龙', 0),
(7564, '寄居蟹', '体验', 0),
(7565, '寄居蟹', '商品', 0),
(7566, '寄居蟹', '癌症', 0),
(7567, '寄居蟹', '说实话', 0),
(7568, '寄居蟹', '搬家', 0),
(7569, '寄居蟹', '检测', 0),
(7570, '寄居蟹', '学生会', 0),
(7571, '寄居蟹', '啊啊啊', 0),
(7572, '寄居蟹', '品德', 0),
(7573, '寄居蟹', '昆虫', 0),
(7574, '寄居蟹', '书馆', 0),
(7575, '寄居蟹', '英文', 1),
(7576, '寄居蟹', '想像', 2),
(7577, '寄居蟹', '诊病', 0),
(7578, '寄居蟹', '图书馆', 0),
(7579, '寄居蟹', '专利', 0),
(7580, '寄居蟹', '图书', 0),
(7581, '寄居蟹', '建筑', 0),
(7582, '寄居蟹', '魔女', 0),
(7583, '寄居蟹', '达文西', 0),
(7584, '寄居蟹', '匈牙利', 0),
(7585, '寄居蟹', '车子', 0),
(7586, '寄居蟹', '国防', 0),
(7587, '寄居蟹', '针灸', 0),
(7588, '寄居蟹', '地球', 0),
(7589, '寄居蟹', '教育', 2),
(7590, '寄居蟹', '感恩', 0),
(7591, '寄居蟹', '妈妈', 0),
(7592, '寄居蟹', '动画', 0),
(7593, '寄居蟹', '流感', 0),
(7594, '寄居蟹', '安东尼', 0),
(7595, '寄居蟹', '实话', 0),
(7596, '寄居蟹', '测试', 0),
(7597, '寄居蟹', '德福', 0),
(7598, '寄居蟹', '课程', 0),
(7599, '寄居蟹', '法制教育', 0),
(7600, '寄居蟹', '土地', 1),
(7601, '寄居蟹', '安东尼奥', 0),
(7602, '寄居蟹', '尼奥', 0),
(7603, '寄居蟹', '用药', 0),
(7604, '寄居蟹', '国王', 0),
(7605, '寄居蟹', '轮子', 0),
(7606, '寄居蟹', '安东', 0),
(7607, '寄居蟹', '小朋友', 2),
(7608, '寄居蟹', '朋友', 2),
(7609, '寄居蟹', '猴子', 0),
(7610, '寄居蟹', '能源', 0),
(7611, '寄居蟹', '故事', 2),
(7612, '寄居蟹', '防灾', 0),
(7613, '寄居蟹', '樱花', 0),
(7614, '寄居蟹', '条文', 0),
(7615, '寄居蟹', '设备', 0),
(7616, '寄居蟹', '设计师', 0),
(7617, '寄居蟹', '父子', 0),
(7618, '寄居蟹', '产品', 0),
(7619, '寄居蟹', '口罩', 0),
(7620, '寄居蟹', '垃圾', 2),
(7621, '寄居蟹', '药局', 0),
(7622, '寄居蟹', '手语', 0),
(7623, '寄居蟹', '偏向', 0),
(7624, '安东尼奥', '运动', 0),
(7625, '安东尼奥', '螃蟹', 0),
(7626, '安东尼奥', '乐器', 0),
(7627, '安东尼奥', '华佗', 0),
(7628, '安东尼奥', '诺瓦', 0),
(7629, '安东尼奥', '选择', 0),
(7630, '安东尼奥', '害羞', 0),
(7631, '安东尼奥', '张衡', 0),
(7632, '安东尼奥', '红毛', 0),
(7633, '安东尼奥', '华语', 0),
(7634, '安东尼奥', '阅读', 0),
(7635, '安东尼奥', '恐龙', 0),
(7636, '安东尼奥', '意识', 0),
(7637, '安东尼奥', '智库', 0),
(7638, '安东尼奥', '教科书', 0),
(7639, '安东尼奥', '宠物', 0),
(7640, '安东尼奥', '用户', 0),
(7641, '安东尼奥', '青年', 0),
(7642, '安东尼奥', '数学', 0),
(7643, '安东尼奥', '味道', 0),
(7644, '安东尼奥', '飞利浦', 0),
(7645, '安东尼奥', '想像力', 0),
(7646, '安东尼奥', '孩子', 0),
(7647, '安东尼奥', '五专', 0),
(7648, '安东尼奥', '服务', 0),
(7649, '安东尼奥', '职工', 0),
(7650, '安东尼奥', '教科', 0),
(7651, '安东尼奥', '节能', 0),
(7652, '安东尼奥', '海鸥', 0),
(7653, '安东尼奥', '种子', 0),
(7654, '安东尼奥', '登革热', 0),
(7655, '安东尼奥', '素养', 0),
(7656, '安东尼奥', '拖鞋', 0),
(7657, '安东尼奥', '数位', 0),
(7658, '安东尼奥', '猕猴', 0),
(7659, '安东尼奥', '法制', 0),
(7660, '安东尼奥', '伤口', 0),
(7661, '安东尼奥', '长辈', 0),
(7662, '安东尼奥', '小龙', 0),
(7663, '安东尼奥', '体验', 0),
(7664, '安东尼奥', '商品', 0),
(7665, '安东尼奥', '癌症', 0),
(7666, '安东尼奥', '说实话', 0),
(7667, '安东尼奥', '搬家', 0),
(7668, '安东尼奥', '检测', 0),
(7669, '安东尼奥', '学生会', 0),
(7670, '安东尼奥', '啊啊啊', 0),
(7671, '安东尼奥', '品德', 0),
(7672, '安东尼奥', '昆虫', 0),
(7673, '安东尼奥', '书馆', 0),
(7674, '安东尼奥', '英文', 0),
(7675, '安东尼奥', '想像', 0),
(7676, '安东尼奥', '诊病', 0),
(7677, '安东尼奥', '图书馆', 0),
(7678, '安东尼奥', '专利', 0),
(7679, '安东尼奥', '图书', 0),
(7680, '安东尼奥', '建筑', 0),
(7681, '安东尼奥', '魔女', 0),
(7682, '安东尼奥', '达文西', 0),
(7683, '安东尼奥', '匈牙利', 0),
(7684, '安东尼奥', '车子', 0),
(7685, '安东尼奥', '国防', 0),
(7686, '安东尼奥', '针灸', 0),
(7687, '安东尼奥', '地球', 0),
(7688, '安东尼奥', '教育', 0),
(7689, '安东尼奥', '感恩', 0),
(7690, '安东尼奥', '妈妈', 0),
(7691, '安东尼奥', '动画', 0),
(7692, '安东尼奥', '流感', 0),
(7693, '安东尼奥', '安东尼', 0),
(7694, '安东尼奥', '实话', 0),
(7695, '安东尼奥', '测试', 0),
(7696, '安东尼奥', '德福', 0),
(7697, '安东尼奥', '课程', 0),
(7698, '安东尼奥', '法制教育', 0),
(7699, '安东尼奥', '土地', 0),
(7700, '安东尼奥', '寄居蟹', 0),
(7701, '安东尼奥', '尼奥', 0),
(7702, '安东尼奥', '用药', 0),
(7703, '安东尼奥', '国王', 0),
(7704, '安东尼奥', '轮子', 0),
(7705, '安东尼奥', '安东', 0),
(7706, '安东尼奥', '小朋友', 0),
(7707, '安东尼奥', '朋友', 0),
(7708, '安东尼奥', '猴子', 0),
(7709, '安东尼奥', '能源', 0),
(7710, '安东尼奥', '故事', 0),
(7711, '安东尼奥', '防灾', 0),
(7712, '安东尼奥', '樱花', 0),
(7713, '安东尼奥', '条文', 0),
(7714, '安东尼奥', '设备', 0),
(7715, '安东尼奥', '设计师', 0),
(7716, '安东尼奥', '父子', 0),
(7717, '安东尼奥', '产品', 0),
(7718, '安东尼奥', '口罩', 0),
(7719, '安东尼奥', '垃圾', 0),
(7720, '安东尼奥', '药局', 0),
(7721, '安东尼奥', '手语', 0),
(7722, '安东尼奥', '偏向', 0),
(7723, '尼奥', '运动', 0),
(7724, '尼奥', '螃蟹', 0),
(7725, '尼奥', '乐器', 0),
(7726, '尼奥', '华佗', 0),
(7727, '尼奥', '诺瓦', 0),
(7728, '尼奥', '选择', 0),
(7729, '尼奥', '害羞', 0),
(7730, '尼奥', '张衡', 0),
(7731, '尼奥', '红毛', 0),
(7732, '尼奥', '华语', 0),
(7733, '尼奥', '阅读', 0),
(7734, '尼奥', '恐龙', 0),
(7735, '尼奥', '意识', 0),
(7736, '尼奥', '智库', 0),
(7737, '尼奥', '教科书', 0),
(7738, '尼奥', '宠物', 0),
(7739, '尼奥', '用户', 0),
(7740, '尼奥', '青年', 0),
(7741, '尼奥', '数学', 0),
(7742, '尼奥', '味道', 0),
(7743, '尼奥', '飞利浦', 0),
(7744, '尼奥', '想像力', 0),
(7745, '尼奥', '孩子', 0),
(7746, '尼奥', '五专', 0),
(7747, '尼奥', '服务', 0),
(7748, '尼奥', '职工', 0),
(7749, '尼奥', '教科', 0),
(7750, '尼奥', '节能', 0),
(7751, '尼奥', '海鸥', 0),
(7752, '尼奥', '种子', 0),
(7753, '尼奥', '登革热', 0),
(7754, '尼奥', '素养', 0),
(7755, '尼奥', '拖鞋', 0),
(7756, '尼奥', '数位', 0),
(7757, '尼奥', '猕猴', 0),
(7758, '尼奥', '法制', 0),
(7759, '尼奥', '伤口', 0),
(7760, '尼奥', '长辈', 0),
(7761, '尼奥', '小龙', 0),
(7762, '尼奥', '体验', 0),
(7763, '尼奥', '商品', 0),
(7764, '尼奥', '癌症', 0),
(7765, '尼奥', '说实话', 0),
(7766, '尼奥', '搬家', 0),
(7767, '尼奥', '检测', 0),
(7768, '尼奥', '学生会', 0),
(7769, '尼奥', '啊啊啊', 0),
(7770, '尼奥', '品德', 0),
(7771, '尼奥', '昆虫', 0),
(7772, '尼奥', '书馆', 0),
(7773, '尼奥', '英文', 0),
(7774, '尼奥', '想像', 0),
(7775, '尼奥', '诊病', 0),
(7776, '尼奥', '图书馆', 0),
(7777, '尼奥', '专利', 0),
(7778, '尼奥', '图书', 0),
(7779, '尼奥', '建筑', 0),
(7780, '尼奥', '魔女', 0),
(7781, '尼奥', '达文西', 0),
(7782, '尼奥', '匈牙利', 0),
(7783, '尼奥', '车子', 0),
(7784, '尼奥', '国防', 0),
(7785, '尼奥', '针灸', 0),
(7786, '尼奥', '地球', 0),
(7787, '尼奥', '教育', 0),
(7788, '尼奥', '感恩', 0),
(7789, '尼奥', '妈妈', 0),
(7790, '尼奥', '动画', 0),
(7791, '尼奥', '流感', 0),
(7792, '尼奥', '安东尼', 0),
(7793, '尼奥', '实话', 0),
(7794, '尼奥', '测试', 0),
(7795, '尼奥', '德福', 0),
(7796, '尼奥', '课程', 0),
(7797, '尼奥', '法制教育', 0),
(7798, '尼奥', '土地', 0),
(7799, '尼奥', '寄居蟹', 0),
(7800, '尼奥', '安东尼奥', 0),
(7801, '尼奥', '用药', 0),
(7802, '尼奥', '国王', 0),
(7803, '尼奥', '轮子', 0),
(7804, '尼奥', '安东', 0),
(7805, '尼奥', '小朋友', 0),
(7806, '尼奥', '朋友', 0),
(7807, '尼奥', '猴子', 0),
(7808, '尼奥', '能源', 0),
(7809, '尼奥', '故事', 0),
(7810, '尼奥', '防灾', 0),
(7811, '尼奥', '樱花', 0),
(7812, '尼奥', '条文', 0),
(7813, '尼奥', '设备', 0),
(7814, '尼奥', '设计师', 0),
(7815, '尼奥', '父子', 0),
(7816, '尼奥', '产品', 0),
(7817, '尼奥', '口罩', 0),
(7818, '尼奥', '垃圾', 0),
(7819, '尼奥', '药局', 0),
(7820, '尼奥', '手语', 0),
(7821, '尼奥', '偏向', 0),
(7822, '用药', '运动', 0),
(7823, '用药', '螃蟹', 0),
(7824, '用药', '乐器', 0),
(7825, '用药', '华佗', 0),
(7826, '用药', '诺瓦', 0),
(7827, '用药', '选择', 1),
(7828, '用药', '害羞', 0),
(7829, '用药', '张衡', 0),
(7830, '用药', '红毛', 0),
(7831, '用药', '华语', 0),
(7832, '用药', '阅读', 0),
(7833, '用药', '恐龙', 0),
(7834, '用药', '意识', 0),
(7835, '用药', '智库', 0),
(7836, '用药', '教科书', 0),
(7837, '用药', '宠物', 0),
(7838, '用药', '用户', 1),
(7839, '用药', '青年', 0),
(7840, '用药', '数学', 0),
(7841, '用药', '味道', 0),
(7842, '用药', '飞利浦', 0),
(7843, '用药', '想像力', 0),
(7844, '用药', '孩子', 0),
(7845, '用药', '五专', 0),
(7846, '用药', '服务', 1),
(7847, '用药', '职工', 0),
(7848, '用药', '教科', 0),
(7849, '用药', '节能', 0),
(7850, '用药', '海鸥', 0),
(7851, '用药', '种子', 0),
(7852, '用药', '登革热', 0),
(7853, '用药', '素养', 0),
(7854, '用药', '拖鞋', 0),
(7855, '用药', '数位', 0),
(7856, '用药', '猕猴', 0),
(7857, '用药', '法制', 0),
(7858, '用药', '伤口', 0),
(7859, '用药', '长辈', 0),
(7860, '用药', '小龙', 0),
(7861, '用药', '体验', 1),
(7862, '用药', '商品', 0),
(7863, '用药', '癌症', 0),
(7864, '用药', '说实话', 0),
(7865, '用药', '搬家', 0),
(7866, '用药', '检测', 0),
(7867, '用药', '学生会', 0),
(7868, '用药', '啊啊啊', 0),
(7869, '用药', '品德', 0),
(7870, '用药', '昆虫', 0),
(7871, '用药', '书馆', 0),
(7872, '用药', '英文', 1),
(7873, '用药', '想像', 0),
(7874, '用药', '诊病', 0),
(7875, '用药', '图书馆', 0),
(7876, '用药', '专利', 0),
(7877, '用药', '图书', 0),
(7878, '用药', '建筑', 0),
(7879, '用药', '魔女', 0),
(7880, '用药', '达文西', 0),
(7881, '用药', '匈牙利', 0),
(7882, '用药', '车子', 1),
(7883, '用药', '国防', 0),
(7884, '用药', '针灸', 0),
(7885, '用药', '地球', 0),
(7886, '用药', '教育', 1),
(7887, '用药', '感恩', 0),
(7888, '用药', '妈妈', 0),
(7889, '用药', '动画', 0),
(7890, '用药', '流感', 0),
(7891, '用药', '安东尼', 0),
(7892, '用药', '实话', 0),
(7893, '用药', '测试', 1),
(7894, '用药', '德福', 0),
(7895, '用药', '课程', 0),
(7896, '用药', '法制教育', 0),
(7897, '用药', '土地', 0),
(7898, '用药', '寄居蟹', 0),
(7899, '用药', '安东尼奥', 0),
(7900, '用药', '尼奥', 0),
(7901, '用药', '国王', 0),
(7902, '用药', '轮子', 1),
(7903, '用药', '安东', 0),
(7904, '用药', '小朋友', 0),
(7905, '用药', '朋友', 1),
(7906, '用药', '猴子', 0),
(7907, '用药', '能源', 1),
(7908, '用药', '故事', 1),
(7909, '用药', '防灾', 0),
(7910, '用药', '樱花', 0),
(7911, '用药', '条文', 0),
(7912, '用药', '设备', 1),
(7913, '用药', '设计师', 1),
(7914, '用药', '父子', 0),
(7915, '用药', '产品', 1),
(7916, '用药', '口罩', 0),
(7917, '用药', '垃圾', 0),
(7918, '用药', '药局', 0),
(7919, '用药', '手语', 0),
(7920, '用药', '偏向', 0),
(7921, '国王', '运动', 0),
(7922, '国王', '螃蟹', 0),
(7923, '国王', '乐器', 0),
(7924, '国王', '华佗', 0),
(7925, '国王', '诺瓦', 0),
(7926, '国王', '选择', 0),
(7927, '国王', '害羞', 0),
(7928, '国王', '张衡', 0),
(7929, '国王', '红毛', 0),
(7930, '国王', '华语', 0),
(7931, '国王', '阅读', 0),
(7932, '国王', '恐龙', 0),
(7933, '国王', '意识', 0),
(7934, '国王', '智库', 0),
(7935, '国王', '教科书', 0),
(7936, '国王', '宠物', 0),
(7937, '国王', '用户', 0),
(7938, '国王', '青年', 0),
(7939, '国王', '数学', 0),
(7940, '国王', '味道', 0),
(7941, '国王', '飞利浦', 0),
(7942, '国王', '想像力', 0),
(7943, '国王', '孩子', 0),
(7944, '国王', '五专', 0),
(7945, '国王', '服务', 0),
(7946, '国王', '职工', 0),
(7947, '国王', '教科', 0),
(7948, '国王', '节能', 0),
(7949, '国王', '海鸥', 0),
(7950, '国王', '种子', 0),
(7951, '国王', '登革热', 0),
(7952, '国王', '素养', 0),
(7953, '国王', '拖鞋', 0),
(7954, '国王', '数位', 0),
(7955, '国王', '猕猴', 0),
(7956, '国王', '法制', 0),
(7957, '国王', '伤口', 0),
(7958, '国王', '长辈', 0),
(7959, '国王', '小龙', 0),
(7960, '国王', '体验', 0),
(7961, '国王', '商品', 0),
(7962, '国王', '癌症', 0),
(7963, '国王', '说实话', 0),
(7964, '国王', '搬家', 0),
(7965, '国王', '检测', 0),
(7966, '国王', '学生会', 0),
(7967, '国王', '啊啊啊', 0),
(7968, '国王', '品德', 0),
(7969, '国王', '昆虫', 0),
(7970, '国王', '书馆', 0),
(7971, '国王', '英文', 0),
(7972, '国王', '想像', 0),
(7973, '国王', '诊病', 0),
(7974, '国王', '图书馆', 0),
(7975, '国王', '专利', 0),
(7976, '国王', '图书', 0),
(7977, '国王', '建筑', 0),
(7978, '国王', '魔女', 0),
(7979, '国王', '达文西', 0),
(7980, '国王', '匈牙利', 0),
(7981, '国王', '车子', 0),
(7982, '国王', '国防', 0),
(7983, '国王', '针灸', 0),
(7984, '国王', '地球', 0),
(7985, '国王', '教育', 0),
(7986, '国王', '感恩', 0),
(7987, '国王', '妈妈', 0),
(7988, '国王', '动画', 0),
(7989, '国王', '流感', 0),
(7990, '国王', '安东尼', 0),
(7991, '国王', '实话', 0),
(7992, '国王', '测试', 0),
(7993, '国王', '德福', 0),
(7994, '国王', '课程', 0),
(7995, '国王', '法制教育', 0),
(7996, '国王', '土地', 0),
(7997, '国王', '寄居蟹', 0),
(7998, '国王', '安东尼奥', 0),
(7999, '国王', '尼奥', 0),
(8000, '国王', '用药', 0),
(8001, '国王', '轮子', 0),
(8002, '国王', '安东', 0),
(8003, '国王', '小朋友', 0),
(8004, '国王', '朋友', 0),
(8005, '国王', '猴子', 0),
(8006, '国王', '能源', 0),
(8007, '国王', '故事', 0),
(8008, '国王', '防灾', 0),
(8009, '国王', '樱花', 0),
(8010, '国王', '条文', 0),
(8011, '国王', '设备', 0),
(8012, '国王', '设计师', 0),
(8013, '国王', '父子', 0),
(8014, '国王', '产品', 0),
(8015, '国王', '口罩', 0),
(8016, '国王', '垃圾', 0),
(8017, '国王', '药局', 0),
(8018, '国王', '手语', 0),
(8019, '国王', '偏向', 0),
(8020, '轮子', '运动', 0),
(8021, '轮子', '螃蟹', 0),
(8022, '轮子', '乐器', 0),
(8023, '轮子', '华佗', 0),
(8024, '轮子', '诺瓦', 0),
(8025, '轮子', '选择', 1),
(8026, '轮子', '害羞', 0),
(8027, '轮子', '张衡', 0),
(8028, '轮子', '红毛', 0),
(8029, '轮子', '华语', 0),
(8030, '轮子', '阅读', 0),
(8031, '轮子', '恐龙', 0),
(8032, '轮子', '意识', 0),
(8033, '轮子', '智库', 0),
(8034, '轮子', '教科书', 0),
(8035, '轮子', '宠物', 0),
(8036, '轮子', '用户', 1),
(8037, '轮子', '青年', 0),
(8038, '轮子', '数学', 0),
(8039, '轮子', '味道', 0),
(8040, '轮子', '飞利浦', 0),
(8041, '轮子', '想像力', 0),
(8042, '轮子', '孩子', 0),
(8043, '轮子', '五专', 0),
(8044, '轮子', '服务', 1),
(8045, '轮子', '职工', 0),
(8046, '轮子', '教科', 0),
(8047, '轮子', '节能', 0),
(8048, '轮子', '海鸥', 0),
(8049, '轮子', '种子', 0),
(8050, '轮子', '登革热', 0),
(8051, '轮子', '素养', 0),
(8052, '轮子', '拖鞋', 0),
(8053, '轮子', '数位', 0),
(8054, '轮子', '猕猴', 0),
(8055, '轮子', '法制', 0),
(8056, '轮子', '伤口', 0),
(8057, '轮子', '长辈', 0),
(8058, '轮子', '小龙', 0),
(8059, '轮子', '体验', 1),
(8060, '轮子', '商品', 0),
(8061, '轮子', '癌症', 0),
(8062, '轮子', '说实话', 0),
(8063, '轮子', '搬家', 0),
(8064, '轮子', '检测', 0),
(8065, '轮子', '学生会', 0),
(8066, '轮子', '啊啊啊', 0),
(8067, '轮子', '品德', 0),
(8068, '轮子', '昆虫', 0),
(8069, '轮子', '书馆', 0),
(8070, '轮子', '英文', 1),
(8071, '轮子', '想像', 0),
(8072, '轮子', '诊病', 0),
(8073, '轮子', '图书馆', 0),
(8074, '轮子', '专利', 0),
(8075, '轮子', '图书', 0),
(8076, '轮子', '建筑', 0),
(8077, '轮子', '魔女', 0),
(8078, '轮子', '达文西', 0),
(8079, '轮子', '匈牙利', 0),
(8080, '轮子', '车子', 1),
(8081, '轮子', '国防', 0),
(8082, '轮子', '针灸', 0),
(8083, '轮子', '地球', 0),
(8084, '轮子', '教育', 1),
(8085, '轮子', '感恩', 0),
(8086, '轮子', '妈妈', 0),
(8087, '轮子', '动画', 0),
(8088, '轮子', '流感', 0),
(8089, '轮子', '安东尼', 0),
(8090, '轮子', '实话', 0),
(8091, '轮子', '测试', 1),
(8092, '轮子', '德福', 0),
(8093, '轮子', '课程', 0),
(8094, '轮子', '法制教育', 0),
(8095, '轮子', '土地', 0),
(8096, '轮子', '寄居蟹', 0),
(8097, '轮子', '安东尼奥', 0),
(8098, '轮子', '尼奥', 0),
(8099, '轮子', '用药', 1),
(8100, '轮子', '国王', 0),
(8101, '轮子', '安东', 0),
(8102, '轮子', '小朋友', 0),
(8103, '轮子', '朋友', 1),
(8104, '轮子', '猴子', 0),
(8105, '轮子', '能源', 1),
(8106, '轮子', '故事', 1),
(8107, '轮子', '防灾', 0),
(8108, '轮子', '樱花', 0),
(8109, '轮子', '条文', 0),
(8110, '轮子', '设备', 1),
(8111, '轮子', '设计师', 1),
(8112, '轮子', '父子', 0),
(8113, '轮子', '产品', 1),
(8114, '轮子', '口罩', 0),
(8115, '轮子', '垃圾', 0),
(8116, '轮子', '药局', 0),
(8117, '轮子', '手语', 0),
(8118, '轮子', '偏向', 0),
(8119, '安东', '运动', 0),
(8120, '安东', '螃蟹', 0),
(8121, '安东', '乐器', 0),
(8122, '安东', '华佗', 0),
(8123, '安东', '诺瓦', 0),
(8124, '安东', '选择', 0),
(8125, '安东', '害羞', 0),
(8126, '安东', '张衡', 0),
(8127, '安东', '红毛', 0),
(8128, '安东', '华语', 0),
(8129, '安东', '阅读', 0),
(8130, '安东', '恐龙', 0),
(8131, '安东', '意识', 0),
(8132, '安东', '智库', 0),
(8133, '安东', '教科书', 0),
(8134, '安东', '宠物', 0),
(8135, '安东', '用户', 0),
(8136, '安东', '青年', 0),
(8137, '安东', '数学', 0),
(8138, '安东', '味道', 0),
(8139, '安东', '飞利浦', 0),
(8140, '安东', '想像力', 0),
(8141, '安东', '孩子', 0),
(8142, '安东', '五专', 0),
(8143, '安东', '服务', 0),
(8144, '安东', '职工', 0),
(8145, '安东', '教科', 0),
(8146, '安东', '节能', 0),
(8147, '安东', '海鸥', 0),
(8148, '安东', '种子', 0),
(8149, '安东', '登革热', 0),
(8150, '安东', '素养', 0),
(8151, '安东', '拖鞋', 0),
(8152, '安东', '数位', 0),
(8153, '安东', '猕猴', 0),
(8154, '安东', '法制', 0),
(8155, '安东', '伤口', 0),
(8156, '安东', '长辈', 0),
(8157, '安东', '小龙', 0),
(8158, '安东', '体验', 0),
(8159, '安东', '商品', 0),
(8160, '安东', '癌症', 0),
(8161, '安东', '说实话', 0),
(8162, '安东', '搬家', 0),
(8163, '安东', '检测', 0),
(8164, '安东', '学生会', 0),
(8165, '安东', '啊啊啊', 0),
(8166, '安东', '品德', 0),
(8167, '安东', '昆虫', 0),
(8168, '安东', '书馆', 0),
(8169, '安东', '英文', 0),
(8170, '安东', '想像', 0),
(8171, '安东', '诊病', 0),
(8172, '安东', '图书馆', 0),
(8173, '安东', '专利', 0),
(8174, '安东', '图书', 0),
(8175, '安东', '建筑', 0),
(8176, '安东', '魔女', 0),
(8177, '安东', '达文西', 0),
(8178, '安东', '匈牙利', 0),
(8179, '安东', '车子', 0),
(8180, '安东', '国防', 0),
(8181, '安东', '针灸', 0),
(8182, '安东', '地球', 0),
(8183, '安东', '教育', 0),
(8184, '安东', '感恩', 0),
(8185, '安东', '妈妈', 0),
(8186, '安东', '动画', 0),
(8187, '安东', '流感', 0),
(8188, '安东', '安东尼', 0),
(8189, '安东', '实话', 0),
(8190, '安东', '测试', 0),
(8191, '安东', '德福', 0),
(8192, '安东', '课程', 0),
(8193, '安东', '法制教育', 0),
(8194, '安东', '土地', 0),
(8195, '安东', '寄居蟹', 0),
(8196, '安东', '安东尼奥', 0),
(8197, '安东', '尼奥', 0),
(8198, '安东', '用药', 0),
(8199, '安东', '国王', 0),
(8200, '安东', '轮子', 0),
(8201, '安东', '小朋友', 0),
(8202, '安东', '朋友', 0),
(8203, '安东', '猴子', 0),
(8204, '安东', '能源', 0),
(8205, '安东', '故事', 0),
(8206, '安东', '防灾', 0),
(8207, '安东', '樱花', 0),
(8208, '安东', '条文', 0),
(8209, '安东', '设备', 0),
(8210, '安东', '设计师', 0),
(8211, '安东', '父子', 0),
(8212, '安东', '产品', 0),
(8213, '安东', '口罩', 0),
(8214, '安东', '垃圾', 0),
(8215, '安东', '药局', 0),
(8216, '安东', '手语', 0),
(8217, '安东', '偏向', 0),
(8218, '小朋友', '运动', 1),
(8219, '小朋友', '螃蟹', 12),
(8220, '小朋友', '乐器', 0),
(8221, '小朋友', '华佗', 0),
(8222, '小朋友', '诺瓦', 0),
(8223, '小朋友', '选择', 1),
(8224, '小朋友', '害羞', 9),
(8225, '小朋友', '张衡', 0),
(8226, '小朋友', '红毛', 0),
(8227, '小朋友', '华语', 0),
(8228, '小朋友', '阅读', 1),
(8229, '小朋友', '恐龙', 0),
(8230, '小朋友', '意识', 1),
(8231, '小朋友', '智库', 0),
(8232, '小朋友', '教科书', 0),
(8233, '小朋友', '宠物', 0),
(8234, '小朋友', '用户', 2),
(8235, '小朋友', '青年', 29),
(8236, '小朋友', '数学', 1),
(8237, '小朋友', '味道', 26),
(8238, '小朋友', '飞利浦', 0),
(8239, '小朋友', '想像力', 24),
(8240, '小朋友', '孩子', 146),
(8241, '小朋友', '五专', 0),
(8242, '小朋友', '服务', 2),
(8243, '小朋友', '职工', 0),
(8244, '小朋友', '教科', 9),
(8245, '小朋友', '节能', 1),
(8246, '小朋友', '海鸥', 0),
(8247, '小朋友', '种子', 0),
(8248, '小朋友', '登革热', 0),
(8249, '小朋友', '素养', 0),
(8250, '小朋友', '拖鞋', 4),
(8251, '小朋友', '数位', 1),
(8252, '小朋友', '猕猴', 0),
(8253, '小朋友', '法制', 4),
(8254, '小朋友', '伤口', 1),
(8255, '小朋友', '长辈', 0),
(8256, '小朋友', '小龙', 0),
(8257, '小朋友', '体验', 2),
(8258, '小朋友', '商品', 16),
(8259, '小朋友', '癌症', 13),
(8260, '小朋友', '说实话', 0),
(8261, '小朋友', '搬家', 9),
(8262, '小朋友', '检测', 0),
(8263, '小朋友', '学生会', 0),
(8264, '小朋友', '啊啊啊', 33),
(8265, '小朋友', '品德', 9),
(8266, '小朋友', '昆虫', 0),
(8267, '小朋友', '书馆', 0),
(8268, '小朋友', '英文', 54),
(8269, '小朋友', '想像', 82),
(8270, '小朋友', '诊病', 0),
(8271, '小朋友', '图书馆', 0),
(8272, '小朋友', '专利', 0),
(8273, '小朋友', '图书', 0),
(8274, '小朋友', '建筑', 1),
(8275, '小朋友', '魔女', 3),
(8276, '小朋友', '达文西', 1),
(8277, '小朋友', '匈牙利', 1),
(8278, '小朋友', '车子', 2),
(8279, '小朋友', '国防', 0),
(8280, '小朋友', '针灸', 0),
(8281, '小朋友', '地球', 36),
(8282, '小朋友', '教育', 157),
(8283, '小朋友', '感恩', 4),
(8284, '小朋友', '妈妈', 2),
(8285, '小朋友', '动画', 0),
(8286, '小朋友', '流感', 3),
(8287, '小朋友', '安东尼', 0),
(8288, '小朋友', '实话', 1),
(8289, '小朋友', '测试', 1),
(8290, '小朋友', '德福', 6),
(8291, '小朋友', '课程', 2),
(8292, '小朋友', '法制教育', 2),
(8293, '小朋友', '土地', 22),
(8294, '小朋友', '寄居蟹', 2),
(8295, '小朋友', '安东尼奥', 0),
(8296, '小朋友', '尼奥', 0),
(8297, '小朋友', '用药', 0),
(8298, '小朋友', '国王', 0),
(8299, '小朋友', '轮子', 0),
(8300, '小朋友', '安东', 0),
(8301, '小朋友', '朋友', 167),
(8302, '小朋友', '猴子', 15),
(8303, '小朋友', '能源', 10),
(8304, '小朋友', '故事', 131),
(8305, '小朋友', '防灾', 0),
(8306, '小朋友', '樱花', 0),
(8307, '小朋友', '条文', 0),
(8308, '小朋友', '设备', 2),
(8309, '小朋友', '设计师', 2),
(8310, '小朋友', '父子', 6),
(8311, '小朋友', '产品', 2),
(8312, '小朋友', '口罩', 3),
(8313, '小朋友', '垃圾', 37),
(8314, '小朋友', '药局', 0),
(8315, '小朋友', '手语', 0),
(8316, '小朋友', '偏向', 24),
(8317, '朋友', '运动', 2),
(8318, '朋友', '螃蟹', 13),
(8319, '朋友', '乐器', 0),
(8320, '朋友', '华佗', 0),
(8321, '朋友', '诺瓦', 0),
(8322, '朋友', '选择', 3),
(8323, '朋友', '害羞', 10),
(8324, '朋友', '张衡', 0),
(8325, '朋友', '红毛', 0),
(8326, '朋友', '华语', 0),
(8327, '朋友', '阅读', 2),
(8328, '朋友', '恐龙', 0),
(8329, '朋友', '意识', 1),
(8330, '朋友', '智库', 0),
(8331, '朋友', '教科书', 0),
(8332, '朋友', '宠物', 0),
(8333, '朋友', '用户', 5),
(8334, '朋友', '青年', 52),
(8335, '朋友', '数学', 1),
(8336, '朋友', '味道', 32),
(8337, '朋友', '飞利浦', 0),
(8338, '朋友', '想像力', 26),
(8339, '朋友', '孩子', 210),
(8340, '朋友', '五专', 0),
(8341, '朋友', '服务', 4),
(8342, '朋友', '职工', 0),
(8343, '朋友', '教科', 23),
(8344, '朋友', '节能', 1),
(8345, '朋友', '海鸥', 0),
(8346, '朋友', '种子', 0),
(8347, '朋友', '登革热', 0),
(8348, '朋友', '素养', 0),
(8349, '朋友', '拖鞋', 6),
(8350, '朋友', '数位', 2),
(8351, '朋友', '猕猴', 0),
(8352, '朋友', '法制', 6),
(8353, '朋友', '伤口', 1),
(8354, '朋友', '长辈', 0),
(8355, '朋友', '小龙', 0),
(8356, '朋友', '体验', 5),
(8357, '朋友', '商品', 42),
(8358, '朋友', '癌症', 18),
(8359, '朋友', '说实话', 0),
(8360, '朋友', '搬家', 10),
(8361, '朋友', '检测', 0),
(8362, '朋友', '学生会', 0),
(8363, '朋友', '啊啊啊', 34),
(8364, '朋友', '品德', 17),
(8365, '朋友', '昆虫', 0),
(8366, '朋友', '书馆', 2),
(8367, '朋友', '英文', 81),
(8368, '朋友', '想像', 99),
(8369, '朋友', '诊病', 0),
(8370, '朋友', '图书馆', 1),
(8371, '朋友', '专利', 0),
(8372, '朋友', '图书', 1),
(8373, '朋友', '建筑', 2),
(8374, '朋友', '魔女', 3),
(8375, '朋友', '达文西', 1),
(8376, '朋友', '匈牙利', 2),
(8377, '朋友', '车子', 5),
(8378, '朋友', '国防', 0),
(8379, '朋友', '针灸', 0),
(8380, '朋友', '地球', 48),
(8381, '朋友', '教育', 253),
(8382, '朋友', '感恩', 7),
(8383, '朋友', '妈妈', 3),
(8384, '朋友', '动画', 0),
(8385, '朋友', '流感', 6),
(8386, '朋友', '安东尼', 0),
(8387, '朋友', '实话', 1),
(8388, '朋友', '测试', 2),
(8389, '朋友', '德福', 7),
(8390, '朋友', '课程', 4),
(8391, '朋友', '法制教育', 2),
(8392, '朋友', '土地', 45),
(8393, '朋友', '寄居蟹', 2),
(8394, '朋友', '安东尼奥', 0),
(8395, '朋友', '尼奥', 0),
(8396, '朋友', '用药', 1),
(8397, '朋友', '国王', 0),
(8398, '朋友', '轮子', 1),
(8399, '朋友', '安东', 0),
(8400, '朋友', '小朋友', 167),
(8401, '朋友', '猴子', 19),
(8402, '朋友', '能源', 27),
(8403, '朋友', '故事', 172),
(8404, '朋友', '防灾', 0),
(8405, '朋友', '樱花', 0),
(8406, '朋友', '条文', 0),
(8407, '朋友', '设备', 3),
(8408, '朋友', '设计师', 5),
(8409, '朋友', '父子', 8),
(8410, '朋友', '产品', 4),
(8411, '朋友', '口罩', 4),
(8412, '朋友', '垃圾', 45),
(8413, '朋友', '药局', 0),
(8414, '朋友', '手语', 0),
(8415, '朋友', '偏向', 43),
(8416, '猴子', '运动', 1),
(8417, '猴子', '螃蟹', 4),
(8418, '猴子', '乐器', 0),
(8419, '猴子', '华佗', 0),
(8420, '猴子', '诺瓦', 0),
(8421, '猴子', '选择', 2),
(8422, '猴子', '害羞', 0),
(8423, '猴子', '张衡', 0),
(8424, '猴子', '红毛', 0),
(8425, '猴子', '华语', 0),
(8426, '猴子', '阅读', 0),
(8427, '猴子', '恐龙', 0),
(8428, '猴子', '意识', 1),
(8429, '猴子', '智库', 0),
(8430, '猴子', '教科书', 0),
(8431, '猴子', '宠物', 0),
(8432, '猴子', '用户', 2),
(8433, '猴子', '青年', 4),
(8434, '猴子', '数学', 1),
(8435, '猴子', '味道', 3),
(8436, '猴子', '飞利浦', 0),
(8437, '猴子', '想像力', 3),
(8438, '猴子', '孩子', 15),
(8439, '猴子', '五专', 0),
(8440, '猴子', '服务', 1),
(8441, '猴子', '职工', 0),
(8442, '猴子', '教科', 1),
(8443, '猴子', '节能', 1),
(8444, '猴子', '海鸥', 0),
(8445, '猴子', '种子', 0),
(8446, '猴子', '登革热', 0),
(8447, '猴子', '素养', 0),
(8448, '猴子', '拖鞋', 1),
(8449, '猴子', '数位', 1),
(8450, '猴子', '猕猴', 0),
(8451, '猴子', '法制', 0),
(8452, '猴子', '伤口', 1),
(8453, '猴子', '长辈', 0),
(8454, '猴子', '小龙', 0),
(8455, '猴子', '体验', 2),
(8456, '猴子', '商品', 3),
(8457, '猴子', '癌症', 2),
(8458, '猴子', '说实话', 0),
(8459, '猴子', '搬家', 0),
(8460, '猴子', '检测', 0),
(8461, '猴子', '学生会', 0),
(8462, '猴子', '啊啊啊', 3),
(8463, '猴子', '品德', 0),
(8464, '猴子', '昆虫', 0),
(8465, '猴子', '书馆', 1),
(8466, '猴子', '英文', 6),
(8467, '猴子', '想像', 9),
(8468, '猴子', '诊病', 0),
(8469, '猴子', '图书馆', 1),
(8470, '猴子', '专利', 0),
(8471, '猴子', '图书', 1),
(8472, '猴子', '建筑', 1),
(8473, '猴子', '魔女', 0),
(8474, '猴子', '达文西', 1),
(8475, '猴子', '匈牙利', 1),
(8476, '猴子', '车子', 2),
(8477, '猴子', '国防', 0),
(8478, '猴子', '针灸', 0),
(8479, '猴子', '地球', 4),
(8480, '猴子', '教育', 19),
(8481, '猴子', '感恩', 0),
(8482, '猴子', '妈妈', 1),
(8483, '猴子', '动画', 0),
(8484, '猴子', '流感', 0),
(8485, '猴子', '安东尼', 0),
(8486, '猴子', '实话', 1),
(8487, '猴子', '测试', 0),
(8488, '猴子', '德福', 0),
(8489, '猴子', '课程', 2),
(8490, '猴子', '法制教育', 0),
(8491, '猴子', '土地', 6),
(8492, '猴子', '寄居蟹', 0),
(8493, '猴子', '安东尼奥', 0),
(8494, '猴子', '尼奥', 0),
(8495, '猴子', '用药', 0),
(8496, '猴子', '国王', 0),
(8497, '猴子', '轮子', 0),
(8498, '猴子', '安东', 0),
(8499, '猴子', '小朋友', 15),
(8500, '猴子', '朋友', 19),
(8501, '猴子', '能源', 2),
(8502, '猴子', '故事', 15),
(8503, '猴子', '防灾', 0),
(8504, '猴子', '樱花', 0),
(8505, '猴子', '条文', 0),
(8506, '猴子', '设备', 1),
(8507, '猴子', '设计师', 2),
(8508, '猴子', '父子', 0),
(8509, '猴子', '产品', 2),
(8510, '猴子', '口罩', 0),
(8511, '猴子', '垃圾', 4),
(8512, '猴子', '药局', 0),
(8513, '猴子', '手语', 0),
(8514, '猴子', '偏向', 2),
(8515, '能源', '运动', 0),
(8516, '能源', '螃蟹', 1),
(8517, '能源', '乐器', 0),
(8518, '能源', '华佗', 0),
(8519, '能源', '诺瓦', 0),
(8520, '能源', '选择', 2),
(8521, '能源', '害羞', 1),
(8522, '能源', '张衡', 0),
(8523, '能源', '红毛', 0),
(8524, '能源', '华语', 0),
(8525, '能源', '阅读', 1),
(8526, '能源', '恐龙', 0),
(8527, '能源', '意识', 0),
(8528, '能源', '智库', 0),
(8529, '能源', '教科书', 0),
(8530, '能源', '宠物', 0),
(8531, '能源', '用户', 3),
(8532, '能源', '青年', 6),
(8533, '能源', '数学', 0),
(8534, '能源', '味道', 3),
(8535, '能源', '飞利浦', 0),
(8536, '能源', '想像力', 2),
(8537, '能源', '孩子', 18),
(8538, '能源', '五专', 0),
(8539, '能源', '服务', 2),
(8540, '能源', '职工', 0),
(8541, '能源', '教科', 6),
(8542, '能源', '节能', 0),
(8543, '能源', '海鸥', 0),
(8544, '能源', '种子', 0),
(8545, '能源', '登革热', 0),
(8546, '能源', '素养', 0),
(8547, '能源', '拖鞋', 0),
(8548, '能源', '数位', 0),
(8549, '能源', '猕猴', 0),
(8550, '能源', '法制', 1),
(8551, '能源', '伤口', 0),
(8552, '能源', '长辈', 0),
(8553, '能源', '小龙', 0),
(8554, '能源', '体验', 3),
(8555, '能源', '商品', 7),
(8556, '能源', '癌症', 1),
(8557, '能源', '说实话', 0),
(8558, '能源', '搬家', 2),
(8559, '能源', '检测', 0),
(8560, '能源', '学生会', 0),
(8561, '能源', '啊啊啊', 2),
(8562, '能源', '品德', 2),
(8563, '能源', '昆虫', 0),
(8564, '能源', '书馆', 1),
(8565, '能源', '英文', 6),
(8566, '能源', '想像', 6),
(8567, '能源', '诊病', 0),
(8568, '能源', '图书馆', 1),
(8569, '能源', '专利', 0),
(8570, '能源', '图书', 1),
(8571, '能源', '建筑', 0),
(8572, '能源', '魔女', 0),
(8573, '能源', '达文西', 0),
(8574, '能源', '匈牙利', 0),
(8575, '能源', '车子', 3),
(8576, '能源', '国防', 0),
(8577, '能源', '针灸', 0),
(8578, '能源', '地球', 5),
(8579, '能源', '教育', 28),
(8580, '能源', '感恩', 1),
(8581, '能源', '妈妈', 1),
(8582, '能源', '动画', 0),
(8583, '能源', '流感', 2),
(8584, '能源', '安东尼', 0),
(8585, '能源', '实话', 0),
(8586, '能源', '测试', 2),
(8587, '能源', '德福', 0),
(8588, '能源', '课程', 2),
(8589, '能源', '法制教育', 0),
(8590, '能源', '土地', 3),
(8591, '能源', '寄居蟹', 0),
(8592, '能源', '安东尼奥', 0),
(8593, '能源', '尼奥', 0),
(8594, '能源', '用药', 1),
(8595, '能源', '国王', 0),
(8596, '能源', '轮子', 1),
(8597, '能源', '安东', 0),
(8598, '能源', '小朋友', 10),
(8599, '能源', '朋友', 27),
(8600, '能源', '猴子', 2),
(8601, '能源', '故事', 12),
(8602, '能源', '防灾', 0),
(8603, '能源', '樱花', 0),
(8604, '能源', '条文', 0),
(8605, '能源', '设备', 2),
(8606, '能源', '设计师', 3),
(8607, '能源', '父子', 0),
(8608, '能源', '产品', 3),
(8609, '能源', '口罩', 1),
(8610, '能源', '垃圾', 4),
(8611, '能源', '药局', 0),
(8612, '能源', '手语', 0),
(8613, '能源', '偏向', 6),
(8614, '故事', '运动', 1),
(8615, '故事', '螃蟹', 10),
(8616, '故事', '乐器', 0),
(8617, '故事', '华佗', 0),
(8618, '故事', '诺瓦', 0),
(8619, '故事', '选择', 1),
(8620, '故事', '害羞', 10),
(8621, '故事', '张衡', 0),
(8622, '故事', '红毛', 0),
(8623, '故事', '华语', 0),
(8624, '故事', '阅读', 1),
(8625, '故事', '恐龙', 0),
(8626, '故事', '意识', 0),
(8627, '故事', '智库', 0),
(8628, '故事', '教科书', 0),
(8629, '故事', '宠物', 0),
(8630, '故事', '用户', 2),
(8631, '故事', '青年', 36),
(8632, '故事', '数学', 0),
(8633, '故事', '味道', 25),
(8634, '故事', '飞利浦', 0),
(8635, '故事', '想像力', 26),
(8636, '故事', '孩子', 150),
(8637, '故事', '五专', 0),
(8638, '故事', '服务', 2),
(8639, '故事', '职工', 0),
(8640, '故事', '教科', 10),
(8641, '故事', '节能', 0),
(8642, '故事', '海鸥', 0),
(8643, '故事', '种子', 0),
(8644, '故事', '登革热', 0),
(8645, '故事', '素养', 0),
(8646, '故事', '拖鞋', 5),
(8647, '故事', '数位', 1),
(8648, '故事', '猕猴', 0),
(8649, '故事', '法制', 4),
(8650, '故事', '伤口', 0),
(8651, '故事', '长辈', 0),
(8652, '故事', '小龙', 0),
(8653, '故事', '体验', 2),
(8654, '故事', '商品', 24),
(8655, '故事', '癌症', 12),
(8656, '故事', '说实话', 0),
(8657, '故事', '搬家', 8),
(8658, '故事', '检测', 0),
(8659, '故事', '学生会', 0),
(8660, '故事', '啊啊啊', 31),
(8661, '故事', '品德', 11),
(8662, '故事', '昆虫', 0),
(8663, '故事', '书馆', 1),
(8664, '故事', '英文', 58),
(8665, '故事', '想像', 85),
(8666, '故事', '诊病', 0),
(8667, '故事', '图书馆', 0),
(8668, '故事', '专利', 0),
(8669, '故事', '图书', 0),
(8670, '故事', '建筑', 1),
(8671, '故事', '魔女', 3),
(8672, '故事', '达文西', 0),
(8673, '故事', '匈牙利', 0),
(8674, '故事', '车子', 2),
(8675, '故事', '国防', 0),
(8676, '故事', '针灸', 0),
(8677, '故事', '地球', 33),
(8678, '故事', '教育', 167),
(8679, '故事', '感恩', 6),
(8680, '故事', '妈妈', 1),
(8681, '故事', '动画', 0),
(8682, '故事', '流感', 2),
(8683, '故事', '安东尼', 0),
(8684, '故事', '实话', 0),
(8685, '故事', '测试', 1),
(8686, '故事', '德福', 4),
(8687, '故事', '课程', 1),
(8688, '故事', '法制教育', 2),
(8689, '故事', '土地', 33),
(8690, '故事', '寄居蟹', 2),
(8691, '故事', '安东尼奥', 0),
(8692, '故事', '尼奥', 0),
(8693, '故事', '用药', 1),
(8694, '故事', '国王', 0),
(8695, '故事', '轮子', 1),
(8696, '故事', '安东', 0),
(8697, '故事', '小朋友', 131),
(8698, '故事', '朋友', 172),
(8699, '故事', '猴子', 15),
(8700, '故事', '能源', 12),
(8701, '故事', '防灾', 0),
(8702, '故事', '樱花', 0),
(8703, '故事', '条文', 0),
(8704, '故事', '设备', 1),
(8705, '故事', '设计师', 2),
(8706, '故事', '父子', 4),
(8707, '故事', '产品', 1),
(8708, '故事', '口罩', 1),
(8709, '故事', '垃圾', 37),
(8710, '故事', '药局', 0),
(8711, '故事', '手语', 0),
(8712, '故事', '偏向', 20),
(8713, '防灾', '运动', 0),
(8714, '防灾', '螃蟹', 0),
(8715, '防灾', '乐器', 0),
(8716, '防灾', '华佗', 0),
(8717, '防灾', '诺瓦', 0),
(8718, '防灾', '选择', 0),
(8719, '防灾', '害羞', 0),
(8720, '防灾', '张衡', 0),
(8721, '防灾', '红毛', 0),
(8722, '防灾', '华语', 0),
(8723, '防灾', '阅读', 0),
(8724, '防灾', '恐龙', 0),
(8725, '防灾', '意识', 0),
(8726, '防灾', '智库', 0),
(8727, '防灾', '教科书', 0),
(8728, '防灾', '宠物', 0),
(8729, '防灾', '用户', 0),
(8730, '防灾', '青年', 0),
(8731, '防灾', '数学', 0),
(8732, '防灾', '味道', 0),
(8733, '防灾', '飞利浦', 0),
(8734, '防灾', '想像力', 0),
(8735, '防灾', '孩子', 0),
(8736, '防灾', '五专', 0),
(8737, '防灾', '服务', 0),
(8738, '防灾', '职工', 0),
(8739, '防灾', '教科', 0),
(8740, '防灾', '节能', 0),
(8741, '防灾', '海鸥', 0),
(8742, '防灾', '种子', 0),
(8743, '防灾', '登革热', 0),
(8744, '防灾', '素养', 0),
(8745, '防灾', '拖鞋', 0),
(8746, '防灾', '数位', 0),
(8747, '防灾', '猕猴', 0),
(8748, '防灾', '法制', 0),
(8749, '防灾', '伤口', 0),
(8750, '防灾', '长辈', 0),
(8751, '防灾', '小龙', 0),
(8752, '防灾', '体验', 0),
(8753, '防灾', '商品', 0),
(8754, '防灾', '癌症', 0),
(8755, '防灾', '说实话', 0),
(8756, '防灾', '搬家', 0),
(8757, '防灾', '检测', 0),
(8758, '防灾', '学生会', 0),
(8759, '防灾', '啊啊啊', 0),
(8760, '防灾', '品德', 0),
(8761, '防灾', '昆虫', 0),
(8762, '防灾', '书馆', 0),
(8763, '防灾', '英文', 0),
(8764, '防灾', '想像', 0),
(8765, '防灾', '诊病', 0),
(8766, '防灾', '图书馆', 0),
(8767, '防灾', '专利', 0),
(8768, '防灾', '图书', 0),
(8769, '防灾', '建筑', 0),
(8770, '防灾', '魔女', 0),
(8771, '防灾', '达文西', 0),
(8772, '防灾', '匈牙利', 0),
(8773, '防灾', '车子', 0),
(8774, '防灾', '国防', 0),
(8775, '防灾', '针灸', 0),
(8776, '防灾', '地球', 0),
(8777, '防灾', '教育', 0),
(8778, '防灾', '感恩', 0),
(8779, '防灾', '妈妈', 0),
(8780, '防灾', '动画', 0),
(8781, '防灾', '流感', 0),
(8782, '防灾', '安东尼', 0),
(8783, '防灾', '实话', 0),
(8784, '防灾', '测试', 0),
(8785, '防灾', '德福', 0),
(8786, '防灾', '课程', 0),
(8787, '防灾', '法制教育', 0),
(8788, '防灾', '土地', 0),
(8789, '防灾', '寄居蟹', 0),
(8790, '防灾', '安东尼奥', 0),
(8791, '防灾', '尼奥', 0),
(8792, '防灾', '用药', 0),
(8793, '防灾', '国王', 0),
(8794, '防灾', '轮子', 0),
(8795, '防灾', '安东', 0),
(8796, '防灾', '小朋友', 0),
(8797, '防灾', '朋友', 0),
(8798, '防灾', '猴子', 0),
(8799, '防灾', '能源', 0),
(8800, '防灾', '故事', 0),
(8801, '防灾', '樱花', 0),
(8802, '防灾', '条文', 0),
(8803, '防灾', '设备', 0),
(8804, '防灾', '设计师', 0),
(8805, '防灾', '父子', 0),
(8806, '防灾', '产品', 0),
(8807, '防灾', '口罩', 0),
(8808, '防灾', '垃圾', 0),
(8809, '防灾', '药局', 0),
(8810, '防灾', '手语', 0),
(8811, '防灾', '偏向', 0),
(8812, '樱花', '运动', 0),
(8813, '樱花', '螃蟹', 0),
(8814, '樱花', '乐器', 0),
(8815, '樱花', '华佗', 0),
(8816, '樱花', '诺瓦', 0),
(8817, '樱花', '选择', 0),
(8818, '樱花', '害羞', 0),
(8819, '樱花', '张衡', 0),
(8820, '樱花', '红毛', 0),
(8821, '樱花', '华语', 0),
(8822, '樱花', '阅读', 0),
(8823, '樱花', '恐龙', 0),
(8824, '樱花', '意识', 0),
(8825, '樱花', '智库', 0),
(8826, '樱花', '教科书', 0),
(8827, '樱花', '宠物', 0),
(8828, '樱花', '用户', 0),
(8829, '樱花', '青年', 0),
(8830, '樱花', '数学', 0),
(8831, '樱花', '味道', 0),
(8832, '樱花', '飞利浦', 0),
(8833, '樱花', '想像力', 0),
(8834, '樱花', '孩子', 0),
(8835, '樱花', '五专', 0),
(8836, '樱花', '服务', 0),
(8837, '樱花', '职工', 0),
(8838, '樱花', '教科', 0),
(8839, '樱花', '节能', 0),
(8840, '樱花', '海鸥', 0),
(8841, '樱花', '种子', 0),
(8842, '樱花', '登革热', 0),
(8843, '樱花', '素养', 0),
(8844, '樱花', '拖鞋', 0),
(8845, '樱花', '数位', 0),
(8846, '樱花', '猕猴', 0),
(8847, '樱花', '法制', 0),
(8848, '樱花', '伤口', 0),
(8849, '樱花', '长辈', 0),
(8850, '樱花', '小龙', 0),
(8851, '樱花', '体验', 0),
(8852, '樱花', '商品', 0),
(8853, '樱花', '癌症', 0),
(8854, '樱花', '说实话', 0),
(8855, '樱花', '搬家', 0),
(8856, '樱花', '检测', 0),
(8857, '樱花', '学生会', 0),
(8858, '樱花', '啊啊啊', 0),
(8859, '樱花', '品德', 0),
(8860, '樱花', '昆虫', 0),
(8861, '樱花', '书馆', 0),
(8862, '樱花', '英文', 0),
(8863, '樱花', '想像', 0),
(8864, '樱花', '诊病', 0),
(8865, '樱花', '图书馆', 0),
(8866, '樱花', '专利', 0),
(8867, '樱花', '图书', 0),
(8868, '樱花', '建筑', 0),
(8869, '樱花', '魔女', 0),
(8870, '樱花', '达文西', 0),
(8871, '樱花', '匈牙利', 0),
(8872, '樱花', '车子', 0),
(8873, '樱花', '国防', 0),
(8874, '樱花', '针灸', 0),
(8875, '樱花', '地球', 0),
(8876, '樱花', '教育', 0),
(8877, '樱花', '感恩', 0),
(8878, '樱花', '妈妈', 0),
(8879, '樱花', '动画', 0),
(8880, '樱花', '流感', 0),
(8881, '樱花', '安东尼', 0),
(8882, '樱花', '实话', 0),
(8883, '樱花', '测试', 0),
(8884, '樱花', '德福', 0),
(8885, '樱花', '课程', 0),
(8886, '樱花', '法制教育', 0),
(8887, '樱花', '土地', 0),
(8888, '樱花', '寄居蟹', 0),
(8889, '樱花', '安东尼奥', 0),
(8890, '樱花', '尼奥', 0),
(8891, '樱花', '用药', 0),
(8892, '樱花', '国王', 0),
(8893, '樱花', '轮子', 0),
(8894, '樱花', '安东', 0),
(8895, '樱花', '小朋友', 0),
(8896, '樱花', '朋友', 0),
(8897, '樱花', '猴子', 0),
(8898, '樱花', '能源', 0),
(8899, '樱花', '故事', 0),
(8900, '樱花', '防灾', 0),
(8901, '樱花', '条文', 0),
(8902, '樱花', '设备', 0),
(8903, '樱花', '设计师', 0),
(8904, '樱花', '父子', 0),
(8905, '樱花', '产品', 0),
(8906, '樱花', '口罩', 0),
(8907, '樱花', '垃圾', 0),
(8908, '樱花', '药局', 0),
(8909, '樱花', '手语', 0),
(8910, '樱花', '偏向', 0),
(8911, '条文', '运动', 0),
(8912, '条文', '螃蟹', 0),
(8913, '条文', '乐器', 0),
(8914, '条文', '华佗', 0),
(8915, '条文', '诺瓦', 0),
(8916, '条文', '选择', 0),
(8917, '条文', '害羞', 0),
(8918, '条文', '张衡', 0),
(8919, '条文', '红毛', 0),
(8920, '条文', '华语', 0),
(8921, '条文', '阅读', 0),
(8922, '条文', '恐龙', 0),
(8923, '条文', '意识', 0),
(8924, '条文', '智库', 0),
(8925, '条文', '教科书', 0),
(8926, '条文', '宠物', 0),
(8927, '条文', '用户', 0),
(8928, '条文', '青年', 0),
(8929, '条文', '数学', 0),
(8930, '条文', '味道', 0),
(8931, '条文', '飞利浦', 0),
(8932, '条文', '想像力', 0),
(8933, '条文', '孩子', 0),
(8934, '条文', '五专', 0),
(8935, '条文', '服务', 0),
(8936, '条文', '职工', 0),
(8937, '条文', '教科', 0),
(8938, '条文', '节能', 0),
(8939, '条文', '海鸥', 0),
(8940, '条文', '种子', 0),
(8941, '条文', '登革热', 0),
(8942, '条文', '素养', 0),
(8943, '条文', '拖鞋', 0),
(8944, '条文', '数位', 0),
(8945, '条文', '猕猴', 0),
(8946, '条文', '法制', 0),
(8947, '条文', '伤口', 0),
(8948, '条文', '长辈', 0),
(8949, '条文', '小龙', 0),
(8950, '条文', '体验', 0),
(8951, '条文', '商品', 0),
(8952, '条文', '癌症', 0),
(8953, '条文', '说实话', 0),
(8954, '条文', '搬家', 0),
(8955, '条文', '检测', 0),
(8956, '条文', '学生会', 0),
(8957, '条文', '啊啊啊', 0),
(8958, '条文', '品德', 0),
(8959, '条文', '昆虫', 0),
(8960, '条文', '书馆', 0),
(8961, '条文', '英文', 0),
(8962, '条文', '想像', 0),
(8963, '条文', '诊病', 0),
(8964, '条文', '图书馆', 0),
(8965, '条文', '专利', 0),
(8966, '条文', '图书', 0),
(8967, '条文', '建筑', 0),
(8968, '条文', '魔女', 0),
(8969, '条文', '达文西', 0),
(8970, '条文', '匈牙利', 0),
(8971, '条文', '车子', 0),
(8972, '条文', '国防', 0),
(8973, '条文', '针灸', 0),
(8974, '条文', '地球', 0),
(8975, '条文', '教育', 0),
(8976, '条文', '感恩', 0),
(8977, '条文', '妈妈', 0),
(8978, '条文', '动画', 0),
(8979, '条文', '流感', 0),
(8980, '条文', '安东尼', 0),
(8981, '条文', '实话', 0),
(8982, '条文', '测试', 0),
(8983, '条文', '德福', 0),
(8984, '条文', '课程', 0),
(8985, '条文', '法制教育', 0),
(8986, '条文', '土地', 0),
(8987, '条文', '寄居蟹', 0),
(8988, '条文', '安东尼奥', 0),
(8989, '条文', '尼奥', 0),
(8990, '条文', '用药', 0),
(8991, '条文', '国王', 0),
(8992, '条文', '轮子', 0),
(8993, '条文', '安东', 0),
(8994, '条文', '小朋友', 0),
(8995, '条文', '朋友', 0),
(8996, '条文', '猴子', 0),
(8997, '条文', '能源', 0),
(8998, '条文', '故事', 0),
(8999, '条文', '防灾', 0),
(9000, '条文', '樱花', 0),
(9001, '条文', '设备', 0),
(9002, '条文', '设计师', 0),
(9003, '条文', '父子', 0),
(9004, '条文', '产品', 0),
(9005, '条文', '口罩', 0),
(9006, '条文', '垃圾', 0),
(9007, '条文', '药局', 0),
(9008, '条文', '手语', 0),
(9009, '条文', '偏向', 0),
(9010, '设备', '运动', 1),
(9011, '设备', '螃蟹', 0),
(9012, '设备', '乐器', 0),
(9013, '设备', '华佗', 0),
(9014, '设备', '诺瓦', 0),
(9015, '设备', '选择', 2),
(9016, '设备', '害羞', 0),
(9017, '设备', '张衡', 0),
(9018, '设备', '红毛', 0),
(9019, '设备', '华语', 0),
(9020, '设备', '阅读', 1),
(9021, '设备', '恐龙', 0),
(9022, '设备', '意识', 1),
(9023, '设备', '智库', 0),
(9024, '设备', '教科书', 0),
(9025, '设备', '宠物', 0),
(9026, '设备', '用户', 3),
(9027, '设备', '青年', 0),
(9028, '设备', '数学', 1),
(9029, '设备', '味道', 0),
(9030, '设备', '飞利浦', 0),
(9031, '设备', '想像力', 0),
(9032, '设备', '孩子', 1),
(9033, '设备', '五专', 0),
(9034, '设备', '服务', 3),
(9035, '设备', '职工', 0),
(9036, '设备', '教科', 0),
(9037, '设备', '节能', 1),
(9038, '设备', '海鸥', 0),
(9039, '设备', '种子', 0),
(9040, '设备', '登革热', 0),
(9041, '设备', '素养', 0),
(9042, '设备', '拖鞋', 0),
(9043, '设备', '数位', 1),
(9044, '设备', '猕猴', 0),
(9045, '设备', '法制', 0),
(9046, '设备', '伤口', 1),
(9047, '设备', '长辈', 0),
(9048, '设备', '小龙', 0),
(9049, '设备', '体验', 3),
(9050, '设备', '商品', 1),
(9051, '设备', '癌症', 0),
(9052, '设备', '说实话', 0),
(9053, '设备', '搬家', 0),
(9054, '设备', '检测', 0),
(9055, '设备', '学生会', 0),
(9056, '设备', '啊啊啊', 0),
(9057, '设备', '品德', 0),
(9058, '设备', '昆虫', 0),
(9059, '设备', '书馆', 0),
(9060, '设备', '英文', 2),
(9061, '设备', '想像', 0),
(9062, '设备', '诊病', 0),
(9063, '设备', '图书馆', 0),
(9064, '设备', '专利', 0),
(9065, '设备', '图书', 0),
(9066, '设备', '建筑', 1),
(9067, '设备', '魔女', 0),
(9068, '设备', '达文西', 1),
(9069, '设备', '匈牙利', 0),
(9070, '设备', '车子', 3),
(9071, '设备', '国防', 0),
(9072, '设备', '针灸', 0),
(9073, '设备', '地球', 0),
(9074, '设备', '教育', 3),
(9075, '设备', '感恩', 0),
(9076, '设备', '妈妈', 2),
(9077, '设备', '动画', 0),
(9078, '设备', '流感', 0),
(9079, '设备', '安东尼', 0),
(9080, '设备', '实话', 1),
(9081, '设备', '测试', 2),
(9082, '设备', '德福', 0),
(9083, '设备', '课程', 2),
(9084, '设备', '法制教育', 0),
(9085, '设备', '土地', 0),
(9086, '设备', '寄居蟹', 0),
(9087, '设备', '安东尼奥', 0),
(9088, '设备', '尼奥', 0),
(9089, '设备', '用药', 1),
(9090, '设备', '国王', 0),
(9091, '设备', '轮子', 1),
(9092, '设备', '安东', 0),
(9093, '设备', '小朋友', 2),
(9094, '设备', '朋友', 3),
(9095, '设备', '猴子', 1),
(9096, '设备', '能源', 2),
(9097, '设备', '故事', 1),
(9098, '设备', '防灾', 0),
(9099, '设备', '樱花', 0),
(9100, '设备', '条文', 0),
(9101, '设备', '设计师', 3),
(9102, '设备', '父子', 0),
(9103, '设备', '产品', 3),
(9104, '设备', '口罩', 0),
(9105, '设备', '垃圾', 0),
(9106, '设备', '药局', 0),
(9107, '设备', '手语', 0),
(9108, '设备', '偏向', 1),
(9109, '设计师', '运动', 2),
(9110, '设计师', '螃蟹', 0),
(9111, '设计师', '乐器', 0),
(9112, '设计师', '华佗', 0),
(9113, '设计师', '诺瓦', 0),
(9114, '设计师', '选择', 3),
(9115, '设计师', '害羞', 0),
(9116, '设计师', '张衡', 0),
(9117, '设计师', '红毛', 0),
(9118, '设计师', '华语', 0),
(9119, '设计师', '阅读', 2),
(9120, '设计师', '恐龙', 0),
(9121, '设计师', '意识', 1),
(9122, '设计师', '智库', 0),
(9123, '设计师', '教科书', 0),
(9124, '设计师', '宠物', 0),
(9125, '设计师', '用户', 5),
(9126, '设计师', '青年', 0),
(9127, '设计师', '数学', 1),
(9128, '设计师', '味道', 0),
(9129, '设计师', '飞利浦', 0),
(9130, '设计师', '想像力', 0),
(9131, '设计师', '孩子', 3),
(9132, '设计师', '五专', 0),
(9133, '设计师', '服务', 4),
(9134, '设计师', '职工', 0),
(9135, '设计师', '教科', 0),
(9136, '设计师', '节能', 1),
(9137, '设计师', '海鸥', 0),
(9138, '设计师', '种子', 0),
(9139, '设计师', '登革热', 0),
(9140, '设计师', '素养', 0),
(9141, '设计师', '拖鞋', 0),
(9142, '设计师', '数位', 2),
(9143, '设计师', '猕猴', 0),
(9144, '设计师', '法制', 0),
(9145, '设计师', '伤口', 1),
(9146, '设计师', '长辈', 0),
(9147, '设计师', '小龙', 0),
(9148, '设计师', '体验', 5),
(9149, '设计师', '商品', 1),
(9150, '设计师', '癌症', 0),
(9151, '设计师', '说实话', 0),
(9152, '设计师', '搬家', 0),
(9153, '设计师', '检测', 0),
(9154, '设计师', '学生会', 0),
(9155, '设计师', '啊啊啊', 0),
(9156, '设计师', '品德', 0),
(9157, '设计师', '昆虫', 0),
(9158, '设计师', '书馆', 2),
(9159, '设计师', '英文', 2),
(9160, '设计师', '想像', 1),
(9161, '设计师', '诊病', 0),
(9162, '设计师', '图书馆', 1),
(9163, '设计师', '专利', 0),
(9164, '设计师', '图书', 1),
(9165, '设计师', '建筑', 2),
(9166, '设计师', '魔女', 0),
(9167, '设计师', '达文西', 1),
(9168, '设计师', '匈牙利', 0),
(9169, '设计师', '车子', 5),
(9170, '设计师', '国防', 0),
(9171, '设计师', '针灸', 0),
(9172, '设计师', '地球', 0),
(9173, '设计师', '教育', 5),
(9174, '设计师', '感恩', 0),
(9175, '设计师', '妈妈', 3),
(9176, '设计师', '动画', 0),
(9177, '设计师', '流感', 0),
(9178, '设计师', '安东尼', 0),
(9179, '设计师', '实话', 1),
(9180, '设计师', '测试', 2),
(9181, '设计师', '德福', 0),
(9182, '设计师', '课程', 4),
(9183, '设计师', '法制教育', 0),
(9184, '设计师', '土地', 2),
(9185, '设计师', '寄居蟹', 0),
(9186, '设计师', '安东尼奥', 0),
(9187, '设计师', '尼奥', 0),
(9188, '设计师', '用药', 1),
(9189, '设计师', '国王', 0),
(9190, '设计师', '轮子', 1),
(9191, '设计师', '安东', 0),
(9192, '设计师', '小朋友', 2),
(9193, '设计师', '朋友', 5),
(9194, '设计师', '猴子', 2),
(9195, '设计师', '能源', 3),
(9196, '设计师', '故事', 2),
(9197, '设计师', '防灾', 0),
(9198, '设计师', '樱花', 0),
(9199, '设计师', '条文', 0),
(9200, '设计师', '设备', 3),
(9201, '设计师', '父子', 0),
(9202, '设计师', '产品', 4),
(9203, '设计师', '口罩', 0),
(9204, '设计师', '垃圾', 0),
(9205, '设计师', '药局', 0),
(9206, '设计师', '手语', 0),
(9207, '设计师', '偏向', 1),
(9208, '父子', '运动', 0),
(9209, '父子', '螃蟹', 1),
(9210, '父子', '乐器', 0),
(9211, '父子', '华佗', 0),
(9212, '父子', '诺瓦', 0),
(9213, '父子', '选择', 0),
(9214, '父子', '害羞', 0),
(9215, '父子', '张衡', 0),
(9216, '父子', '红毛', 0),
(9217, '父子', '华语', 0),
(9218, '父子', '阅读', 0),
(9219, '父子', '恐龙', 0),
(9220, '父子', '意识', 0),
(9221, '父子', '智库', 0),
(9222, '父子', '教科书', 0),
(9223, '父子', '宠物', 0),
(9224, '父子', '用户', 0),
(9225, '父子', '青年', 2),
(9226, '父子', '数学', 0),
(9227, '父子', '味道', 0),
(9228, '父子', '飞利浦', 0),
(9229, '父子', '想像力', 0),
(9230, '父子', '孩子', 7),
(9231, '父子', '五专', 0),
(9232, '父子', '服务', 0),
(9233, '父子', '职工', 0),
(9234, '父子', '教科', 2),
(9235, '父子', '节能', 0),
(9236, '父子', '海鸥', 0),
(9237, '父子', '种子', 0),
(9238, '父子', '登革热', 0),
(9239, '父子', '素养', 0),
(9240, '父子', '拖鞋', 2),
(9241, '父子', '数位', 0),
(9242, '父子', '猕猴', 0),
(9243, '父子', '法制', 0),
(9244, '父子', '伤口', 0),
(9245, '父子', '长辈', 0),
(9246, '父子', '小龙', 0),
(9247, '父子', '体验', 0),
(9248, '父子', '商品', 2),
(9249, '父子', '癌症', 0),
(9250, '父子', '说实话', 0),
(9251, '父子', '搬家', 0),
(9252, '父子', '检测', 0),
(9253, '父子', '学生会', 0),
(9254, '父子', '啊啊啊', 2),
(9255, '父子', '品德', 1),
(9256, '父子', '昆虫', 0),
(9257, '父子', '书馆', 0),
(9258, '父子', '英文', 6),
(9259, '父子', '想像', 4),
(9260, '父子', '诊病', 0),
(9261, '父子', '图书馆', 0),
(9262, '父子', '专利', 0),
(9263, '父子', '图书', 0),
(9264, '父子', '建筑', 0),
(9265, '父子', '魔女', 0),
(9266, '父子', '达文西', 0),
(9267, '父子', '匈牙利', 0),
(9268, '父子', '车子', 0),
(9269, '父子', '国防', 0),
(9270, '父子', '针灸', 0),
(9271, '父子', '地球', 2),
(9272, '父子', '教育', 8),
(9273, '父子', '感恩', 0),
(9274, '父子', '妈妈', 0),
(9275, '父子', '动画', 0),
(9276, '父子', '流感', 0),
(9277, '父子', '安东尼', 0),
(9278, '父子', '实话', 0),
(9279, '父子', '测试', 0),
(9280, '父子', '德福', 0),
(9281, '父子', '课程', 0),
(9282, '父子', '法制教育', 0),
(9283, '父子', '土地', 1),
(9284, '父子', '寄居蟹', 0),
(9285, '父子', '安东尼奥', 0),
(9286, '父子', '尼奥', 0),
(9287, '父子', '用药', 0),
(9288, '父子', '国王', 0),
(9289, '父子', '轮子', 0),
(9290, '父子', '安东', 0),
(9291, '父子', '小朋友', 6),
(9292, '父子', '朋友', 8),
(9293, '父子', '猴子', 0),
(9294, '父子', '能源', 0),
(9295, '父子', '故事', 4),
(9296, '父子', '防灾', 0),
(9297, '父子', '樱花', 0),
(9298, '父子', '条文', 0),
(9299, '父子', '设备', 0),
(9300, '父子', '设计师', 0),
(9301, '父子', '产品', 0),
(9302, '父子', '口罩', 1),
(9303, '父子', '垃圾', 1),
(9304, '父子', '药局', 0),
(9305, '父子', '手语', 0),
(9306, '父子', '偏向', 1),
(9307, '产品', '运动', 1),
(9308, '产品', '螃蟹', 0),
(9309, '产品', '乐器', 0),
(9310, '产品', '华佗', 0),
(9311, '产品', '诺瓦', 0),
(9312, '产品', '选择', 3),
(9313, '产品', '害羞', 0),
(9314, '产品', '张衡', 0),
(9315, '产品', '红毛', 0),
(9316, '产品', '华语', 0),
(9317, '产品', '阅读', 1),
(9318, '产品', '恐龙', 0),
(9319, '产品', '意识', 1),
(9320, '产品', '智库', 0),
(9321, '产品', '教科书', 0),
(9322, '产品', '宠物', 0),
(9323, '产品', '用户', 4),
(9324, '产品', '青年', 0),
(9325, '产品', '数学', 1),
(9326, '产品', '味道', 0),
(9327, '产品', '飞利浦', 0),
(9328, '产品', '想像力', 0),
(9329, '产品', '孩子', 2),
(9330, '产品', '五专', 0),
(9331, '产品', '服务', 3),
(9332, '产品', '职工', 0),
(9333, '产品', '教科', 0),
(9334, '产品', '节能', 1),
(9335, '产品', '海鸥', 0),
(9336, '产品', '种子', 0),
(9337, '产品', '登革热', 0),
(9338, '产品', '素养', 0),
(9339, '产品', '拖鞋', 0),
(9340, '产品', '数位', 1),
(9341, '产品', '猕猴', 0),
(9342, '产品', '法制', 0),
(9343, '产品', '伤口', 1),
(9344, '产品', '长辈', 0),
(9345, '产品', '小龙', 0),
(9346, '产品', '体验', 4),
(9347, '产品', '商品', 1),
(9348, '产品', '癌症', 0),
(9349, '产品', '说实话', 0),
(9350, '产品', '搬家', 0),
(9351, '产品', '检测', 0),
(9352, '产品', '学生会', 0),
(9353, '产品', '啊啊啊', 0),
(9354, '产品', '品德', 0),
(9355, '产品', '昆虫', 0),
(9356, '产品', '书馆', 1),
(9357, '产品', '英文', 2),
(9358, '产品', '想像', 0),
(9359, '产品', '诊病', 0),
(9360, '产品', '图书馆', 1),
(9361, '产品', '专利', 0),
(9362, '产品', '图书', 1),
(9363, '产品', '建筑', 1),
(9364, '产品', '魔女', 0),
(9365, '产品', '达文西', 1),
(9366, '产品', '匈牙利', 0),
(9367, '产品', '车子', 4),
(9368, '产品', '国防', 0),
(9369, '产品', '针灸', 0),
(9370, '产品', '地球', 0),
(9371, '产品', '教育', 4),
(9372, '产品', '感恩', 0),
(9373, '产品', '妈妈', 2),
(9374, '产品', '动画', 0),
(9375, '产品', '流感', 0),
(9376, '产品', '安东尼', 0),
(9377, '产品', '实话', 1),
(9378, '产品', '测试', 2),
(9379, '产品', '德福', 0),
(9380, '产品', '课程', 3),
(9381, '产品', '法制教育', 0),
(9382, '产品', '土地', 1);
INSERT INTO `keywords_table` (`keywords_id`, `keyword1`, `keyword2`, `count`) VALUES
(9383, '产品', '寄居蟹', 0),
(9384, '产品', '安东尼奥', 0),
(9385, '产品', '尼奥', 0),
(9386, '产品', '用药', 1),
(9387, '产品', '国王', 0),
(9388, '产品', '轮子', 1),
(9389, '产品', '安东', 0),
(9390, '产品', '小朋友', 2),
(9391, '产品', '朋友', 4),
(9392, '产品', '猴子', 2),
(9393, '产品', '能源', 3),
(9394, '产品', '故事', 1),
(9395, '产品', '防灾', 0),
(9396, '产品', '樱花', 0),
(9397, '产品', '条文', 0),
(9398, '产品', '设备', 3),
(9399, '产品', '设计师', 4),
(9400, '产品', '父子', 0),
(9401, '产品', '口罩', 0),
(9402, '产品', '垃圾', 0),
(9403, '产品', '药局', 0),
(9404, '产品', '手语', 0),
(9405, '产品', '偏向', 1),
(9406, '口罩', '运动', 0),
(9407, '口罩', '螃蟹', 1),
(9408, '口罩', '乐器', 0),
(9409, '口罩', '华佗', 0),
(9410, '口罩', '诺瓦', 0),
(9411, '口罩', '选择', 0),
(9412, '口罩', '害羞', 0),
(9413, '口罩', '张衡', 0),
(9414, '口罩', '红毛', 0),
(9415, '口罩', '华语', 0),
(9416, '口罩', '阅读', 0),
(9417, '口罩', '恐龙', 0),
(9418, '口罩', '意识', 0),
(9419, '口罩', '智库', 0),
(9420, '口罩', '教科书', 0),
(9421, '口罩', '宠物', 0),
(9422, '口罩', '用户', 0),
(9423, '口罩', '青年', 0),
(9424, '口罩', '数学', 0),
(9425, '口罩', '味道', 1),
(9426, '口罩', '飞利浦', 0),
(9427, '口罩', '想像力', 1),
(9428, '口罩', '孩子', 4),
(9429, '口罩', '五专', 0),
(9430, '口罩', '服务', 0),
(9431, '口罩', '职工', 0),
(9432, '口罩', '教科', 0),
(9433, '口罩', '节能', 0),
(9434, '口罩', '海鸥', 0),
(9435, '口罩', '种子', 0),
(9436, '口罩', '登革热', 0),
(9437, '口罩', '素养', 0),
(9438, '口罩', '拖鞋', 0),
(9439, '口罩', '数位', 0),
(9440, '口罩', '猕猴', 0),
(9441, '口罩', '法制', 0),
(9442, '口罩', '伤口', 0),
(9443, '口罩', '长辈', 0),
(9444, '口罩', '小龙', 0),
(9445, '口罩', '体验', 0),
(9446, '口罩', '商品', 0),
(9447, '口罩', '癌症', 0),
(9448, '口罩', '说实话', 0),
(9449, '口罩', '搬家', 0),
(9450, '口罩', '检测', 0),
(9451, '口罩', '学生会', 0),
(9452, '口罩', '啊啊啊', 1),
(9453, '口罩', '品德', 0),
(9454, '口罩', '昆虫', 0),
(9455, '口罩', '书馆', 0),
(9456, '口罩', '英文', 1),
(9457, '口罩', '想像', 1),
(9458, '口罩', '诊病', 0),
(9459, '口罩', '图书馆', 0),
(9460, '口罩', '专利', 0),
(9461, '口罩', '图书', 0),
(9462, '口罩', '建筑', 0),
(9463, '口罩', '魔女', 0),
(9464, '口罩', '达文西', 0),
(9465, '口罩', '匈牙利', 0),
(9466, '口罩', '车子', 0),
(9467, '口罩', '国防', 0),
(9468, '口罩', '针灸', 0),
(9469, '口罩', '地球', 2),
(9470, '口罩', '教育', 3),
(9471, '口罩', '感恩', 1),
(9472, '口罩', '妈妈', 0),
(9473, '口罩', '动画', 0),
(9474, '口罩', '流感', 1),
(9475, '口罩', '安东尼', 0),
(9476, '口罩', '实话', 0),
(9477, '口罩', '测试', 0),
(9478, '口罩', '德福', 0),
(9479, '口罩', '课程', 0),
(9480, '口罩', '法制教育', 0),
(9481, '口罩', '土地', 0),
(9482, '口罩', '寄居蟹', 0),
(9483, '口罩', '安东尼奥', 0),
(9484, '口罩', '尼奥', 0),
(9485, '口罩', '用药', 0),
(9486, '口罩', '国王', 0),
(9487, '口罩', '轮子', 0),
(9488, '口罩', '安东', 0),
(9489, '口罩', '小朋友', 3),
(9490, '口罩', '朋友', 4),
(9491, '口罩', '猴子', 0),
(9492, '口罩', '能源', 1),
(9493, '口罩', '故事', 1),
(9494, '口罩', '防灾', 0),
(9495, '口罩', '樱花', 0),
(9496, '口罩', '条文', 0),
(9497, '口罩', '设备', 0),
(9498, '口罩', '设计师', 0),
(9499, '口罩', '父子', 1),
(9500, '口罩', '产品', 0),
(9501, '口罩', '垃圾', 0),
(9502, '口罩', '药局', 0),
(9503, '口罩', '手语', 0),
(9504, '口罩', '偏向', 1),
(9505, '垃圾', '运动', 0),
(9506, '垃圾', '螃蟹', 4),
(9507, '垃圾', '乐器', 0),
(9508, '垃圾', '华佗', 0),
(9509, '垃圾', '诺瓦', 0),
(9510, '垃圾', '选择', 0),
(9511, '垃圾', '害羞', 3),
(9512, '垃圾', '张衡', 0),
(9513, '垃圾', '红毛', 0),
(9514, '垃圾', '华语', 0),
(9515, '垃圾', '阅读', 0),
(9516, '垃圾', '恐龙', 0),
(9517, '垃圾', '意识', 0),
(9518, '垃圾', '智库', 0),
(9519, '垃圾', '教科书', 0),
(9520, '垃圾', '宠物', 0),
(9521, '垃圾', '用户', 0),
(9522, '垃圾', '青年', 6),
(9523, '垃圾', '数学', 0),
(9524, '垃圾', '味道', 7),
(9525, '垃圾', '飞利浦', 0),
(9526, '垃圾', '想像力', 9),
(9527, '垃圾', '孩子', 40),
(9528, '垃圾', '五专', 0),
(9529, '垃圾', '服务', 0),
(9530, '垃圾', '职工', 0),
(9531, '垃圾', '教科', 2),
(9532, '垃圾', '节能', 0),
(9533, '垃圾', '海鸥', 0),
(9534, '垃圾', '种子', 0),
(9535, '垃圾', '登革热', 0),
(9536, '垃圾', '素养', 0),
(9537, '垃圾', '拖鞋', 1),
(9538, '垃圾', '数位', 0),
(9539, '垃圾', '猕猴', 0),
(9540, '垃圾', '法制', 1),
(9541, '垃圾', '伤口', 0),
(9542, '垃圾', '长辈', 0),
(9543, '垃圾', '小龙', 0),
(9544, '垃圾', '体验', 0),
(9545, '垃圾', '商品', 3),
(9546, '垃圾', '癌症', 3),
(9547, '垃圾', '说实话', 0),
(9548, '垃圾', '搬家', 3),
(9549, '垃圾', '检测', 0),
(9550, '垃圾', '学生会', 0),
(9551, '垃圾', '啊啊啊', 13),
(9552, '垃圾', '品德', 5),
(9553, '垃圾', '昆虫', 0),
(9554, '垃圾', '书馆', 0),
(9555, '垃圾', '英文', 11),
(9556, '垃圾', '想像', 30),
(9557, '垃圾', '诊病', 0),
(9558, '垃圾', '图书馆', 0),
(9559, '垃圾', '专利', 0),
(9560, '垃圾', '图书', 0),
(9561, '垃圾', '建筑', 0),
(9562, '垃圾', '魔女', 1),
(9563, '垃圾', '达文西', 0),
(9564, '垃圾', '匈牙利', 0),
(9565, '垃圾', '车子', 0),
(9566, '垃圾', '国防', 0),
(9567, '垃圾', '针灸', 0),
(9568, '垃圾', '地球', 13),
(9569, '垃圾', '教育', 44),
(9570, '垃圾', '感恩', 0),
(9571, '垃圾', '妈妈', 0),
(9572, '垃圾', '动画', 0),
(9573, '垃圾', '流感', 0),
(9574, '垃圾', '安东尼', 0),
(9575, '垃圾', '实话', 0),
(9576, '垃圾', '测试', 0),
(9577, '垃圾', '德福', 1),
(9578, '垃圾', '课程', 0),
(9579, '垃圾', '法制教育', 0),
(9580, '垃圾', '土地', 6),
(9581, '垃圾', '寄居蟹', 2),
(9582, '垃圾', '安东尼奥', 0),
(9583, '垃圾', '尼奥', 0),
(9584, '垃圾', '用药', 0),
(9585, '垃圾', '国王', 0),
(9586, '垃圾', '轮子', 0),
(9587, '垃圾', '安东', 0),
(9588, '垃圾', '小朋友', 37),
(9589, '垃圾', '朋友', 45),
(9590, '垃圾', '猴子', 4),
(9591, '垃圾', '能源', 4),
(9592, '垃圾', '故事', 37),
(9593, '垃圾', '防灾', 0),
(9594, '垃圾', '樱花', 0),
(9595, '垃圾', '条文', 0),
(9596, '垃圾', '设备', 0),
(9597, '垃圾', '设计师', 0),
(9598, '垃圾', '父子', 1),
(9599, '垃圾', '产品', 0),
(9600, '垃圾', '口罩', 0),
(9601, '垃圾', '药局', 0),
(9602, '垃圾', '手语', 0),
(9603, '垃圾', '偏向', 3),
(9604, '药局', '运动', 0),
(9605, '药局', '螃蟹', 0),
(9606, '药局', '乐器', 0),
(9607, '药局', '华佗', 0),
(9608, '药局', '诺瓦', 0),
(9609, '药局', '选择', 0),
(9610, '药局', '害羞', 0),
(9611, '药局', '张衡', 0),
(9612, '药局', '红毛', 0),
(9613, '药局', '华语', 0),
(9614, '药局', '阅读', 0),
(9615, '药局', '恐龙', 0),
(9616, '药局', '意识', 0),
(9617, '药局', '智库', 0),
(9618, '药局', '教科书', 0),
(9619, '药局', '宠物', 0),
(9620, '药局', '用户', 0),
(9621, '药局', '青年', 0),
(9622, '药局', '数学', 0),
(9623, '药局', '味道', 0),
(9624, '药局', '飞利浦', 0),
(9625, '药局', '想像力', 0),
(9626, '药局', '孩子', 0),
(9627, '药局', '五专', 0),
(9628, '药局', '服务', 0),
(9629, '药局', '职工', 0),
(9630, '药局', '教科', 0),
(9631, '药局', '节能', 0),
(9632, '药局', '海鸥', 0),
(9633, '药局', '种子', 0),
(9634, '药局', '登革热', 0),
(9635, '药局', '素养', 0),
(9636, '药局', '拖鞋', 0),
(9637, '药局', '数位', 0),
(9638, '药局', '猕猴', 0),
(9639, '药局', '法制', 0),
(9640, '药局', '伤口', 0),
(9641, '药局', '长辈', 0),
(9642, '药局', '小龙', 0),
(9643, '药局', '体验', 0),
(9644, '药局', '商品', 0),
(9645, '药局', '癌症', 0),
(9646, '药局', '说实话', 0),
(9647, '药局', '搬家', 0),
(9648, '药局', '检测', 0),
(9649, '药局', '学生会', 0),
(9650, '药局', '啊啊啊', 0),
(9651, '药局', '品德', 0),
(9652, '药局', '昆虫', 0),
(9653, '药局', '书馆', 0),
(9654, '药局', '英文', 0),
(9655, '药局', '想像', 0),
(9656, '药局', '诊病', 0),
(9657, '药局', '图书馆', 0),
(9658, '药局', '专利', 0),
(9659, '药局', '图书', 0),
(9660, '药局', '建筑', 0),
(9661, '药局', '魔女', 0),
(9662, '药局', '达文西', 0),
(9663, '药局', '匈牙利', 0),
(9664, '药局', '车子', 0),
(9665, '药局', '国防', 0),
(9666, '药局', '针灸', 0),
(9667, '药局', '地球', 0),
(9668, '药局', '教育', 0),
(9669, '药局', '感恩', 0),
(9670, '药局', '妈妈', 0),
(9671, '药局', '动画', 0),
(9672, '药局', '流感', 0),
(9673, '药局', '安东尼', 0),
(9674, '药局', '实话', 0),
(9675, '药局', '测试', 0),
(9676, '药局', '德福', 0),
(9677, '药局', '课程', 0),
(9678, '药局', '法制教育', 0),
(9679, '药局', '土地', 0),
(9680, '药局', '寄居蟹', 0),
(9681, '药局', '安东尼奥', 0),
(9682, '药局', '尼奥', 0),
(9683, '药局', '用药', 0),
(9684, '药局', '国王', 0),
(9685, '药局', '轮子', 0),
(9686, '药局', '安东', 0),
(9687, '药局', '小朋友', 0),
(9688, '药局', '朋友', 0),
(9689, '药局', '猴子', 0),
(9690, '药局', '能源', 0),
(9691, '药局', '故事', 0),
(9692, '药局', '防灾', 0),
(9693, '药局', '樱花', 0),
(9694, '药局', '条文', 0),
(9695, '药局', '设备', 0),
(9696, '药局', '设计师', 0),
(9697, '药局', '父子', 0),
(9698, '药局', '产品', 0),
(9699, '药局', '口罩', 0),
(9700, '药局', '垃圾', 0),
(9701, '药局', '手语', 0),
(9702, '药局', '偏向', 0),
(9703, '手语', '运动', 0),
(9704, '手语', '螃蟹', 0),
(9705, '手语', '乐器', 0),
(9706, '手语', '华佗', 0),
(9707, '手语', '诺瓦', 0),
(9708, '手语', '选择', 0),
(9709, '手语', '害羞', 0),
(9710, '手语', '张衡', 0),
(9711, '手语', '红毛', 0),
(9712, '手语', '华语', 0),
(9713, '手语', '阅读', 0),
(9714, '手语', '恐龙', 0),
(9715, '手语', '意识', 0),
(9716, '手语', '智库', 0),
(9717, '手语', '教科书', 0),
(9718, '手语', '宠物', 0),
(9719, '手语', '用户', 0),
(9720, '手语', '青年', 0),
(9721, '手语', '数学', 0),
(9722, '手语', '味道', 0),
(9723, '手语', '飞利浦', 0),
(9724, '手语', '想像力', 0),
(9725, '手语', '孩子', 0),
(9726, '手语', '五专', 0),
(9727, '手语', '服务', 0),
(9728, '手语', '职工', 0),
(9729, '手语', '教科', 0),
(9730, '手语', '节能', 0),
(9731, '手语', '海鸥', 0),
(9732, '手语', '种子', 0),
(9733, '手语', '登革热', 0),
(9734, '手语', '素养', 0),
(9735, '手语', '拖鞋', 0),
(9736, '手语', '数位', 0),
(9737, '手语', '猕猴', 0),
(9738, '手语', '法制', 0),
(9739, '手语', '伤口', 0),
(9740, '手语', '长辈', 0),
(9741, '手语', '小龙', 0),
(9742, '手语', '体验', 0),
(9743, '手语', '商品', 0),
(9744, '手语', '癌症', 0),
(9745, '手语', '说实话', 0),
(9746, '手语', '搬家', 0),
(9747, '手语', '检测', 0),
(9748, '手语', '学生会', 0),
(9749, '手语', '啊啊啊', 0),
(9750, '手语', '品德', 0),
(9751, '手语', '昆虫', 0),
(9752, '手语', '书馆', 0),
(9753, '手语', '英文', 0),
(9754, '手语', '想像', 0),
(9755, '手语', '诊病', 0),
(9756, '手语', '图书馆', 0),
(9757, '手语', '专利', 0),
(9758, '手语', '图书', 0),
(9759, '手语', '建筑', 0),
(9760, '手语', '魔女', 0),
(9761, '手语', '达文西', 0),
(9762, '手语', '匈牙利', 0),
(9763, '手语', '车子', 0),
(9764, '手语', '国防', 0),
(9765, '手语', '针灸', 0),
(9766, '手语', '地球', 0),
(9767, '手语', '教育', 0),
(9768, '手语', '感恩', 0),
(9769, '手语', '妈妈', 0),
(9770, '手语', '动画', 0),
(9771, '手语', '流感', 0),
(9772, '手语', '安东尼', 0),
(9773, '手语', '实话', 0),
(9774, '手语', '测试', 0),
(9775, '手语', '德福', 0),
(9776, '手语', '课程', 0),
(9777, '手语', '法制教育', 0),
(9778, '手语', '土地', 0),
(9779, '手语', '寄居蟹', 0),
(9780, '手语', '安东尼奥', 0),
(9781, '手语', '尼奥', 0),
(9782, '手语', '用药', 0),
(9783, '手语', '国王', 0),
(9784, '手语', '轮子', 0),
(9785, '手语', '安东', 0),
(9786, '手语', '小朋友', 0),
(9787, '手语', '朋友', 0),
(9788, '手语', '猴子', 0),
(9789, '手语', '能源', 0),
(9790, '手语', '故事', 0),
(9791, '手语', '防灾', 0),
(9792, '手语', '樱花', 0),
(9793, '手语', '条文', 0),
(9794, '手语', '设备', 0),
(9795, '手语', '设计师', 0),
(9796, '手语', '父子', 0),
(9797, '手语', '产品', 0),
(9798, '手语', '口罩', 0),
(9799, '手语', '垃圾', 0),
(9800, '手语', '药局', 0),
(9801, '手语', '偏向', 0),
(9802, '偏向', '运动', 1),
(9803, '偏向', '螃蟹', 2),
(9804, '偏向', '乐器', 0),
(9805, '偏向', '华佗', 0),
(9806, '偏向', '诺瓦', 0),
(9807, '偏向', '选择', 1),
(9808, '偏向', '害羞', 1),
(9809, '偏向', '张衡', 0),
(9810, '偏向', '红毛', 0),
(9811, '偏向', '华语', 0),
(9812, '偏向', '阅读', 0),
(9813, '偏向', '恐龙', 0),
(9814, '偏向', '意识', 1),
(9815, '偏向', '智库', 0),
(9816, '偏向', '教科书', 0),
(9817, '偏向', '宠物', 0),
(9818, '偏向', '用户', 1),
(9819, '偏向', '青年', 12),
(9820, '偏向', '数学', 1),
(9821, '偏向', '味道', 4),
(9822, '偏向', '飞利浦', 0),
(9823, '偏向', '想像力', 0),
(9824, '偏向', '孩子', 33),
(9825, '偏向', '五专', 0),
(9826, '偏向', '服务', 1),
(9827, '偏向', '职工', 0),
(9828, '偏向', '教科', 5),
(9829, '偏向', '节能', 1),
(9830, '偏向', '海鸥', 0),
(9831, '偏向', '种子', 0),
(9832, '偏向', '登革热', 0),
(9833, '偏向', '素养', 0),
(9834, '偏向', '拖鞋', 1),
(9835, '偏向', '数位', 1),
(9836, '偏向', '猕猴', 0),
(9837, '偏向', '法制', 2),
(9838, '偏向', '伤口', 1),
(9839, '偏向', '长辈', 0),
(9840, '偏向', '小龙', 0),
(9841, '偏向', '体验', 1),
(9842, '偏向', '商品', 12),
(9843, '偏向', '癌症', 1),
(9844, '偏向', '说实话', 0),
(9845, '偏向', '搬家', 1),
(9846, '偏向', '检测', 0),
(9847, '偏向', '学生会', 0),
(9848, '偏向', '啊啊啊', 2),
(9849, '偏向', '品德', 3),
(9850, '偏向', '昆虫', 0),
(9851, '偏向', '书馆', 0),
(9852, '偏向', '英文', 17),
(9853, '偏向', '想像', 7),
(9854, '偏向', '诊病', 0),
(9855, '偏向', '图书馆', 0),
(9856, '偏向', '专利', 0),
(9857, '偏向', '图书', 0),
(9858, '偏向', '建筑', 1),
(9859, '偏向', '魔女', 0),
(9860, '偏向', '达文西', 1),
(9861, '偏向', '匈牙利', 1),
(9862, '偏向', '车子', 1),
(9863, '偏向', '国防', 0),
(9864, '偏向', '针灸', 0),
(9865, '偏向', '地球', 6),
(9866, '偏向', '教育', 43),
(9867, '偏向', '感恩', 0),
(9868, '偏向', '妈妈', 1),
(9869, '偏向', '动画', 0),
(9870, '偏向', '流感', 2),
(9871, '偏向', '安东尼', 0),
(9872, '偏向', '实话', 1),
(9873, '偏向', '测试', 0),
(9874, '偏向', '德福', 0),
(9875, '偏向', '课程', 1),
(9876, '偏向', '法制教育', 0),
(9877, '偏向', '土地', 8),
(9878, '偏向', '寄居蟹', 0),
(9879, '偏向', '安东尼奥', 0),
(9880, '偏向', '尼奥', 0),
(9881, '偏向', '用药', 0),
(9882, '偏向', '国王', 0),
(9883, '偏向', '轮子', 0),
(9884, '偏向', '安东', 0),
(9885, '偏向', '小朋友', 24),
(9886, '偏向', '朋友', 43),
(9887, '偏向', '猴子', 2),
(9888, '偏向', '能源', 6),
(9889, '偏向', '故事', 20),
(9890, '偏向', '防灾', 0),
(9891, '偏向', '樱花', 0),
(9892, '偏向', '条文', 0),
(9893, '偏向', '设备', 1),
(9894, '偏向', '设计师', 1),
(9895, '偏向', '父子', 1),
(9896, '偏向', '产品', 1),
(9897, '偏向', '口罩', 1),
(9898, '偏向', '垃圾', 3),
(9899, '偏向', '药局', 0),
(9900, '偏向', '手语', 0);

-- --------------------------------------------------------

--
-- 資料表結構 `keyword_logs`
--

CREATE TABLE `keyword_logs` (
  `keyword_log_id` int(11) NOT NULL,
  `user` int(11) DEFAULT NULL,
  `keyword` varchar(64) DEFAULT NULL
) ENGINE=InnoDB DEFAULT CHARSET=utf8;

-- --------------------------------------------------------

--
-- 資料表結構 `operation_logs`
--

CREATE TABLE `operation_logs` (
  `operation_log_id` int(11) NOT NULL,
  `play_log` int(11) DEFAULT NULL,
  `operation_code` int(11) DEFAULT NULL,
  `operation_value` varchar(64) DEFAULT NULL,
  `timestamp` text
) ENGINE=InnoDB DEFAULT CHARSET=utf8;

--
-- 資料表的匯出資料 `operation_logs`
--

INSERT INTO `operation_logs` (`operation_log_id`, `play_log`, `operation_code`, `operation_value`, `timestamp`) VALUES
(1, 2, 8, 'true', '1521042659'),
(2, 3, 1, 'pause', '1521042856'),
(3, 3, 1, 'play', '1521042872'),
(4, 3, 1, 'pause', '1521042873'),
(5, 3, 1, 'play', '1521042945'),
(6, 3, 1, 'pause', '1521042946'),
(7, 4, 1, 'pause', '1521043023'),
(8, 7, 8, 'true', '1521044127'),
(9, 6, 1, 'pause', '1521044129'),
(10, 8, 8, 'false', '1521044130'),
(11, 10, 1, 'pause', '1521044160'),
(12, 10, 1, 'play', '1521044182'),
(13, 10, 1, 'pause', '1521044183'),
(14, 10, 4, '471086.4382222222', '1521044184'),
(15, 10, 4, '103050.15836111113', '1521044184'),
(16, 10, 4, '412200.6334444444', '1521044184'),
(17, 10, 4, '390118.45665277785', '1521044185'),
(18, 10, 4, '412200.6334444445', '1521044185'),
(19, 10, 1, 'play', '1521044186'),
(20, 10, 4, '1538391.6498194444', '1521044325'),
(21, 10, 1, 'pause', '1521044326'),
(22, 12, 1, 'pause', '1521044481'),
(23, 12, 1, 'play', '1521044497'),
(24, 12, 1, 'pause', '1521044498'),
(25, 12, 1, 'play', '1521044530'),
(26, 14, 1, 'pause', '1521044537'),
(27, 14, 1, 'play', '1521044546'),
(28, 14, 1, 'pause', '1521044548'),
(29, 15, 8, 'true', '1521044549'),
(30, 16, 8, 'false', '1521044550'),
(31, 14, 1, 'play', '1521044577'),
(32, 17, 1, 'pause', '1521044593'),
(33, 18, 8, 'true', '1521044595'),
(34, 19, 8, 'false', '1521044596'),
(35, 17, 1, 'play', '1521044632'),
(36, 17, 1, 'pause', '1521044634'),
(37, 17, 1, 'play', '1521044635'),
(38, 17, 1, 'pause', '1521044635'),
(39, 17, 1, 'play', '1521044637'),
(40, 21, 1, 'pause', '1521044650'),
(41, 21, 1, 'play', '1521044660'),
(42, 21, 1, 'pause', '1521044662'),
(43, 22, 8, 'true', '1521044682'),
(44, 23, 8, 'false', '1521044683'),
(45, 21, 1, 'play', '1521044697'),
(46, 24, 1, 'pause', '1521044718'),
(47, 25, 8, 'true', '1521044740'),
(48, 26, 8, 'false', '1521044741'),
(49, 24, 1, 'play', '1521044743'),
(50, 30, 1, 'pause', '1521047372'),
(51, 30, 1, 'play', '1521047429'),
(52, 30, 1, 'pause', '1521047429'),
(53, 30, 1, 'play', '1521047436'),
(54, 30, 1, 'pause', '1521047437'),
(55, 33, 1, 'pause', '1521090303'),
(56, 34, 8, 'true', '1521090460'),
(57, 35, 8, 'false', '1521090461'),
(58, 33, 1, 'play', '1521090510'),
(59, 36, 1, 'pause', '1521091170'),
(60, 36, 4, '76546.02083333333', '1521091171'),
(61, 42, 1, 'pause', '1521109669'),
(62, 42, 1, 'play', '1521109672'),
(63, 42, 1, 'pause', '1521109674'),
(64, 42, 4, '23659.679166666665', '1521109682'),
(65, 42, 4, '12177.776041666664', '1521109689'),
(66, 42, 4, '9742.22083333333', '1521109701'),
(67, 42, 1, 'play', '1521109701'),
(68, 42, 1, 'pause', '1521109702'),
(69, 42, 1, 'play', '1521109722'),
(70, 42, 1, 'pause', '1521109724'),
(71, 42, 1, 'play', '1521109791'),
(72, 43, 8, 'true', '1521109793'),
(73, 42, 1, 'pause', '1521109798'),
(74, 45, 8, 'true', '1521109816'),
(75, 44, 1, 'pause', '1521109860'),
(76, 48, 1, 'pause', '1521110433'),
(77, 54, 8, 'true', '1521169330'),
(78, 53, 1, 'pause', '1521169355'),
(79, 53, 4, '26791.107291666664', '1521169361'),
(80, 53, 4, '25399.361458333333', '1521169406'),
(81, 53, 1, 'play', '1521169408'),
(82, 53, 1, 'pause', '1521169411'),
(83, 53, 4, '16005.077083333332', '1521169413'),
(84, 53, 1, 'play', '1521169415'),
(85, 55, 1, 'pause', '1521169447'),
(86, 55, 1, 'play', '1521169449'),
(87, 55, 1, 'pause', '1521169450'),
(88, 55, 4, '19136.505208333332', '1521169455'),
(89, 55, 4, '45927.6125', '1521169458'),
(90, 57, 1, 'pause', '1521169594'),
(91, 57, 1, 'play', '1521169596'),
(92, 57, 1, 'pause', '1521169597'),
(93, 57, 4, '20180.314583333333', '1521169601'),
(94, 57, 4, '24007.61562499999', '1521169604'),
(95, 57, 4, '26094.977199074092', '1521169608'),
(96, 57, 4, '35141.45370370369', '1521169612'),
(97, 57, 4, '25051.333333333343', '1521169615'),
(98, 57, 4, '59148.98148148149', '1521169619'),
(99, 57, 1, 'play', '1521169622'),
(100, 58, 8, 'true', '1521169624'),
(101, 57, 1, 'pause', '1521169631'),
(102, 59, 8, 'false', '1521169633'),
(103, 57, 1, 'play', '1521169635'),
(104, 60, 8, 'true', '1521169637'),
(105, 57, 1, 'pause', '1521169640'),
(106, 62, 8, 'true', '1521169644'),
(107, 61, 1, 'pause', '1521169649'),
(108, 63, 8, 'false', '1521169651'),
(109, 64, 8, 'true', '1521169654'),
(110, 65, 8, 'false', '1521169660'),
(111, 61, 4, '49754.91354166667', '1521169708'),
(112, 61, 1, 'play', '1521169709'),
(113, 61, 4, '22615.869791666657', '1521169712'),
(114, 61, 4, '1739.6822916666715', '1521169714'),
(115, 61, 1, 'pause', '1521169718'),
(116, 66, 1, 'pause', '1521169755'),
(117, 66, 4, '24703.488541666666', '1521169757'),
(118, 66, 4, '22267.933333333334', '1521169760'),
(119, 67, 1, 'pause', '1521170078'),
(120, 69, 1, 'pause', '1521170144'),
(121, 71, 1, 'pause', '1521170203'),
(122, 72, 1, 'pause', '1521170483'),
(123, 73, 1, 'pause', '1521171118'),
(124, 73, 1, 'play', '1521171261'),
(125, 73, 1, 'pause', '1521171262'),
(126, 73, 4, '25399.361458333333', '1521171263'),
(127, 240, 1, 'play', '1522146335.6527934'),
(128, 240, 1, 'pause', '1522146337.8403041'),
(129, 240, 1, 'play', '1522146347.1849313'),
(130, 240, 1, 'play', '1522146348.3436272'),
(131, 240, 4, '23659.679166666665', '1522146351.4007375'),
(132, 240, 1, 'pause', '1522146353.0492213'),
(133, 241, 1, 'play', '1522146720.125757'),
(134, 243, 2, '5', '1522384714.2051394'),
(135, 244, 2, '5', '1522384721.32149'),
(136, 245, 2, '5', '1522384726.7145658'),
(137, 247, 2, '5', '1522384728.9288032'),
(138, 249, 2, '5', '1522384731.0676594'),
(139, 251, 2, '5', '1522384734.6115'),
(140, 252, 2, '5', '1522384736.264125'),
(141, 254, 2, '5', '1522384737.323878'),
(142, 257, 2, '5', '1522384754.2040727'),
(143, 259, 2, '5', '1522384755.9352608'),
(144, 306, 1, 'pause', '1523689755'),
(145, 306, 1, 'play', '1523689757'),
(146, 306, 1, 'play', '1523689758'),
(147, 306, 1, 'play', '1523689760'),
(148, 306, 1, 'play', '1523689762'),
(149, 306, 1, 'play', '1523689764'),
(150, 306, 1, 'play', '1523689765'),
(151, 308, 1, 'play', '1523690034'),
(152, 308, 1, 'pause', '1523690036'),
(153, 308, 1, 'play', '1523690038'),
(154, 308, 1, 'pause', '1523690039'),
(155, 308, 1, 'pause', '1523690041'),
(156, 310, 2, '5', '1523690293'),
(157, 312, 2, '5', '1523690296'),
(158, 314, 2, '5', '1523690299'),
(159, 316, 2, '5', '1523690301'),
(160, 318, 2, '5', '1523690323'),
(161, 330, 2, '5', '1523695829'),
(162, 333, 2, '9', '1523695840'),
(163, 391, 2, '9', '1523961754'),
(164, 400, 2, '5', '1523961836');

-- --------------------------------------------------------

--
-- 資料表結構 `play_logs`
--

CREATE TABLE `play_logs` (
  `play_log_id` int(11) NOT NULL,
  `audio` int(11) DEFAULT NULL,
  `user` int(11) DEFAULT NULL,
  `star_time` text,
  `end_time` text
) ENGINE=InnoDB DEFAULT CHARSET=utf8;

--
-- 資料表的匯出資料 `play_logs`
--

INSERT INTO `play_logs` (`play_log_id`, `audio`, `user`, `star_time`, `end_time`) VALUES
(1, 5, 1, '1521042653', '1521042749'),
(2, 5, 1, '1521042659', NULL),
(3, 5, 1, '1521042848', '1521042946'),
(4, 6, 1, '1521042946', '1521043023'),
(5, 7, 1, '1521043023', '1521043352'),
(6, 5, 1, '1521044125', '1521044156'),
(7, 5, 1, '1521044127', NULL),
(8, 5, 1, '1521044130', NULL),
(9, 9, 1, '1521044157', '1521044158'),
(10, 15, 1, '1521044158', '1521044415'),
(11, 9, 1, '1521044415', NULL),
(12, 5, 1, '1521044416', '1521044530'),
(13, 5, 1, '1521044424', '1521044609'),
(14, 6, 1, '1521044530', '1521044577'),
(15, 5, 1, '1521044549', NULL),
(16, 5, 1, '1521044550', NULL),
(17, 7, 1, '1521044577', '1521044640'),
(18, 5, 1, '1521044595', NULL),
(19, 5, 1, '1521044596', NULL),
(20, 6, 1, '1521044641', '1521044647'),
(21, 5, 1, '1521044647', '1521044697'),
(22, 5, 1, '1521044682', NULL),
(23, 5, 1, '1521044682', NULL),
(24, 6, 1, '1521044697', '1521044743'),
(25, 5, 1, '1521044740', NULL),
(26, 5, 1, '1521044741', NULL),
(27, 7, 1, '1521044743', '1521045271'),
(28, 6, 1, '1521045271', '1521045272'),
(29, 5, 1, '1521045273', '1521047322'),
(30, 5, 1, '1521047369', NULL),
(31, 6, 1, '1521089888', '1521089894'),
(32, 5, 1, '1521089894', '1521090293'),
(33, 6, 1, '1521090293', '1521090510'),
(34, 5, 1, '1521090460', NULL),
(35, 5, 1, '1521090461', NULL),
(36, 7, 1, '1521090511', '1521091291'),
(37, 6, 1, '1521091292', '1521091292'),
(38, 5, 1, '1521091293', '1521091293'),
(39, 6, 1, '1521091294', '1521091296'),
(40, 5, 1, '1521091296', '1521091297'),
(41, 5, 1, '1521093057', NULL),
(42, 5, 3, '1521109661', '1521109810'),
(43, 5, 3, '1521109793', NULL),
(44, 5, 3, '1521109810', '1521110099'),
(45, 5, 3, '1521109816', NULL),
(46, 5, 1, '1521109865', '1521109866'),
(47, 5, 3, '1521110099', '1521110271'),
(48, 5, 3, '1521110272', '1521110439'),
(49, 5, 1, '1521110547', '1521110568'),
(50, 5, 1, '1521110569', '1521110597'),
(51, 5, 1, '1521110598', '1521110601'),
(52, 5, 1, '1521110602', '1521110693'),
(53, 5, 6, '1521169325', '1521169443'),
(54, 5, 6, '1521169330', NULL),
(55, 5, 6, '1521169443', '1521169587'),
(56, 5, 6, '1521169587', '1521169589'),
(57, 5, 6, '1521169590', '1521169642'),
(58, 5, 6, '1521169624', NULL),
(59, 5, 6, '1521169633', NULL),
(60, 5, 6, '1521169637', NULL),
(61, 5, 6, '1521169642', '1521169745'),
(62, 5, 6, '1521169644', NULL),
(63, 5, 6, '1521169651', NULL),
(64, 5, 6, '1521169654', NULL),
(65, 5, 6, '1521169660', NULL),
(66, 5, 6, '1521169746', '1521170071'),
(67, 5, 6, '1521170071', '1521170112'),
(68, 5, 6, '1521170112', '1521170138'),
(69, 5, 6, '1521170139', '1521170179'),
(70, 5, 6, '1521170179', '1521170199'),
(71, 5, 6, '1521170199', '1521170318'),
(72, 5, 6, '1521170477', '1521171115'),
(73, 5, 6, '1521171115', NULL),
(85, 5, 3, '1521471142', '1521471145'),
(106, 5, 3, '1521523996', '1521523998'),
(201, 5, 1, '1521612977', NULL),
(202, 5, 32, '1521614726', '1521614728'),
(203, 5, 32, '1521614729', '1521614731'),
(204, 5, 32, '1521614732', '1521614881'),
(205, 5, 32, '1521614882', '1521614884'),
(206, 5, 32, '1521614885', '1521614889'),
(207, 5, 32, '1521614890', '1521614894'),
(225, 5, 124, '1522128983.762251', '1522128985.7593808'),
(226, 5, 124, '1522128986.374101', '1522128988.068882'),
(227, 5, 124, '1522128988.6630597', NULL),
(228, 5, 124, '1522134708.3002143', '1522134711.4397762'),
(229, 5, 124, '1522134712.034558', '1522134714.2801068'),
(230, 5, 124, '1522134714.8689256', '1522134723.130769'),
(231, 5, 124, '1522134723.753876', '1522134876.3650897'),
(232, 5, 124, '1522134876.6599662', '1522134878.7513497'),
(233, 5, 124, '1522134995.172182', '1522134997.0518987'),
(234, 5, 124, '1522135042.9248884', '1522135044.7666657'),
(235, 5, 124, '1522135058.7396643', '1522135061.047454'),
(236, 5, 124, '1522135061.8159041', '1522135064.0737462'),
(237, 5, 124, '1522135073.540743', '1522135075.5971367'),
(238, 5, 124, '1522135085.7931726', '1522135089.153152'),
(239, 5, 125, '1522135173.5403101', '1522135178.7534916'),
(240, 5, 125, '1522146325.8921814', '1522146693.7022555'),
(241, 5, 125, '1522146693.99314', NULL),
(242, 5, 125, '1522384661.1007009', '1522384726.5946214'),
(243, 5, 125, '1522384714.1696022', NULL),
(244, 5, 125, '1522384721.2542853', NULL),
(245, 5, 125, '1522384726.5789232', NULL),
(246, 6, 125, '1522384726.9465446', '1522384728.8297725'),
(247, 5, 125, '1522384728.8310378', NULL),
(248, 7, 125, '1522384729.1594856', '1522384731.0221612'),
(249, 5, 125, '1522384731.022875', NULL),
(250, 5, 125, '1522384731.2576287', '1522384736.1901088'),
(251, 5, 125, '1522384734.591327', NULL),
(252, 5, 125, '1522384736.186484', NULL),
(253, 7, 125, '1522384736.472002', '1522384737.2964053'),
(254, 5, 125, '1522384737.2922354', NULL),
(255, 6, 125, '1522384737.5083578', '1522384751.8670561'),
(256, 6, 125, '1522384752.1225812', '1522384754.1520808'),
(257, 5, 125, '1522384754.1273818', NULL),
(258, 5, 125, '1522384754.460894', '1522385180.7472317'),
(259, 5, 125, '1522384755.9228208', NULL),
(260, 5, 125, '1522385181.6153882', '1522385192.9322748'),
(261, 5, 125, '1522385193.6906126', '1522385233.817352'),
(262, 5, 125, '1522385234.0961843', '1522385235.3095956'),
(263, 5, 125, '1522385235.5226674', '1522385238.7892184'),
(264, 5, 125, '1522385242.081966', '1522385250.2725627'),
(265, 5, 125, '1522385250.6386845', '1522385259.7907066'),
(266, 5, 125, '1522385260.096392', '1522385282.3010023'),
(267, 5, 125, '1522385282.8868835', '1522385286.3287497'),
(268, 5, 125, '1522385286.840761', '1522385341.9120233'),
(269, 5, 125, '1522385342.155676', '1522385345.1436653'),
(270, 5, 125, '1522385345.5951574', '1522385354.050991'),
(271, 5, 125, '1522385354.4887466', '1522385372.0886617'),
(272, 5, 125, '1522385372.4695296', '1522385383.6567166'),
(273, 5, 125, '1522385384.0771742', '1522385452.352374'),
(274, 5, 125, '1522385452.6042867', '1522385455.5364227'),
(275, 5, 125, '1522385455.931647', '1522385472.4053469'),
(276, 5, 125, '1522385472.7418392', '1522385497.8692899'),
(277, 5, 125, '1522385498.209554', '1522385507.157678'),
(278, 5, 125, '1522385507.5051608', '1522385521.1872098'),
(279, 5, 125, '1522385521.6083355', '1522385531.7220538'),
(280, 5, 125, '1522385532.1386726', '1522385539.017535'),
(281, 5, 125, '1522385539.4082625', '1522385546.6376283'),
(282, 5, 125, '1522385547.0479276', '1522385635.5845366'),
(283, 5, 125, '1522385635.8266504', '1522385639.3901868'),
(284, 5, 125, '1522385639.7232785', '1522385691.4944885'),
(285, 5, 125, '1522385691.9863906', '1522385848.2704296'),
(286, 5, 125, '1522385848.582279', '1522385850.4022374'),
(287, 5, 125, '1522385850.7208958', '1522385867.3881578'),
(288, 5, 125, '1522385867.7330415', '1522388188.2855318'),
(289, 5, 125, '1522388191.6580021', '1522388210.6461892'),
(290, 5, 125, '1522388211.1900778', '1522388238.6029143'),
(291, 5, 125, '1522388239.1546595', NULL),
(292, 5, 125, '1522395160.8981602', '1522395294.3580644'),
(293, 5, 125, '1522395294.77231', '1522395321.4764297'),
(294, 5, 125, '1522395321.75323', '1522395323.7443345'),
(295, 5, 125, '1522395323.9142203', '1522395330.82526'),
(296, 5, 125, '1522395331.0395212', '1522395353.584456'),
(297, 5, 125, '1522395353.8118422', '1522395386.3576314'),
(298, 5, 125, '1522395386.649724', '1522395388.2194705'),
(299, 5, 125, '1522395388.4092984', '1522395395.8900108'),
(300, 5, 125, '1522395396.243676', '1522395456.236537'),
(301, 5, 125, '1522395456.5691183', '1522395473.0227456'),
(302, 5, 125, '1522395473.3583658', '1522395481.575194'),
(303, 5, 125, '1522395481.8783014', '1522395502.8994508'),
(304, 5, 125, '1522395503.2097244', '1522395513.842387'),
(305, 5, 125, '1522395514.1821222', NULL),
(306, 5, 125, '1523689515', '1523689768'),
(307, 5, 125, '1523689768', '1523690032'),
(308, 5, 125, '1523690033', '1523690041'),
(309, 6, 125, '1523690042', '1523690293'),
(310, 5, 125, '1523690293', NULL),
(311, 5, 125, '1523690294', '1523690296'),
(312, 5, 125, '1523690296', NULL),
(313, 6, 125, '1523690296', '1523690299'),
(314, 5, 125, '1523690299', NULL),
(315, 5, 125, '1523690299', '1523690301'),
(316, 5, 125, '1523690301', NULL),
(317, 7, 125, '1523690301', '1523690323'),
(318, 5, 125, '1523690323', NULL),
(319, 7, 125, '1523690323', NULL),
(320, 7, 125, '1523694415', '1523694437'),
(321, 7, 125, '1523694437', '1523694438'),
(322, 7, 125, '1523694438', '1523694507'),
(323, 7, 125, '1523694507', '1523694627'),
(324, 7, 125, '1523694628', '1523694649'),
(325, 7, 125, '1523694650', '1523694666'),
(326, 7, 125, '1523694666', '1523694771'),
(327, 7, 125, '1523694771', '1523694789'),
(328, 7, 125, '1523694790', '1523695246'),
(329, 7, 125, '1523695246', '1523695829'),
(330, 5, 125, '1523695829', NULL),
(331, 5, 125, '1523695829', '1523695831'),
(332, 9, 125, '1523695832', '1523695840'),
(333, 9, 125, '1523695840', NULL),
(334, 9, 125, '1523695840', '1523695850'),
(335, 5, 125, '1523695850', '1523695851'),
(336, 9, 125, '1523695851', '1523696045'),
(337, 9, 125, '1523696045', '1523696449'),
(338, 9, 125, '1523696449', '1523696605'),
(339, 9, 125, '1523696605', '1523696653'),
(340, 9, 125, '1523696653', '1523696688'),
(341, 9, 125, '1523696688', '1523696824'),
(342, 9, 125, '1523696825', '1523697027'),
(343, 9, 125, '1523697028', '1523697170'),
(344, 9, 125, '1523697170', '1523697173'),
(345, 9, 125, '1523697173', '1523697206'),
(346, 9, 125, '1523697206', '1523697212'),
(347, 9, 125, '1523697212', '1523697321'),
(348, 9, 125, '1523697321', '1523698046'),
(349, 5, 125, '1523716815', '1523716834'),
(350, 5, 125, '1523716834', '1523716842'),
(351, 5, 125, '1523716843', NULL),
(352, 5, 125, '1523950307', '1523950347'),
(353, 5, 125, '1523950353', '1523950529'),
(354, 5, 125, '1523950530', NULL),
(355, 5, 125, '1523960335', '1523960339'),
(356, 5, 125, '1523960339', '1523960339'),
(357, 5, 125, '1523960340', '1523960340'),
(358, 5, 125, '1523960340', '1523960341'),
(359, 5, 125, '1523960341', '1523960390'),
(360, 5, 125, '1523960390', '1523960416'),
(361, 5, 125, '1523960417', '1523960419'),
(362, 5, 125, '1523960420', '1523960420'),
(363, 5, 125, '1523960420', '1523960475'),
(364, 5, 125, '1523960475', '1523960479'),
(365, 5, 125, '1523960480', '1523960526'),
(366, 5, 125, '1523960526', '1523960558'),
(367, 5, 125, '1523960559', '1523960559'),
(368, 5, 125, '1523960560', '1523960561'),
(369, 5, 125, '1523960561', '1523960570'),
(370, 5, 125, '1523960571', '1523960571'),
(371, 5, 125, '1523960572', '1523960700'),
(372, 5, 125, '1523960700', '1523960728'),
(373, 5, 125, '1523960728', '1523960739'),
(374, 5, 125, '1523960739', '1523960749'),
(375, 5, 125, '1523960750', '1523960773'),
(376, 5, 125, '1523960773', '1523960779'),
(377, 5, 125, '1523960780', '1523960805'),
(378, 5, 125, '1523960806', '1523960830'),
(379, 5, 125, '1523960830', '1523960884'),
(380, 5, 125, '1523960885', '1523960927'),
(381, 5, 125, '1523960928', '1523961164'),
(382, 5, 125, '1523961164', '1523961166'),
(383, 5, 125, '1523961166', '1523961668'),
(384, 5, 125, '1523961668', '1523961740'),
(385, 5, 125, '1523961740', '1523961740'),
(386, 5, 125, '1523961741', '1523961742'),
(387, 5, 125, '1523961742', '1523961749'),
(388, 7, 125, '1523961749', '1523961751'),
(389, 6, 125, '1523961752', '1523961753'),
(390, 10, 125, '1523961753', '1523961754'),
(391, 9, 125, '1523961754', NULL),
(392, 12, 125, '1523961754', '1523961756'),
(393, 16, 125, '1523961756', '1523961758'),
(394, 17, 125, '1523961758', '1523961770'),
(395, 17, 125, '1523961770', '1523961772'),
(396, 17, 125, '1523961772', '1523961787'),
(397, 17, 125, '1523961787', '1523961787'),
(398, 17, 125, '1523961788', '1523961833'),
(399, 5, 125, '1523961833', '1523961836'),
(400, 5, 125, '1523961836', NULL),
(401, 7, 125, '1523961836', '1523961837'),
(402, 9, 125, '1523961837', '1523961837'),
(403, 15, 125, '1523961838', '1523961839'),
(404, 5, 125, '1523961840', '1523961845'),
(405, 9, 125, '1523961846', '1523961867'),
(406, 9, 125, '1523961872', '1523961895'),
(407, 9, 125, '1523961896', '1523961898'),
(408, 7, 125, '1523961898', '1523961902'),
(409, 19, 125, '1523961902', '1523961905'),
(410, 20, 125, '1523961905', '1523961917');

-- --------------------------------------------------------

--
-- 資料表結構 `records`
--

CREATE TABLE `records` (
  `record_id` int(11) NOT NULL,
  `audio_id` int(11) DEFAULT NULL,
  `user_id` int(11) DEFAULT NULL,
  `record_data` text
) ENGINE=InnoDB DEFAULT CHARSET=utf8;

--
-- 資料表的匯出資料 `records`
--

INSERT INTO `records` (`record_id`, `audio_id`, `user_id`, `record_data`) VALUES
(2, 5, 1, '[{\"user_answer\": 2, \"correct\": true, \"start\": \"0\", \"type\": \"single\", \"id\": 1, \"end\": \"5\", \"answer\": [2], \"options\": [{\"id\": 1, \"label\": \"\\u76f8\\u601d\\u6a39\"}, {\"id\": 2, \"label\": \"\\u68d5\\u6ada\\u6a39\"}, {\"id\": 3, \"label\": \"\\u6a61\\u81a0\\u6a39\"}, {\"id\": 4, \"label\": \"\\u6930\\u5b50\\u6a39\"}], \"content\": \"\\u6771\\u5357\\u4e9e\\u570b\\u5bb6\\u5e38\\u898b\\u780d\\u4f10\\u68ee\\u6797\\u6216\\u711a\\u6797\\uff0c\\u4e3b\\u8981\\u662f\\u70ba\\u4e86\\u7a2e\\u690d\\u54ea\\u4e00\\u7a2e\\u7d93\\u6fdf\\u4f5c\\u7269\\uff1f\"}, {\"user_answer\": 7, \"correct\": false, \"start\": \"6\", \"type\": \"single\", \"id\": 2, \"end\": \"9\", \"answer\": [8], \"options\": [{\"id\": 5, \"label\": \"\\u89c0\\u8cde\\u661f\\u7a7a\"}, {\"id\": 6, \"label\": \"\\u96ea\\u5730\\u98a8\\u60c5\"}, {\"id\": 7, \"label\": \"\\u770b\\u5357\\u6975\\u7279\\u6709\\u52d5\\u7269\"}, {\"id\": 8, \"label\": \"\\u6975\\u5149\\u7f8e\\u666f\"}], \"content\": \"\\u674e\\u5947\\u82f1\\u6559\\u6388\\u8ac7\\u5230\\u5357\\u6975\\u7814\\u7a76\\u6700\\u5927\\u7684\\u6536\\u7a6b\\u9664\\u4e86\\u505a\\u7814\\u7a76\\u5916\\uff0c\\u6700\\u68d2\\u7684\\u4e8b\\u60c5\\u662f\\uff1f\"}, {\"user_answer\": 10, \"correct\": false, \"start\": \"10\", \"type\": \"single\", \"id\": 3, \"end\": \"20\", \"answer\": [11], \"options\": [{\"id\": 9, \"label\": \"\\u53f0\\u7063\\u9ed1\\u718a\"}, {\"id\": 10, \"label\": \"\\u9ad8\\u5c71\\u767d\\u8179\\u9f20\"}, {\"id\": 11, \"label\": \"\\u9ec3\\u5589\\u8c82\"}, {\"id\": 12, \"label\": \"\\u68d5\\u80cc\\u4f2f\\u52de\"}], \"content\": \"\\u672c\\u96c6\\u300c\\u53f0\\u7063 special\\u300d\\u4ecb\\u7d39\\u7684\\u53f0\\u7063\\u7279\\u6709\\u7a2e\\u52d5\\u7269\\u662f\\u4ec0\\u9ebc\\uff1f\"}]'),
(3, 6, 1, '[{\"end\": \"5\", \"correct\": true, \"answer\": [2], \"id\": 1, \"start\": \"0\", \"user_answer\": 2, \"type\": \"single\", \"options\": [{\"label\": \"2\", \"id\": 1}, {\"label\": \"3\", \"id\": 2}, {\"label\": \"4\", \"id\": 3}, {\"label\": \"5\", \"id\": 4}], \"content\": \"1+2=?\"}, {\"end\": \"9\", \"correct\": true, \"answer\": [7], \"id\": 2, \"start\": \"6\", \"user_answer\": 7, \"type\": \"single\", \"options\": [{\"label\": \"2\", \"id\": 5}, {\"label\": \"3\", \"id\": 6}, {\"label\": \"4\", \"id\": 7}, {\"label\": \"5\", \"id\": 8}], \"content\": \"1+3=?\"}, {\"end\": \"20\", \"correct\": true, \"answer\": [12], \"id\": 3, \"start\": \"10\", \"user_answer\": 12, \"type\": \"single\", \"options\": [{\"label\": \"2\", \"id\": 9}, {\"label\": \"3\", \"id\": 10}, {\"label\": \"4\", \"id\": 11}, {\"label\": \"5\", \"id\": 12}], \"content\": \"1+4=?\"}]'),
(4, 5, 2, '[{\"options\": [{\"id\": 1, \"label\": \"\\u76f8\\u601d\\u6a39\"}, {\"id\": 2, \"label\": \"\\u68d5\\u6ada\\u6a39\"}, {\"id\": 3, \"label\": \"\\u6a61\\u81a0\\u6a39\"}, {\"id\": 4, \"label\": \"\\u6930\\u5b50\\u6a39\"}], \"type\": \"single\", \"correct\": true, \"answer\": [2], \"id\": 1, \"user_answer\": 2, \"start\": \"0\", \"end\": \"5\", \"content\": \"\\u6771\\u5357\\u4e9e\\u570b\\u5bb6\\u5e38\\u898b\\u780d\\u4f10\\u68ee\\u6797\\u6216\\u711a\\u6797\\uff0c\\u4e3b\\u8981\\u662f\\u70ba\\u4e86\\u7a2e\\u690d\\u54ea\\u4e00\\u7a2e\\u7d93\\u6fdf\\u4f5c\\u7269\\uff1f\"}, {\"options\": [{\"id\": 5, \"label\": \"\\u89c0\\u8cde\\u661f\\u7a7a\"}, {\"id\": 6, \"label\": \"\\u96ea\\u5730\\u98a8\\u60c5\"}, {\"id\": 7, \"label\": \"\\u770b\\u5357\\u6975\\u7279\\u6709\\u52d5\\u7269\"}, {\"id\": 8, \"label\": \"\\u6975\\u5149\\u7f8e\\u666f\"}], \"type\": \"single\", \"correct\": true, \"answer\": [8], \"id\": 2, \"user_answer\": 8, \"start\": \"6\", \"end\": \"9\", \"content\": \"\\u674e\\u5947\\u82f1\\u6559\\u6388\\u8ac7\\u5230\\u5357\\u6975\\u7814\\u7a76\\u6700\\u5927\\u7684\\u6536\\u7a6b\\u9664\\u4e86\\u505a\\u7814\\u7a76\\u5916\\uff0c\\u6700\\u68d2\\u7684\\u4e8b\\u60c5\\u662f\\uff1f\"}, {\"options\": [{\"id\": 9, \"label\": \"\\u53f0\\u7063\\u9ed1\\u718a\"}, {\"id\": 10, \"label\": \"\\u9ad8\\u5c71\\u767d\\u8179\\u9f20\"}, {\"id\": 11, \"label\": \"\\u9ec3\\u5589\\u8c82\"}, {\"id\": 12, \"label\": \"\\u68d5\\u80cc\\u4f2f\\u52de\"}], \"type\": \"single\", \"correct\": true, \"answer\": [11], \"id\": 3, \"user_answer\": 11, \"start\": \"10\", \"end\": \"20\", \"content\": \"\\u672c\\u96c6\\u300c\\u53f0\\u7063 special\\u300d\\u4ecb\\u7d39\\u7684\\u53f0\\u7063\\u7279\\u6709\\u7a2e\\u52d5\\u7269\\u662f\\u4ec0\\u9ebc\\uff1f\"}]'),
(5, 5, 1, '[{\"end\": \"5\", \"type\": \"single\", \"correct\": true, \"id\": 1, \"content\": \"\\u6771\\u5357\\u4e9e\\u570b\\u5bb6\\u5e38\\u898b\\u780d\\u4f10\\u68ee\\u6797\\u6216\\u711a\\u6797\\uff0c\\u4e3b\\u8981\\u662f\\u70ba\\u4e86\\u7a2e\\u690d\\u54ea\\u4e00\\u7a2e\\u7d93\\u6fdf\\u4f5c\\u7269\\uff1f\", \"user_answer\": 2, \"answer\": [2], \"options\": [{\"label\": \"\\u76f8\\u601d\\u6a39\", \"id\": 1}, {\"label\": \"\\u68d5\\u6ada\\u6a39\", \"id\": 2}, {\"label\": \"\\u6a61\\u81a0\\u6a39\", \"id\": 3}, {\"label\": \"\\u6930\\u5b50\\u6a39\", \"id\": 4}], \"start\": \"0\"}, {\"end\": \"9\", \"type\": \"single\", \"correct\": false, \"id\": 2, \"content\": \"\\u674e\\u5947\\u82f1\\u6559\\u6388\\u8ac7\\u5230\\u5357\\u6975\\u7814\\u7a76\\u6700\\u5927\\u7684\\u6536\\u7a6b\\u9664\\u4e86\\u505a\\u7814\\u7a76\\u5916\\uff0c\\u6700\\u68d2\\u7684\\u4e8b\\u60c5\\u662f\\uff1f\", \"user_answer\": 6, \"answer\": [8], \"options\": [{\"label\": \"\\u89c0\\u8cde\\u661f\\u7a7a\", \"id\": 5}, {\"label\": \"\\u96ea\\u5730\\u98a8\\u60c5\", \"id\": 6}, {\"label\": \"\\u770b\\u5357\\u6975\\u7279\\u6709\\u52d5\\u7269\", \"id\": 7}, {\"label\": \"\\u6975\\u5149\\u7f8e\\u666f\", \"id\": 8}], \"start\": \"6\"}, {\"end\": \"20\", \"type\": \"single\", \"correct\": true, \"id\": 3, \"content\": \"\\u672c\\u96c6\\u300c\\u53f0\\u7063 special\\u300d\\u4ecb\\u7d39\\u7684\\u53f0\\u7063\\u7279\\u6709\\u7a2e\\u52d5\\u7269\\u662f\\u4ec0\\u9ebc\\uff1f\", \"user_answer\": 11, \"answer\": [11], \"options\": [{\"label\": \"\\u53f0\\u7063\\u9ed1\\u718a\", \"id\": 9}, {\"label\": \"\\u9ad8\\u5c71\\u767d\\u8179\\u9f20\", \"id\": 10}, {\"label\": \"\\u9ec3\\u5589\\u8c82\", \"id\": 11}, {\"label\": \"\\u68d5\\u80cc\\u4f2f\\u52de\", \"id\": 12}], \"start\": \"10\"}]'),
(6, 15, 10, '[{\"user_answer\": 3, \"correct\": true, \"start\": \"376\", \"content\": \"1.\\u590f\\u65e5\\u6236\\u5916\\u6eaf\\u6eaa\\u73a9\\u6c34\\uff0c\\u5982\\u679c\\u767c\\u73fe\\u6cb3\\u6c34\\u984f\\u8272\\u8b8a\\u9ec3\\u6df7\\u6fc1\\uff0c\\u6b64\\u70ba\\u4f55\\u7a2e\\u73fe\\u8c61\\u7684\\u524d\\u5146\\uff0c\\u61c9\\u7acb\\u5373\\u64a4\\u96e2\\uff0c\\u4ee5\\u7b56\\u5b89\\u5168?\", \"answer\": [3], \"type\": \"single\", \"options\": [{\"label\": \"\\u6c23\\u5019\\u6696\\u5316\", \"id\": 1}, {\"label\": \"\\u6c59\\u6c34\\u6392\\u653e\", \"id\": 2}, {\"label\": \"\\u4e0a\\u6e38\\u958b\\u59cb\\u4e0b\\u5927\\u96e8\", \"id\": 3}, {\"label\": \"\\u7a7a\\u6c61\\u56b4\\u91cd\", \"id\": 4}], \"id\": 1, \"end\": \"428\"}, {\"user_answer\": 5, \"correct\": true, \"start\": \"656\", \"content\": \"2.\\u5730\\u7403\\u6696\\u5316\\uff0c\\u6c23\\u5019\\u8b8a\\u9077\\uff0c\\u9020\\u6210\\u5317\\u6975\\u718a\\u958b\\u59cb\\u6355\\u98df\\u4f55\\u7a2e\\u751f\\u7269?\", \"answer\": [5], \"type\": \"single\", \"options\": [{\"label\": \"\\u6d77\\u8c5a\", \"id\": 5}, {\"label\": \"\\u6d77\\u725b\", \"id\": 6}, {\"label\": \"\\u6d77\\u8c61\", \"id\": 7}, {\"label\": \"\\u6d77\\u72d7\", \"id\": 8}], \"id\": 2, \"end\": \"707\"}, {\"user_answer\": 10, \"correct\": true, \"start\": \"873\", \"content\": \"3.\\u7a00\\u6709\\u4fdd\\u80b2\\u985e\\u7684\\u73cd\\u8cb4\\u9b5a\\u7a2e\\uff0c\\u4fd7\\u7a31\\u53f0\\u7063\\u767d\\u9b5a\\u7684\\u6b63\\u5f0f\\u540d\\u7a31\\u70ba\\u4f55?\", \"answer\": [10], \"type\": \"single\", \"options\": [{\"label\": \"\\u82b1\\u6591\\u528d\\u5c3e\\u9b5a\", \"id\": 9}, {\"label\": \"\\u53f0\\u7063\\u526f\\u7d30\\u9bfd\", \"id\": 10}, {\"label\": \"\\u6c34\\u6ef4\\u9b5a\", \"id\": 11}, {\"label\": \"\\u767d\\u6591\\u72d7\\u9b5a\", \"id\": 12}], \"id\": 3, \"end\": \"900\"}, {\"user_answer\": 16, \"correct\": true, \"start\": \"1181\", \"content\": \"4.\\u9b5a\\u83dc\\u5171\\u751f\\u7684\\u6700\\u5927\\u76ca\\u8655?\", \"answer\": [16], \"type\": \"single\", \"options\": [{\"label\": \"\\u81ea\\u7d66\\u81ea\\u8db3\", \"id\": 13}, {\"label\": \"\\u7bc0\\u7d04\\u7528\\u6c34\", \"id\": 14}, {\"label\": \"\\u751f\\u7522\\u9ad8\\u6548\", \"id\": 15}, {\"label\": \"\\u4ee5\\u4e0a\\u7686\\u662f\", \"id\": 16}], \"id\": 4, \"end\": \"1216\"}, {\"user_answer\": 18, \"correct\": true, \"start\": \"2087\", \"content\": \"5.\\u9b5a\\u83dc\\u5171\\u751f\\u4e0b\\uff0c\\u4e0b\\u5217\\u4f55\\u7a2e\\u9b5a\\u7a2e\\u8f03\\u4e0d\\u9069\\u5408\\u5728\\u5317\\u90e8\\u990a\\u6b96?\", \"answer\": [18], \"type\": \"single\", \"options\": [{\"label\": \"\\u9c3b\\u9b5a\", \"id\": 17}, {\"label\": \"\\u5433\\u90ed\\u9b5a\", \"id\": 18}, {\"label\": \"\\u9c78\\u9b5a\", \"id\": 19}, {\"label\": \"\\u9326\\u9bc9\", \"id\": 20}], \"id\": 5, \"end\": \"2105\"}]'),
(7, 5, 17, '[{\"start\": \"0\", \"options\": [{\"label\": \"\\u76f8\\u601d\\u6a39\", \"id\": 1}, {\"label\": \"\\u68d5\\u6ada\\u6a39\", \"id\": 2}, {\"label\": \"\\u6a61\\u81a0\\u6a39\", \"id\": 3}, {\"label\": \"\\u6930\\u5b50\\u6a39\", \"id\": 4}], \"type\": \"single\", \"id\": 1, \"end\": \"5\", \"correct\": true, \"user_answer\": 2, \"answer\": [2], \"content\": \"\\u6771\\u5357\\u4e9e\\u570b\\u5bb6\\u5e38\\u898b\\u780d\\u4f10\\u68ee\\u6797\\u6216\\u711a\\u6797\\uff0c\\u4e3b\\u8981\\u662f\\u70ba\\u4e86\\u7a2e\\u690d\\u54ea\\u4e00\\u7a2e\\u7d93\\u6fdf\\u4f5c\\u7269\\uff1f\"}, {\"start\": \"6\", \"options\": [{\"label\": \"\\u89c0\\u8cde\\u661f\\u7a7a\", \"id\": 5}, {\"label\": \"\\u96ea\\u5730\\u98a8\\u60c5\", \"id\": 6}, {\"label\": \"\\u770b\\u5357\\u6975\\u7279\\u6709\\u52d5\\u7269\", \"id\": 7}, {\"label\": \"\\u6975\\u5149\\u7f8e\\u666f\", \"id\": 8}], \"type\": \"single\", \"id\": 2, \"end\": \"9\", \"correct\": false, \"user_answer\": 5, \"answer\": [8], \"content\": \"\\u674e\\u5947\\u82f1\\u6559\\u6388\\u8ac7\\u5230\\u5357\\u6975\\u7814\\u7a76\\u6700\\u5927\\u7684\\u6536\\u7a6b\\u9664\\u4e86\\u505a\\u7814\\u7a76\\u5916\\uff0c\\u6700\\u68d2\\u7684\\u4e8b\\u60c5\\u662f\\uff1f\"}, {\"start\": \"10\", \"options\": [{\"label\": \"\\u53f0\\u7063\\u9ed1\\u718a\", \"id\": 9}, {\"label\": \"\\u9ad8\\u5c71\\u767d\\u8179\\u9f20\", \"id\": 10}, {\"label\": \"\\u9ec3\\u5589\\u8c82\", \"id\": 11}, {\"label\": \"\\u68d5\\u80cc\\u4f2f\\u52de\", \"id\": 12}], \"type\": \"single\", \"id\": 3, \"end\": \"20\", \"correct\": true, \"user_answer\": 11, \"answer\": [11], \"content\": \"\\u672c\\u96c6\\u300c\\u53f0\\u7063 special\\u300d\\u4ecb\\u7d39\\u7684\\u53f0\\u7063\\u7279\\u6709\\u7a2e\\u52d5\\u7269\\u662f\\u4ec0\\u9ebc\\uff1f\"}]'),
(8, 5, 1, '[{\"type\": \"single\", \"content\": \"\\u6771\\u5357\\u4e9e\\u570b\\u5bb6\\u5e38\\u898b\\u780d\\u4f10\\u68ee\\u6797\\u6216\\u711a\\u6797\\uff0c\\u4e3b\\u8981\\u662f\\u70ba\\u4e86\\u7a2e\\u690d\\u54ea\\u4e00\\u7a2e\\u7d93\\u6fdf\\u4f5c\\u7269\\uff1f\", \"id\": 1, \"options\": [{\"label\": \"\\u76f8\\u601d\\u6a39\", \"id\": 1}, {\"label\": \"\\u68d5\\u6ada\\u6a39\", \"id\": 2}, {\"label\": \"\\u6a61\\u81a0\\u6a39\", \"id\": 3}, {\"label\": \"\\u6930\\u5b50\\u6a39\", \"id\": 4}], \"start\": \"0\", \"correct\": false, \"end\": \"5\", \"user_answer\": 1, \"answer\": [2]}, {\"type\": \"single\", \"content\": \"\\u674e\\u5947\\u82f1\\u6559\\u6388\\u8ac7\\u5230\\u5357\\u6975\\u7814\\u7a76\\u6700\\u5927\\u7684\\u6536\\u7a6b\\u9664\\u4e86\\u505a\\u7814\\u7a76\\u5916\\uff0c\\u6700\\u68d2\\u7684\\u4e8b\\u60c5\\u662f\\uff1f\", \"id\": 2, \"options\": [{\"label\": \"\\u89c0\\u8cde\\u661f\\u7a7a\", \"id\": 5}, {\"label\": \"\\u96ea\\u5730\\u98a8\\u60c5\", \"id\": 6}, {\"label\": \"\\u770b\\u5357\\u6975\\u7279\\u6709\\u52d5\\u7269\", \"id\": 7}, {\"label\": \"\\u6975\\u5149\\u7f8e\\u666f\", \"id\": 8}], \"start\": \"6\", \"correct\": false, \"end\": \"9\", \"user_answer\": 5, \"answer\": [8]}, {\"type\": \"single\", \"content\": \"\\u672c\\u96c6\\u300c\\u53f0\\u7063 special\\u300d\\u4ecb\\u7d39\\u7684\\u53f0\\u7063\\u7279\\u6709\\u7a2e\\u52d5\\u7269\\u662f\\u4ec0\\u9ebc\\uff1f\", \"id\": 3, \"options\": [{\"label\": \"\\u53f0\\u7063\\u9ed1\\u718a\", \"id\": 9}, {\"label\": \"\\u9ad8\\u5c71\\u767d\\u8179\\u9f20\", \"id\": 10}, {\"label\": \"\\u9ec3\\u5589\\u8c82\", \"id\": 11}, {\"label\": \"\\u68d5\\u80cc\\u4f2f\\u52de\", \"id\": 12}], \"start\": \"10\", \"correct\": false, \"end\": \"20\", \"user_answer\": 9, \"answer\": [11]}]'),
(9, 5, 1, '[{\"type\": \"single\", \"content\": \"\\u6771\\u5357\\u4e9e\\u570b\\u5bb6\\u5e38\\u898b\\u780d\\u4f10\\u68ee\\u6797\\u6216\\u711a\\u6797\\uff0c\\u4e3b\\u8981\\u662f\\u70ba\\u4e86\\u7a2e\\u690d\\u54ea\\u4e00\\u7a2e\\u7d93\\u6fdf\\u4f5c\\u7269\\uff1f\", \"id\": 1, \"options\": [{\"label\": \"\\u76f8\\u601d\\u6a39\", \"id\": 1}, {\"label\": \"\\u68d5\\u6ada\\u6a39\", \"id\": 2}, {\"label\": \"\\u6a61\\u81a0\\u6a39\", \"id\": 3}, {\"label\": \"\\u6930\\u5b50\\u6a39\", \"id\": 4}], \"start\": \"0\", \"correct\": true, \"end\": \"5\", \"user_answer\": 2, \"answer\": [2]}, {\"type\": \"single\", \"content\": \"\\u674e\\u5947\\u82f1\\u6559\\u6388\\u8ac7\\u5230\\u5357\\u6975\\u7814\\u7a76\\u6700\\u5927\\u7684\\u6536\\u7a6b\\u9664\\u4e86\\u505a\\u7814\\u7a76\\u5916\\uff0c\\u6700\\u68d2\\u7684\\u4e8b\\u60c5\\u662f\\uff1f\", \"id\": 2, \"options\": [{\"label\": \"\\u89c0\\u8cde\\u661f\\u7a7a\", \"id\": 5}, {\"label\": \"\\u96ea\\u5730\\u98a8\\u60c5\", \"id\": 6}, {\"label\": \"\\u770b\\u5357\\u6975\\u7279\\u6709\\u52d5\\u7269\", \"id\": 7}, {\"label\": \"\\u6975\\u5149\\u7f8e\\u666f\", \"id\": 8}], \"start\": \"6\", \"correct\": false, \"end\": \"9\", \"user_answer\": 7, \"answer\": [8]}, {\"type\": \"single\", \"content\": \"\\u672c\\u96c6\\u300c\\u53f0\\u7063 special\\u300d\\u4ecb\\u7d39\\u7684\\u53f0\\u7063\\u7279\\u6709\\u7a2e\\u52d5\\u7269\\u662f\\u4ec0\\u9ebc\\uff1f\", \"id\": 3, \"options\": [{\"label\": \"\\u53f0\\u7063\\u9ed1\\u718a\", \"id\": 9}, {\"label\": \"\\u9ad8\\u5c71\\u767d\\u8179\\u9f20\", \"id\": 10}, {\"label\": \"\\u9ec3\\u5589\\u8c82\", \"id\": 11}, {\"label\": \"\\u68d5\\u80cc\\u4f2f\\u52de\", \"id\": 12}], \"start\": \"10\", \"correct\": true, \"end\": \"20\", \"user_answer\": 11, \"answer\": [11]}]'),
(10, 5, 10, '[{\"type\": \"single\", \"content\": \"\\u6771\\u5357\\u4e9e\\u570b\\u5bb6\\u5e38\\u898b\\u780d\\u4f10\\u68ee\\u6797\\u6216\\u711a\\u6797\\uff0c\\u4e3b\\u8981\\u662f\\u70ba\\u4e86\\u7a2e\\u690d\\u54ea\\u4e00\\u7a2e\\u7d93\\u6fdf\\u4f5c\\u7269\\uff1f\", \"id\": 1, \"options\": [{\"label\": \"\\u76f8\\u601d\\u6a39\", \"id\": 1}, {\"label\": \"\\u68d5\\u6ada\\u6a39\", \"id\": 2}, {\"label\": \"\\u6a61\\u81a0\\u6a39\", \"id\": 3}, {\"label\": \"\\u6930\\u5b50\\u6a39\", \"id\": 4}], \"start\": \"0\", \"correct\": true, \"end\": \"5\", \"user_answer\": 2, \"answer\": [2]}, {\"type\": \"single\", \"content\": \"\\u674e\\u5947\\u82f1\\u6559\\u6388\\u8ac7\\u5230\\u5357\\u6975\\u7814\\u7a76\\u6700\\u5927\\u7684\\u6536\\u7a6b\\u9664\\u4e86\\u505a\\u7814\\u7a76\\u5916\\uff0c\\u6700\\u68d2\\u7684\\u4e8b\\u60c5\\u662f\\uff1f\", \"id\": 2, \"options\": [{\"label\": \"\\u89c0\\u8cde\\u661f\\u7a7a\", \"id\": 5}, {\"label\": \"\\u96ea\\u5730\\u98a8\\u60c5\", \"id\": 6}, {\"label\": \"\\u770b\\u5357\\u6975\\u7279\\u6709\\u52d5\\u7269\", \"id\": 7}, {\"label\": \"\\u6975\\u5149\\u7f8e\\u666f\", \"id\": 8}], \"start\": \"6\", \"correct\": true, \"end\": \"9\", \"user_answer\": 8, \"answer\": [8]}, {\"type\": \"single\", \"content\": \"\\u672c\\u96c6\\u300c\\u53f0\\u7063 special\\u300d\\u4ecb\\u7d39\\u7684\\u53f0\\u7063\\u7279\\u6709\\u7a2e\\u52d5\\u7269\\u662f\\u4ec0\\u9ebc\\uff1f\", \"id\": 3, \"options\": [{\"label\": \"\\u53f0\\u7063\\u9ed1\\u718a\", \"id\": 9}, {\"label\": \"\\u9ad8\\u5c71\\u767d\\u8179\\u9f20\", \"id\": 10}, {\"label\": \"\\u9ec3\\u5589\\u8c82\", \"id\": 11}, {\"label\": \"\\u68d5\\u80cc\\u4f2f\\u52de\", \"id\": 12}], \"start\": \"10\", \"correct\": true, \"end\": \"20\", \"user_answer\": 11, \"answer\": [11]}]');

-- --------------------------------------------------------

--
-- 資料表結構 `search_logs`
--

CREATE TABLE `search_logs` (
  `search_id` int(11) NOT NULL,
  `user` int(11) DEFAULT NULL,
  `search_text` varchar(64) DEFAULT NULL
) ENGINE=InnoDB DEFAULT CHARSET=utf8;

-- --------------------------------------------------------

--
-- 資料表結構 `search_selected_logs`
--

CREATE TABLE `search_selected_logs` (
  `search_selected_id` int(11) NOT NULL,
  `search_id` int(11) DEFAULT NULL,
  `audio` int(11) DEFAULT NULL
) ENGINE=InnoDB DEFAULT CHARSET=utf8;

-- --------------------------------------------------------

--
-- 資料表結構 `time_hot_play`
--

CREATE TABLE `time_hot_play` (
  `id` int(11) NOT NULL,
  `audio_id` int(11) DEFAULT NULL,
  `count` int(11) DEFAULT NULL,
  `time_zone` text
) ENGINE=InnoDB DEFAULT CHARSET=utf8;

--
-- 資料表的匯出資料 `time_hot_play`
--

INSERT INTO `time_hot_play` (`id`, `audio_id`, `count`, `time_zone`) VALUES
(1, 5, 0, 'morning'),
(2, 5, 122, 'afternoon'),
(3, 5, 36, 'evening'),
(4, 6, 0, 'morning'),
(5, 6, 9, 'afternoon'),
(6, 6, 5, 'evening'),
(7, 7, 0, 'morning'),
(8, 7, 15, 'afternoon'),
(9, 7, 3, 'evening'),
(10, 9, 0, 'morning'),
(11, 9, 5, 'afternoon'),
(12, 9, 13, 'evening'),
(13, 15, 0, 'morning'),
(14, 15, 0, 'afternoon'),
(15, 15, 1, 'evening');

-- --------------------------------------------------------

--
-- 資料表結構 `users`
--

CREATE TABLE `users` (
  `id` int(11) NOT NULL,
  `password` varchar(64) DEFAULT NULL,
  `account` varchar(64) DEFAULT NULL,
  `operation_ranks` varchar(64) DEFAULT NULL,
  `name` varchar(64) DEFAULT NULL,
  `FBuserID` varchar(255) DEFAULT NULL,
  `FBAccessToken` varchar(255) DEFAULT NULL,
  `GOOGLEuserID` varchar(255) DEFAULT NULL,
  `level` smallint(6) DEFAULT NULL,
  `most_use_time` varchar(64) DEFAULT NULL
) ENGINE=InnoDB DEFAULT CHARSET=utf8;

--
-- 資料表的匯出資料 `users`
--

INSERT INTO `users` (`id`, `password`, `account`, `operation_ranks`, `name`, `FBuserID`, `FBAccessToken`, `GOOGLEuserID`, `level`, `most_use_time`) VALUES
(1, '03ac674216f3e15c761ee1a5e255f067953623c8b388b4459e13f978d7c846f4', 'admin', '15,7,5,5,5', 'admin', NULL, NULL, '', 1, 'evening'),
(2, '2625e7fc7a78239d966f41ebc6b264863bcb7e5fe097e1d079f948d3174d170e', 'newMember', NULL, 'newMember', NULL, NULL, '', 0, 'evening'),
(3, 'ca978112ca1bbdcafac231b39a23dc4da786eff8147c4e72b9807785afee48bb', 'a', NULL, 'a', NULL, NULL, '', 0, 'evening'),
(4, 'cb44d3e9d12b8bb4b33c2e09a27e05126589d6a36dee2c6e5e2991e6b3076365', 'neradmin01', NULL, 'neradmin01', NULL, NULL, '', 1, 'evening'),
(5, 'c9ab397a88d330156f50bd3e46b92de084f51fcde9787d9b8bc8b3e86b247d67', 'neradmin02', NULL, 'neradmin02', NULL, NULL, '', 1, 'evening'),
(6, 'c316e7b72fa3e5daca6e32643a1cee81ec6773b4101c9ed7a794b93489af88f5', 'neradmin03', NULL, 'neradmin03', NULL, NULL, '', 1, 'afternoon'),
(7, '977188b28af0b809691985a824058fd793fa46c71bb3be70b3603a68d7e466d6', 'neradmin04', NULL, 'neradmin04', NULL, NULL, '', 1, 'evening'),
(8, '4f37f1e6a7f5c29adba5b9c9c5ddd8da1101b766171ce1ee9ab92662cee603ff', 'neradmin05', NULL, 'neradmin05', NULL, NULL, '', 1, 'evening'),
(9, '4c1cd907325f7adfce573935e4620b1e6adcb29a33f09a9004425219c2e860b2', 'yhtsai', NULL, 'yhtsai', NULL, NULL, '', 0, 'evening'),
(10, '3befe401e5f644ed5de993efa67cbc22a83adfb7b75451b004f42a2d7054fed0', 'ner', NULL, 'NER', NULL, NULL, '', 1, 'evening'),
(11, 'f8eef501eb5f08c0a577f1bd92cd9b872bd0a246714755ce716bfc6569720054', 'lalapie', NULL, 'lalapie', NULL, NULL, '', 0, 'evening'),
(12, '0b14d501a594442a01c6859541bcb3e8164d183d32937b851835442f69d5c94e', 'username1', NULL, 'newUserID', NULL, NULL, '', 0, 'evening'),
(13, 'e6c3da5b206634d7f3f3586d747ffdb36b5c675757b380c6a5fe5c570c714349', 'user1', NULL, 'userID', NULL, NULL, '', 0, 'evening'),
(15, '5e884898da28047151d0e56f8dc6292773603d0d6aabbdd62a11ef721d1542d8', 'username_1', NULL, 'userid_1', NULL, NULL, '', 0, 'evening'),
(16, '5e884898da28047151d0e56f8dc6292773603d0d6aabbdd62a11ef721d1542d8', 'username2', NULL, 'userID2', NULL, NULL, '', 0, 'evening'),
(17, '5e884898da28047151d0e56f8dc6292773603d0d6aabbdd62a11ef721d1542d8', 'uName1', NULL, 'uID1', NULL, NULL, '', 0, 'evening'),
(18, '96b8c73aa9d2bc0c4020c2f26687c4c014d01534fb83a6460a1d8d71c9af106c', 'test001', NULL, 'test001', NULL, NULL, '', 0, 'evening'),
(19, 'ba7816bf8f01cfea414140de5dae2223b00361a396177a9cb410ff61f20015ad', 'abc', NULL, '100', NULL, NULL, '', 0, 'evening'),
(20, '03ac674216f3e15c761ee1a5e255f067953623c8b388b4459e13f978d7c846f4', 'test123', NULL, 'test', NULL, NULL, '', 0, 'evening'),
(21, '83c18e8745388ace22077d9fc9739897c7c22ee1b936f39ad4996a42ca8bae3a', 'samantha', NULL, 'samantha', NULL, NULL, '', 0, 'evening'),
(22, '03ac674216f3e15c761ee1a5e255f067953623c8b388b4459e13f978d7c846f4', 'kktest', NULL, 'KKTest', NULL, NULL, '', 0, 'evening'),
(23, '03ac674216f3e15c761ee1a5e255f067953623c8b388b4459e13f978d7c846f4', 'test2255', NULL, 'Test2255', NULL, NULL, '', 0, 'evening'),
(24, '88a2002f1d7630b81a989ca6662f4248faa8ff43eb423d9d47fbaedef3d60db9', 'wirl', NULL, '888', NULL, NULL, '', 0, 'evening'),
(25, '03ac674216f3e15c761ee1a5e255f067953623c8b388b4459e13f978d7c846f4', 'yytest', NULL, 'YYTest', NULL, NULL, '', 0, 'evening'),
(26, '03ac674216f3e15c761ee1a5e255f067953623c8b388b4459e13f978d7c846f4', 'bee', NULL, 'honey', NULL, NULL, '', 0, 'evening'),
(27, '60013c5d60721571ab32314832cfe95d7d9fdcc59deec08d3a83e2044214925d', 'ryan', NULL, 'Ryan Wang', NULL, NULL, '', 0, 'evening'),
(28, '03ac674216f3e15c761ee1a5e255f067953623c8b388b4459e13f978d7c846f4', 'fftest', NULL, 'FFtest', NULL, NULL, '', 0, 'evening'),
(32, NULL, 'nermoocs@gmail.com', NULL, 'ner moocs', NULL, NULL, '101446316911707205654', 123, 'afternoon'),
(124, NULL, 'lujessie950410@gmail.com', NULL, 'Jessie Lu', NULL, NULL, '116697453666342767735', 123, 'afternoon'),
(125, NULL, '盧家馨@facebook.com', NULL, '盧家馨', '2014952461853096', 'EAACZBy3yAgmABABVKZCmV2nIoqL5Ro5NjZATwqrQ3ETpBVz7DKYBzKNM69Mf25Nnvn7hZArtGmeishpV4ZA80kTD2W1mx4yudua0Fk7byQzZAoHU34FOddhaceuj8ePpYQQQ4xhZBE7iw9dwtb4p8IMHJJ16R4U42EGZAXEIlpWZAh9b9pWBsXtKJtiYxYgJmeOPZCzAdbHwnq6gZDZD', NULL, 123, 'afternoon');

--
-- 已匯出資料表的索引
--

--
-- 資料表索引 `audio`
--
ALTER TABLE `audio`
  ADD PRIMARY KEY (`audio_id`),
  ADD KEY `audio_channel` (`audio_channel`);

--
-- 資料表索引 `category`
--
ALTER TABLE `category`
  ADD PRIMARY KEY (`category_id`);

--
-- 資料表索引 `channel`
--
ALTER TABLE `channel`
  ADD PRIMARY KEY (`channel_id`),
  ADD KEY `channel_category` (`channel_category`);

--
-- 資料表索引 `hot_play`
--
ALTER TABLE `hot_play`
  ADD PRIMARY KEY (`audio_id`);

--
-- 資料表索引 `keywords_table`
--
ALTER TABLE `keywords_table`
  ADD PRIMARY KEY (`keywords_id`);

--
-- 資料表索引 `keyword_logs`
--
ALTER TABLE `keyword_logs`
  ADD PRIMARY KEY (`keyword_log_id`),
  ADD KEY `user` (`user`);

--
-- 資料表索引 `operation_logs`
--
ALTER TABLE `operation_logs`
  ADD PRIMARY KEY (`operation_log_id`),
  ADD KEY `play_log` (`play_log`);

--
-- 資料表索引 `play_logs`
--
ALTER TABLE `play_logs`
  ADD PRIMARY KEY (`play_log_id`),
  ADD KEY `audio` (`audio`),
  ADD KEY `user` (`user`);

--
-- 資料表索引 `records`
--
ALTER TABLE `records`
  ADD PRIMARY KEY (`record_id`),
  ADD KEY `audio_id` (`audio_id`),
  ADD KEY `user_id` (`user_id`);

--
-- 資料表索引 `search_logs`
--
ALTER TABLE `search_logs`
  ADD PRIMARY KEY (`search_id`),
  ADD KEY `user` (`user`);

--
-- 資料表索引 `search_selected_logs`
--
ALTER TABLE `search_selected_logs`
  ADD PRIMARY KEY (`search_selected_id`),
  ADD KEY `search_id` (`search_id`),
  ADD KEY `audio` (`audio`);

--
-- 資料表索引 `time_hot_play`
--
ALTER TABLE `time_hot_play`
  ADD PRIMARY KEY (`id`),
  ADD KEY `audio_id` (`audio_id`);

--
-- 資料表索引 `users`
--
ALTER TABLE `users`
  ADD PRIMARY KEY (`id`),
  ADD UNIQUE KEY `account` (`account`);

--
-- 在匯出的資料表使用 AUTO_INCREMENT
--

--
-- 使用資料表 AUTO_INCREMENT `audio`
--
ALTER TABLE `audio`
  MODIFY `audio_id` int(11) NOT NULL AUTO_INCREMENT, AUTO_INCREMENT=21;

--
-- 使用資料表 AUTO_INCREMENT `category`
--
ALTER TABLE `category`
  MODIFY `category_id` int(11) NOT NULL AUTO_INCREMENT, AUTO_INCREMENT=8;

--
-- 使用資料表 AUTO_INCREMENT `channel`
--
ALTER TABLE `channel`
  MODIFY `channel_id` int(11) NOT NULL AUTO_INCREMENT, AUTO_INCREMENT=20;

--
-- 使用資料表 AUTO_INCREMENT `hot_play`
--
ALTER TABLE `hot_play`
  MODIFY `audio_id` int(11) NOT NULL AUTO_INCREMENT, AUTO_INCREMENT=16;

--
-- 使用資料表 AUTO_INCREMENT `keywords_table`
--
ALTER TABLE `keywords_table`
  MODIFY `keywords_id` int(11) NOT NULL AUTO_INCREMENT, AUTO_INCREMENT=9901;

--
-- 使用資料表 AUTO_INCREMENT `keyword_logs`
--
ALTER TABLE `keyword_logs`
  MODIFY `keyword_log_id` int(11) NOT NULL AUTO_INCREMENT;

--
-- 使用資料表 AUTO_INCREMENT `operation_logs`
--
ALTER TABLE `operation_logs`
  MODIFY `operation_log_id` int(11) NOT NULL AUTO_INCREMENT, AUTO_INCREMENT=165;

--
-- 使用資料表 AUTO_INCREMENT `play_logs`
--
ALTER TABLE `play_logs`
  MODIFY `play_log_id` int(11) NOT NULL AUTO_INCREMENT, AUTO_INCREMENT=411;

--
-- 使用資料表 AUTO_INCREMENT `records`
--
ALTER TABLE `records`
  MODIFY `record_id` int(11) NOT NULL AUTO_INCREMENT, AUTO_INCREMENT=11;

--
-- 使用資料表 AUTO_INCREMENT `search_logs`
--
ALTER TABLE `search_logs`
  MODIFY `search_id` int(11) NOT NULL AUTO_INCREMENT;

--
-- 使用資料表 AUTO_INCREMENT `search_selected_logs`
--
ALTER TABLE `search_selected_logs`
  MODIFY `search_selected_id` int(11) NOT NULL AUTO_INCREMENT;

--
-- 使用資料表 AUTO_INCREMENT `time_hot_play`
--
ALTER TABLE `time_hot_play`
  MODIFY `id` int(11) NOT NULL AUTO_INCREMENT, AUTO_INCREMENT=16;

--
-- 使用資料表 AUTO_INCREMENT `users`
--
ALTER TABLE `users`
  MODIFY `id` int(11) NOT NULL AUTO_INCREMENT, AUTO_INCREMENT=126;

--
-- 已匯出資料表的限制(Constraint)
--

--
-- 資料表的 Constraints `audio`
--
ALTER TABLE `audio`
  ADD CONSTRAINT `audio_ibfk_1` FOREIGN KEY (`audio_channel`) REFERENCES `channel` (`channel_id`);

--
-- 資料表的 Constraints `channel`
--
ALTER TABLE `channel`
  ADD CONSTRAINT `channel_ibfk_1` FOREIGN KEY (`channel_category`) REFERENCES `category` (`category_id`);

--
-- 資料表的 Constraints `keyword_logs`
--
ALTER TABLE `keyword_logs`
  ADD CONSTRAINT `keyword_logs_ibfk_1` FOREIGN KEY (`user`) REFERENCES `users` (`id`) ON DELETE CASCADE;

--
-- 資料表的 Constraints `operation_logs`
--
ALTER TABLE `operation_logs`
  ADD CONSTRAINT `operation_logs_ibfk_1` FOREIGN KEY (`play_log`) REFERENCES `play_logs` (`play_log_id`) ON DELETE CASCADE;

--
-- 資料表的 Constraints `play_logs`
--
ALTER TABLE `play_logs`
  ADD CONSTRAINT `play_logs_ibfk_1` FOREIGN KEY (`audio`) REFERENCES `audio` (`audio_id`),
  ADD CONSTRAINT `play_logs_ibfk_2` FOREIGN KEY (`user`) REFERENCES `users` (`id`) ON DELETE CASCADE;

--
-- 資料表的 Constraints `records`
--
ALTER TABLE `records`
  ADD CONSTRAINT `records_ibfk_1` FOREIGN KEY (`audio_id`) REFERENCES `audio` (`audio_id`),
  ADD CONSTRAINT `records_ibfk_2` FOREIGN KEY (`user_id`) REFERENCES `users` (`id`) ON DELETE CASCADE;

--
-- 資料表的 Constraints `search_logs`
--
ALTER TABLE `search_logs`
  ADD CONSTRAINT `search_logs_ibfk_1` FOREIGN KEY (`user`) REFERENCES `users` (`id`) ON DELETE CASCADE;

--
-- 資料表的 Constraints `search_selected_logs`
--
ALTER TABLE `search_selected_logs`
  ADD CONSTRAINT `search_selected_logs_ibfk_1` FOREIGN KEY (`search_id`) REFERENCES `search_logs` (`search_id`),
  ADD CONSTRAINT `search_selected_logs_ibfk_2` FOREIGN KEY (`audio`) REFERENCES `audio` (`audio_id`);

--
-- 資料表的 Constraints `time_hot_play`
--
ALTER TABLE `time_hot_play`
  ADD CONSTRAINT `time_hot_play_ibfk_1` FOREIGN KEY (`audio_id`) REFERENCES `audio` (`audio_id`);
COMMIT;

/*!40101 SET CHARACTER_SET_CLIENT=@OLD_CHARACTER_SET_CLIENT */;
/*!40101 SET CHARACTER_SET_RESULTS=@OLD_CHARACTER_SET_RESULTS */;
/*!40101 SET COLLATION_CONNECTION=@OLD_COLLATION_CONNECTION */;
